callsign,event,event_date
G7DMN,reissued,2010-01-22
G8KW,reissued,2010-02-16
G0WAB,reissued,2010-03-03
G3NDO,reissued,2010-03-04
G7FUV,reissued,2010-03-23
G3ZPS,reissued,2010-05-19 23:00:00
G0TII,reissued,2010-06-06 23:00:00
G4YIF,reissued,2010-08-24 23:00:00
G6MNM,reissued,2010-09-28 23:00:00
G8RW,reissued,2010-11-09
G7KGR,reissued,2010-12-09
G3WA,reissued,2010-12-13
M0GSK,reissued,2011-01-05
G2DXU,reissued,2011-01-06
G7BZY,reissued,2011-02-14
G0ALI,reissued,2011-02-23
G8YOJ,reissued,2011-02-24
G0OZO,reissued,2011-03-02
G4AQV,reissued,2011-03-04
G1UGJ,reissued,2011-03-28 23:00:00
M0GXQ,reissued,2011-05-16 23:00:00
G3UK,reissued,2011-05-30 23:00:00
G4CTS,reissued,2011-05-30 23:00:00
M1EKT,reissued,2011-05-31 23:00:00
G4SXA,reissued,2011-06-20 23:00:00
G8HNB,reissued,2011-06-23 23:00:00
M0JRE,reissued,2011-06-27 23:00:00
G0IZR,reissued,2011-08-03 23:00:00
G0LSE,reissued,2011-08-23 23:00:00
G3EBP,reissued,2011-08-23 23:00:00
G0HXY,reissued,2011-10-02 23:00:00
G7FIK,reissued,2011-10-03 23:00:00
G7MYR,reissued,2011-10-31
G0BBH,reissued,2011-11-30
M1MVX,reissued,2012-01-10
M0DUS,reissued,2012-02-06
G3XFA,reissued,2012-02-08
G3PIL,reissued,2012-02-15
G0HOR,reissued,2012-02-27
M0CUB,reissued,2012-03-02
M0ANP,reissued,2012-03-08
G1EYS,reissued,2012-03-29 23:00:00
G0SZS,reissued,2012-04-02 23:00:00
G8RZ,reissued,2012-05-08 23:00:00
M0BCN,reissued,2012-05-08 23:00:00
G3LYU,reissued,2012-07-03 23:00:00
G6HEF,reissued,2012-08-29 23:00:00
G6HFB,reissued,2012-08-29 23:00:00
G4EHZ,reissued,2012-09-18 23:00:00
G3KXF,reissued,2012-11-28
G8TLQ,reissued,2012-12-27
G3AWK,reissued,2012-12-28
M1ARZ,reissued,2013-01-07
G0IOK,reissued,2013-01-17
G6BD,reissued,2013-01-18
G0FAW,reissued,2013-01-25
G7TEF,reissued,2013-01-30
G0MIX,reissued,2013-03-08
G3REA,reissued,2013-03-08
G6LKW,reissued,2013-04-08 23:00:00
M0WEV,reissued,2013-04-25 23:00:00
G8GGY,reissued,2013-05-19 23:00:00
G0BKU,reissued,2013-05-21 23:00:00
G7DUY,reissued,2013-05-29 23:00:00
M0VZT,reissued,2013-05-30 23:00:00
G7BJJ,reissued,2013-06-19 23:00:00
G8ZEX,reissued,2013-06-27 23:00:00
G3TEP,reissued,2013-07-09 23:00:00
G7CBG,reissued,2013-07-16 23:00:00
G4PAA,reissued,2013-08-13 23:00:00
M0SKS,reissued,2013-11-07
G3HEH,reissued,2013-11-25
G4VXI,reissued,2014-01-03
G1LOP,reissued,2014-01-31
G0HFL,reissued,2014-03-05
G3JPJ,reissued,2014-03-05
G3ZUC,reissued,2014-04-27 23:00:00
G3PRN,reissued,2014-05-06 23:00:00
M0IDB,reissued,2014-05-13 23:00:00
G4YBI,reissued,2014-06-19 23:00:00
G0NDA,reissued,2014-07-13 23:00:00
G6TRD,reissued,2014-07-31 23:00:00
M1CWG,reissued,2014-08-10 23:00:00
G6NCN,reissued,2014-08-20 23:00:00
G3AGA,reissued,2014-10-28
G3TZH,reissued,2014-10-28
G7OSG,reissued,2014-12-17
G3YLJ,reissued,2014-12-29
G6LQG,reissued,2015-01-26
G2HFR,reissued,2015-02-26
G0WFG,reissued,2015-03-16
M0LUD,reissued,2015-03-23
G7EQU,reissued,2015-03-27
G3GGL,reissued,2015-04-28 23:00:00
G7CEB,reissued,2015-06-25 23:00:00
G7HTN,reissued,2015-06-25 23:00:00
G0CCA,reissued,2015-07-28 23:00:00
G4IBW,reissued,2015-10-26
G6DJI,reissued,2015-10-27
G3LHU,reissued,2015-11-04
M1BEY,reissued,2015-11-13
G7MYO,reissued,2015-12-09
G1VJY,reissued,2016-01-08
G1ESV,reissued,2016-02-03
G4LVV,reissued,2016-02-09
G6YGB,reissued,2016-02-16
G1LRN,reissued,2016-03-09
G7NHD,reissued,2016-03-22
G7SKJ,reissued,2016-04-04 23:00:00
G7IHA,reissued,2016-04-12 23:00:00
M5IAN,reissued,2016-04-13 23:00:00
M1BLX,reissued,2016-05-05 23:00:00
G0AVH,reissued,2016-06-01 23:00:00
