suffix,category,epistemics,source
ADS,itu-operational-abbreviation,sourced,ofcom-foi-337399
CFM,itu-operational-abbreviation,sourced,ofcom-foi-337399
COL,itu-operational-abbreviation,sourced,ofcom-foi-337399
DSC,itu-operational-abbreviation,sourced,ofcom-foi-337399
ETA,itu-operational-abbreviation,sourced,ofcom-foi-337399
KTS,itu-operational-abbreviation,sourced,ofcom-foi-337399
MIN,itu-operational-abbreviation,sourced,ofcom-foi-337399
MSG,itu-operational-abbreviation,sourced,ofcom-foi-337399
MSI,itu-operational-abbreviation,sourced,ofcom-foi-337399
NIL,itu-operational-abbreviation,sourced,ofcom-foi-337399
PBL,itu-operational-abbreviation,sourced,ofcom-foi-337399
PSE,itu-operational-abbreviation,sourced,ofcom-foi-337399
QAA,itu-q-code,sourced,ofcom-foi-337399
QAB,itu-q-code,sourced,ofcom-foi-337399
QAC,itu-q-code,sourced,ofcom-foi-337399
QAD,itu-q-code,sourced,ofcom-foi-337399
QAE,itu-q-code,sourced,ofcom-foi-337399
QAF,itu-q-code,sourced,ofcom-foi-337399
QAG,itu-q-code,sourced,ofcom-foi-337399
QAH,itu-q-code,sourced,ofcom-foi-337399
QAI,itu-q-code,sourced,ofcom-foi-337399
QAJ,itu-q-code,sourced,ofcom-foi-337399
QAK,itu-q-code,sourced,ofcom-foi-337399
QAL,itu-q-code,sourced,ofcom-foi-337399
QAM,itu-q-code,sourced,ofcom-foi-337399
QAN,itu-q-code,sourced,ofcom-foi-337399
QAO,itu-q-code,sourced,ofcom-foi-337399
QAP,itu-q-code,sourced,ofcom-foi-337399
QAQ,itu-q-code,sourced,ofcom-foi-337399
QAR,itu-q-code,sourced,ofcom-foi-337399
QAS,itu-q-code,sourced,ofcom-foi-337399
QAT,itu-q-code,sourced,ofcom-foi-337399
QAU,itu-q-code,sourced,ofcom-foi-337399
QAV,itu-q-code,sourced,ofcom-foi-337399
QAW,itu-q-code,sourced,ofcom-foi-337399
QAX,itu-q-code,sourced,ofcom-foi-337399
QAY,itu-q-code,sourced,ofcom-foi-337399
QAZ,itu-q-code,sourced,ofcom-foi-337399
QBA,itu-q-code,sourced,ofcom-foi-337399
QBB,itu-q-code,sourced,ofcom-foi-337399
QBC,itu-q-code,sourced,ofcom-foi-337399
QBD,itu-q-code,sourced,ofcom-foi-337399
QBE,itu-q-code,sourced,ofcom-foi-337399
QBF,itu-q-code,sourced,ofcom-foi-337399
QBG,itu-q-code,sourced,ofcom-foi-337399
QBH,itu-q-code,sourced,ofcom-foi-337399
QBI,itu-q-code,sourced,ofcom-foi-337399
QBJ,itu-q-code,sourced,ofcom-foi-337399
QBK,itu-q-code,sourced,ofcom-foi-337399
QBL,itu-q-code,sourced,ofcom-foi-337399
QBM,itu-q-code,sourced,ofcom-foi-337399
QBN,itu-q-code,sourced,ofcom-foi-337399
QBO,itu-q-code,sourced,ofcom-foi-337399
QBP,itu-q-code,sourced,ofcom-foi-337399
QBQ,itu-q-code,sourced,ofcom-foi-337399
QBR,itu-q-code,sourced,ofcom-foi-337399
QBS,itu-q-code,sourced,ofcom-foi-337399
QBT,itu-q-code,sourced,ofcom-foi-337399
QBU,itu-q-code,sourced,ofcom-foi-337399
QBV,itu-q-code,sourced,ofcom-foi-337399
QBW,itu-q-code,sourced,ofcom-foi-337399
QBX,itu-q-code,sourced,ofcom-foi-337399
QBY,itu-q-code,sourced,ofcom-foi-337399
QBZ,itu-q-code,sourced,ofcom-foi-337399
QCA,itu-q-code,sourced,ofcom-foi-337399
QCB,itu-q-code,sourced,ofcom-foi-337399
QCC,itu-q-code,sourced,ofcom-foi-337399
QCD,itu-q-code,sourced,ofcom-foi-337399
QCE,itu-q-code,sourced,ofcom-foi-337399
QCF,itu-q-code,sourced,ofcom-foi-337399
QCG,itu-q-code,sourced,ofcom-foi-337399
QCH,itu-q-code,sourced,ofcom-foi-337399
QCI,itu-q-code,sourced,ofcom-foi-337399
QCJ,itu-q-code,sourced,ofcom-foi-337399
QCK,itu-q-code,sourced,ofcom-foi-337399
QCL,itu-q-code,sourced,ofcom-foi-337399
QCM,itu-q-code,sourced,ofcom-foi-337399
QCN,itu-q-code,sourced,ofcom-foi-337399
QCO,itu-q-code,sourced,ofcom-foi-337399
QCP,itu-q-code,sourced,ofcom-foi-337399
QCQ,itu-q-code,sourced,ofcom-foi-337399
QCR,itu-q-code,sourced,ofcom-foi-337399
QCS,itu-q-code,sourced,ofcom-foi-337399
QCT,itu-q-code,sourced,ofcom-foi-337399
QCU,itu-q-code,sourced,ofcom-foi-337399
QCV,itu-q-code,sourced,ofcom-foi-337399
QCW,itu-q-code,sourced,ofcom-foi-337399
QCX,itu-q-code,sourced,ofcom-foi-337399
QCY,itu-q-code,sourced,ofcom-foi-337399
QCZ,itu-q-code,sourced,ofcom-foi-337399
QDA,itu-q-code,sourced,ofcom-foi-337399
QDB,itu-q-code,sourced,ofcom-foi-337399
QDC,itu-q-code,sourced,ofcom-foi-337399
QDD,itu-q-code,sourced,ofcom-foi-337399
QDE,itu-q-code,sourced,ofcom-foi-337399
QDF,itu-q-code,sourced,ofcom-foi-337399
QDG,itu-q-code,sourced,ofcom-foi-337399
QDH,itu-q-code,sourced,ofcom-foi-337399
QDI,itu-q-code,sourced,ofcom-foi-337399
QDJ,itu-q-code,sourced,ofcom-foi-337399
QDK,itu-q-code,sourced,ofcom-foi-337399
QDL,itu-q-code,sourced,ofcom-foi-337399
QDM,itu-q-code,sourced,ofcom-foi-337399
QDN,itu-q-code,sourced,ofcom-foi-337399
QDO,itu-q-code,sourced,ofcom-foi-337399
QDP,itu-q-code,sourced,ofcom-foi-337399
QDQ,itu-q-code,sourced,ofcom-foi-337399
QDR,itu-q-code,sourced,ofcom-foi-337399
QDS,itu-q-code,sourced,ofcom-foi-337399
QDT,itu-q-code,sourced,ofcom-foi-337399
QDU,itu-q-code,sourced,ofcom-foi-337399
QDV,itu-q-code,sourced,ofcom-foi-337399
QDW,itu-q-code,sourced,ofcom-foi-337399
QDX,itu-q-code,sourced,ofcom-foi-337399
QDY,itu-q-code,sourced,ofcom-foi-337399
QDZ,itu-q-code,sourced,ofcom-foi-337399
QEA,itu-q-code,sourced,ofcom-foi-337399
QEB,itu-q-code,sourced,ofcom-foi-337399
QEC,itu-q-code,sourced,ofcom-foi-337399
QED,itu-q-code,sourced,ofcom-foi-337399
QEE,itu-q-code,sourced,ofcom-foi-337399
QEF,itu-q-code,sourced,ofcom-foi-337399
QEG,itu-q-code,sourced,ofcom-foi-337399
QEH,itu-q-code,sourced,ofcom-foi-337399
QEI,itu-q-code,sourced,ofcom-foi-337399
QEJ,itu-q-code,sourced,ofcom-foi-337399
QEK,itu-q-code,sourced,ofcom-foi-337399
QEL,itu-q-code,sourced,ofcom-foi-337399
QEM,itu-q-code,sourced,ofcom-foi-337399
QEN,itu-q-code,sourced,ofcom-foi-337399
QEO,itu-q-code,sourced,ofcom-foi-337399
QEP,itu-q-code,sourced,ofcom-foi-337399
QEQ,itu-q-code,sourced,ofcom-foi-337399
QER,itu-q-code,sourced,ofcom-foi-337399
QES,itu-q-code,sourced,ofcom-foi-337399
QET,itu-q-code,sourced,ofcom-foi-337399
QEU,itu-q-code,sourced,ofcom-foi-337399
QEV,itu-q-code,sourced,ofcom-foi-337399
QEW,itu-q-code,sourced,ofcom-foi-337399
QEX,itu-q-code,sourced,ofcom-foi-337399
QEY,itu-q-code,sourced,ofcom-foi-337399
QEZ,itu-q-code,sourced,ofcom-foi-337399
QFA,itu-q-code,sourced,ofcom-foi-337399
QFB,itu-q-code,sourced,ofcom-foi-337399
QFC,itu-q-code,sourced,ofcom-foi-337399
QFD,itu-q-code,sourced,ofcom-foi-337399
QFE,itu-q-code,sourced,ofcom-foi-337399
QFF,itu-q-code,sourced,ofcom-foi-337399
QFG,itu-q-code,sourced,ofcom-foi-337399
QFH,itu-q-code,sourced,ofcom-foi-337399
QFI,itu-q-code,sourced,ofcom-foi-337399
QFJ,itu-q-code,sourced,ofcom-foi-337399
QFK,itu-q-code,sourced,ofcom-foi-337399
QFL,itu-q-code,sourced,ofcom-foi-337399
QFM,itu-q-code,sourced,ofcom-foi-337399
QFN,itu-q-code,sourced,ofcom-foi-337399
QFO,itu-q-code,sourced,ofcom-foi-337399
QFP,itu-q-code,sourced,ofcom-foi-337399
QFQ,itu-q-code,sourced,ofcom-foi-337399
QFR,itu-q-code,sourced,ofcom-foi-337399
QFS,itu-q-code,sourced,ofcom-foi-337399
QFT,itu-q-code,sourced,ofcom-foi-337399
QFU,itu-q-code,sourced,ofcom-foi-337399
QFV,itu-q-code,sourced,ofcom-foi-337399
QFW,itu-q-code,sourced,ofcom-foi-337399
QFX,itu-q-code,sourced,ofcom-foi-337399
QFY,itu-q-code,sourced,ofcom-foi-337399
QFZ,itu-q-code,sourced,ofcom-foi-337399
QGA,itu-q-code,sourced,ofcom-foi-337399
QGB,itu-q-code,sourced,ofcom-foi-337399
QGC,itu-q-code,sourced,ofcom-foi-337399
QGD,itu-q-code,sourced,ofcom-foi-337399
QGE,itu-q-code,sourced,ofcom-foi-337399
QGF,itu-q-code,sourced,ofcom-foi-337399
QGG,itu-q-code,sourced,ofcom-foi-337399
QGH,itu-q-code,sourced,ofcom-foi-337399
QGI,itu-q-code,sourced,ofcom-foi-337399
QGJ,itu-q-code,sourced,ofcom-foi-337399
QGK,itu-q-code,sourced,ofcom-foi-337399
QGL,itu-q-code,sourced,ofcom-foi-337399
QGM,itu-q-code,sourced,ofcom-foi-337399
QGN,itu-q-code,sourced,ofcom-foi-337399
QGO,itu-q-code,sourced,ofcom-foi-337399
QGP,itu-q-code,sourced,ofcom-foi-337399
QGQ,itu-q-code,sourced,ofcom-foi-337399
QGR,itu-q-code,sourced,ofcom-foi-337399
QGS,itu-q-code,sourced,ofcom-foi-337399
QGT,itu-q-code,sourced,ofcom-foi-337399
QGU,itu-q-code,sourced,ofcom-foi-337399
QGV,itu-q-code,sourced,ofcom-foi-337399
QGW,itu-q-code,sourced,ofcom-foi-337399
QGX,itu-q-code,sourced,ofcom-foi-337399
QGY,itu-q-code,sourced,ofcom-foi-337399
QGZ,itu-q-code,sourced,ofcom-foi-337399
QHA,itu-q-code,sourced,ofcom-foi-337399
QHB,itu-q-code,sourced,ofcom-foi-337399
QHC,itu-q-code,sourced,ofcom-foi-337399
QHD,itu-q-code,sourced,ofcom-foi-337399
QHE,itu-q-code,sourced,ofcom-foi-337399
QHF,itu-q-code,sourced,ofcom-foi-337399
QHG,itu-q-code,sourced,ofcom-foi-337399
QHH,itu-q-code,sourced,ofcom-foi-337399
QHI,itu-q-code,sourced,ofcom-foi-337399
QHJ,itu-q-code,sourced,ofcom-foi-337399
QHK,itu-q-code,sourced,ofcom-foi-337399
QHL,itu-q-code,sourced,ofcom-foi-337399
QHM,itu-q-code,sourced,ofcom-foi-337399
QHN,itu-q-code,sourced,ofcom-foi-337399
QHO,itu-q-code,sourced,ofcom-foi-337399
QHP,itu-q-code,sourced,ofcom-foi-337399
QHQ,itu-q-code,sourced,ofcom-foi-337399
QHR,itu-q-code,sourced,ofcom-foi-337399
QHS,itu-q-code,sourced,ofcom-foi-337399
QHT,itu-q-code,sourced,ofcom-foi-337399
QHU,itu-q-code,sourced,ofcom-foi-337399
QHV,itu-q-code,sourced,ofcom-foi-337399
QHW,itu-q-code,sourced,ofcom-foi-337399
QHX,itu-q-code,sourced,ofcom-foi-337399
QHY,itu-q-code,sourced,ofcom-foi-337399
QHZ,itu-q-code,sourced,ofcom-foi-337399
QIA,itu-q-code,sourced,ofcom-foi-337399
QIB,itu-q-code,sourced,ofcom-foi-337399
QIC,itu-q-code,sourced,ofcom-foi-337399
QID,itu-q-code,sourced,ofcom-foi-337399
QIE,itu-q-code,sourced,ofcom-foi-337399
QIF,itu-q-code,sourced,ofcom-foi-337399
QIG,itu-q-code,sourced,ofcom-foi-337399
QIH,itu-q-code,sourced,ofcom-foi-337399
QII,itu-q-code,sourced,ofcom-foi-337399
QIJ,itu-q-code,sourced,ofcom-foi-337399
QIK,itu-q-code,sourced,ofcom-foi-337399
QIL,itu-q-code,sourced,ofcom-foi-337399
QIM,itu-q-code,sourced,ofcom-foi-337399
QIN,itu-q-code,sourced,ofcom-foi-337399
QIO,itu-q-code,sourced,ofcom-foi-337399
QIP,itu-q-code,sourced,ofcom-foi-337399
QIQ,itu-q-code,sourced,ofcom-foi-337399
QIR,itu-q-code,sourced,ofcom-foi-337399
QIS,itu-q-code,sourced,ofcom-foi-337399
QIT,itu-q-code,sourced,ofcom-foi-337399
QIU,itu-q-code,sourced,ofcom-foi-337399
QIV,itu-q-code,sourced,ofcom-foi-337399
QIW,itu-q-code,sourced,ofcom-foi-337399
QIX,itu-q-code,sourced,ofcom-foi-337399
QIY,itu-q-code,sourced,ofcom-foi-337399
QIZ,itu-q-code,sourced,ofcom-foi-337399
QJA,itu-q-code,sourced,ofcom-foi-337399
QJB,itu-q-code,sourced,ofcom-foi-337399
QJC,itu-q-code,sourced,ofcom-foi-337399
QJD,itu-q-code,sourced,ofcom-foi-337399
QJE,itu-q-code,sourced,ofcom-foi-337399
QJF,itu-q-code,sourced,ofcom-foi-337399
QJG,itu-q-code,sourced,ofcom-foi-337399
QJH,itu-q-code,sourced,ofcom-foi-337399
QJI,itu-q-code,sourced,ofcom-foi-337399
QJJ,itu-q-code,sourced,ofcom-foi-337399
QJK,itu-q-code,sourced,ofcom-foi-337399
QJL,itu-q-code,sourced,ofcom-foi-337399
QJM,itu-q-code,sourced,ofcom-foi-337399
QJN,itu-q-code,sourced,ofcom-foi-337399
QJO,itu-q-code,sourced,ofcom-foi-337399
QJP,itu-q-code,sourced,ofcom-foi-337399
QJQ,itu-q-code,sourced,ofcom-foi-337399
QJR,itu-q-code,sourced,ofcom-foi-337399
QJS,itu-q-code,sourced,ofcom-foi-337399
QJT,itu-q-code,sourced,ofcom-foi-337399
QJU,itu-q-code,sourced,ofcom-foi-337399
QJV,itu-q-code,sourced,ofcom-foi-337399
QJW,itu-q-code,sourced,ofcom-foi-337399
QJX,itu-q-code,sourced,ofcom-foi-337399
QJY,itu-q-code,sourced,ofcom-foi-337399
QJZ,itu-q-code,sourced,ofcom-foi-337399
QKA,itu-q-code,sourced,ofcom-foi-337399
QKB,itu-q-code,sourced,ofcom-foi-337399
QKC,itu-q-code,sourced,ofcom-foi-337399
QKD,itu-q-code,sourced,ofcom-foi-337399
QKE,itu-q-code,sourced,ofcom-foi-337399
QKF,itu-q-code,sourced,ofcom-foi-337399
QKG,itu-q-code,sourced,ofcom-foi-337399
QKH,itu-q-code,sourced,ofcom-foi-337399
QKI,itu-q-code,sourced,ofcom-foi-337399
QKJ,itu-q-code,sourced,ofcom-foi-337399
QKK,itu-q-code,sourced,ofcom-foi-337399
QKL,itu-q-code,sourced,ofcom-foi-337399
QKM,itu-q-code,sourced,ofcom-foi-337399
QKN,itu-q-code,sourced,ofcom-foi-337399
QKO,itu-q-code,sourced,ofcom-foi-337399
QKP,itu-q-code,sourced,ofcom-foi-337399
QKQ,itu-q-code,sourced,ofcom-foi-337399
QKR,itu-q-code,sourced,ofcom-foi-337399
QKS,itu-q-code,sourced,ofcom-foi-337399
QKT,itu-q-code,sourced,ofcom-foi-337399
QKU,itu-q-code,sourced,ofcom-foi-337399
QKV,itu-q-code,sourced,ofcom-foi-337399
QKW,itu-q-code,sourced,ofcom-foi-337399
QKX,itu-q-code,sourced,ofcom-foi-337399
QKY,itu-q-code,sourced,ofcom-foi-337399
QKZ,itu-q-code,sourced,ofcom-foi-337399
QLA,itu-q-code,sourced,ofcom-foi-337399
QLB,itu-q-code,sourced,ofcom-foi-337399
QLC,itu-q-code,sourced,ofcom-foi-337399
QLD,itu-q-code,sourced,ofcom-foi-337399
QLE,itu-q-code,sourced,ofcom-foi-337399
QLF,itu-q-code,sourced,ofcom-foi-337399
QLG,itu-q-code,sourced,ofcom-foi-337399
QLH,itu-q-code,sourced,ofcom-foi-337399
QLI,itu-q-code,sourced,ofcom-foi-337399
QLJ,itu-q-code,sourced,ofcom-foi-337399
QLK,itu-q-code,sourced,ofcom-foi-337399
QLL,itu-q-code,sourced,ofcom-foi-337399
QLM,itu-q-code,sourced,ofcom-foi-337399
QLN,itu-q-code,sourced,ofcom-foi-337399
QLO,itu-q-code,sourced,ofcom-foi-337399
QLP,itu-q-code,sourced,ofcom-foi-337399
QLQ,itu-q-code,sourced,ofcom-foi-337399
QLR,itu-q-code,sourced,ofcom-foi-337399
QLS,itu-q-code,sourced,ofcom-foi-337399
QLT,itu-q-code,sourced,ofcom-foi-337399
QLU,itu-q-code,sourced,ofcom-foi-337399
QLV,itu-q-code,sourced,ofcom-foi-337399
QLW,itu-q-code,sourced,ofcom-foi-337399
QLX,itu-q-code,sourced,ofcom-foi-337399
QLY,itu-q-code,sourced,ofcom-foi-337399
QLZ,itu-q-code,sourced,ofcom-foi-337399
QMA,itu-q-code,sourced,ofcom-foi-337399
QMB,itu-q-code,sourced,ofcom-foi-337399
QMC,itu-q-code,sourced,ofcom-foi-337399
QMD,itu-q-code,sourced,ofcom-foi-337399
QME,itu-q-code,sourced,ofcom-foi-337399
QMF,itu-q-code,sourced,ofcom-foi-337399
QMG,itu-q-code,sourced,ofcom-foi-337399
QMH,itu-q-code,sourced,ofcom-foi-337399
QMI,itu-q-code,sourced,ofcom-foi-337399
QMJ,itu-q-code,sourced,ofcom-foi-337399
QMK,itu-q-code,sourced,ofcom-foi-337399
QML,itu-q-code,sourced,ofcom-foi-337399
QMM,itu-q-code,sourced,ofcom-foi-337399
QMN,itu-q-code,sourced,ofcom-foi-337399
QMO,itu-q-code,sourced,ofcom-foi-337399
QMP,itu-q-code,sourced,ofcom-foi-337399
QMQ,itu-q-code,sourced,ofcom-foi-337399
QMR,itu-q-code,sourced,ofcom-foi-337399
QMS,itu-q-code,sourced,ofcom-foi-337399
QMT,itu-q-code,sourced,ofcom-foi-337399
QMU,itu-q-code,sourced,ofcom-foi-337399
QMV,itu-q-code,sourced,ofcom-foi-337399
QMW,itu-q-code,sourced,ofcom-foi-337399
QMX,itu-q-code,sourced,ofcom-foi-337399
QMY,itu-q-code,sourced,ofcom-foi-337399
QMZ,itu-q-code,sourced,ofcom-foi-337399
QNA,itu-q-code,sourced,ofcom-foi-337399
QNB,itu-q-code,sourced,ofcom-foi-337399
QNC,itu-q-code,sourced,ofcom-foi-337399
QND,itu-q-code,sourced,ofcom-foi-337399
QNE,itu-q-code,sourced,ofcom-foi-337399
QNF,itu-q-code,sourced,ofcom-foi-337399
QNG,itu-q-code,sourced,ofcom-foi-337399
QNH,itu-q-code,sourced,ofcom-foi-337399
QNI,itu-q-code,sourced,ofcom-foi-337399
QNJ,itu-q-code,sourced,ofcom-foi-337399
QNK,itu-q-code,sourced,ofcom-foi-337399
QNL,itu-q-code,sourced,ofcom-foi-337399
QNM,itu-q-code,sourced,ofcom-foi-337399
QNN,itu-q-code,sourced,ofcom-foi-337399
QNO,itu-q-code,sourced,ofcom-foi-337399
QNP,itu-q-code,sourced,ofcom-foi-337399
QNQ,itu-q-code,sourced,ofcom-foi-337399
QNR,itu-q-code,sourced,ofcom-foi-337399
QNS,itu-q-code,sourced,ofcom-foi-337399
QNT,itu-q-code,sourced,ofcom-foi-337399
QNU,itu-q-code,sourced,ofcom-foi-337399
QNV,itu-q-code,sourced,ofcom-foi-337399
QNW,itu-q-code,sourced,ofcom-foi-337399
QNX,itu-q-code,sourced,ofcom-foi-337399
QNY,itu-q-code,sourced,ofcom-foi-337399
QNZ,itu-q-code,sourced,ofcom-foi-337399
QOA,itu-q-code,sourced,ofcom-foi-337399
QOB,itu-q-code,sourced,ofcom-foi-337399
QOC,itu-q-code,sourced,ofcom-foi-337399
QOD,itu-q-code,sourced,ofcom-foi-337399
QOE,itu-q-code,sourced,ofcom-foi-337399
QOF,itu-q-code,sourced,ofcom-foi-337399
QOG,itu-q-code,sourced,ofcom-foi-337399
QOH,itu-q-code,sourced,ofcom-foi-337399
QOI,itu-q-code,sourced,ofcom-foi-337399
QOJ,itu-q-code,sourced,ofcom-foi-337399
QOK,itu-q-code,sourced,ofcom-foi-337399
QOL,itu-q-code,sourced,ofcom-foi-337399
QOM,itu-q-code,sourced,ofcom-foi-337399
QON,itu-q-code,sourced,ofcom-foi-337399
QOO,itu-q-code,sourced,ofcom-foi-337399
QOP,itu-q-code,sourced,ofcom-foi-337399
QOQ,itu-q-code,sourced,ofcom-foi-337399
QOR,itu-q-code,sourced,ofcom-foi-337399
QOS,itu-q-code,sourced,ofcom-foi-337399
QOT,itu-q-code,sourced,ofcom-foi-337399
QOU,itu-q-code,sourced,ofcom-foi-337399
QOV,itu-q-code,sourced,ofcom-foi-337399
QOW,itu-q-code,sourced,ofcom-foi-337399
QOX,itu-q-code,sourced,ofcom-foi-337399
QOY,itu-q-code,sourced,ofcom-foi-337399
QOZ,itu-q-code,sourced,ofcom-foi-337399
QPA,itu-q-code,sourced,ofcom-foi-337399
QPB,itu-q-code,sourced,ofcom-foi-337399
QPC,itu-q-code,sourced,ofcom-foi-337399
QPD,itu-q-code,sourced,ofcom-foi-337399
QPE,itu-q-code,sourced,ofcom-foi-337399
QPF,itu-q-code,sourced,ofcom-foi-337399
QPG,itu-q-code,sourced,ofcom-foi-337399
QPH,itu-q-code,sourced,ofcom-foi-337399
QPI,itu-q-code,sourced,ofcom-foi-337399
QPJ,itu-q-code,sourced,ofcom-foi-337399
QPK,itu-q-code,sourced,ofcom-foi-337399
QPL,itu-q-code,sourced,ofcom-foi-337399
QPM,itu-q-code,sourced,ofcom-foi-337399
QPN,itu-q-code,sourced,ofcom-foi-337399
QPO,itu-q-code,sourced,ofcom-foi-337399
QPP,itu-q-code,sourced,ofcom-foi-337399
QPQ,itu-q-code,sourced,ofcom-foi-337399
QPR,itu-q-code,sourced,ofcom-foi-337399
QPS,itu-q-code,sourced,ofcom-foi-337399
QPT,itu-q-code,sourced,ofcom-foi-337399
QPU,itu-q-code,sourced,ofcom-foi-337399
QPV,itu-q-code,sourced,ofcom-foi-337399
QPW,itu-q-code,sourced,ofcom-foi-337399
QPX,itu-q-code,sourced,ofcom-foi-337399
QPY,itu-q-code,sourced,ofcom-foi-337399
QPZ,itu-q-code,sourced,ofcom-foi-337399
QQA,itu-q-code,sourced,ofcom-foi-337399
QQB,itu-q-code,sourced,ofcom-foi-337399
QQC,itu-q-code,sourced,ofcom-foi-337399
QQD,itu-q-code,sourced,ofcom-foi-337399
QQE,itu-q-code,sourced,ofcom-foi-337399
QQF,itu-q-code,sourced,ofcom-foi-337399
QQG,itu-q-code,sourced,ofcom-foi-337399
QQH,itu-q-code,sourced,ofcom-foi-337399
QQI,itu-q-code,sourced,ofcom-foi-337399
QQJ,itu-q-code,sourced,ofcom-foi-337399
QQK,itu-q-code,sourced,ofcom-foi-337399
QQL,itu-q-code,sourced,ofcom-foi-337399
QQM,itu-q-code,sourced,ofcom-foi-337399
QQN,itu-q-code,sourced,ofcom-foi-337399
QQO,itu-q-code,sourced,ofcom-foi-337399
QQP,itu-q-code,sourced,ofcom-foi-337399
QQQ,itu-q-code,sourced,ofcom-foi-337399
QQR,itu-q-code,sourced,ofcom-foi-337399
QQS,itu-q-code,sourced,ofcom-foi-337399
QQT,itu-q-code,sourced,ofcom-foi-337399
QQU,itu-q-code,sourced,ofcom-foi-337399
QQV,itu-q-code,sourced,ofcom-foi-337399
QQW,itu-q-code,sourced,ofcom-foi-337399
QQX,itu-q-code,sourced,ofcom-foi-337399
QQY,itu-q-code,sourced,ofcom-foi-337399
QQZ,itu-q-code,sourced,ofcom-foi-337399
QRA,itu-q-code,sourced,ofcom-foi-337399
QRB,itu-q-code,sourced,ofcom-foi-337399
QRC,itu-q-code,sourced,ofcom-foi-337399
QRD,itu-q-code,sourced,ofcom-foi-337399
QRE,itu-q-code,sourced,ofcom-foi-337399
QRF,itu-q-code,sourced,ofcom-foi-337399
QRG,itu-q-code,sourced,ofcom-foi-337399
QRH,itu-q-code,sourced,ofcom-foi-337399
QRI,itu-q-code,sourced,ofcom-foi-337399
QRJ,itu-q-code,sourced,ofcom-foi-337399
QRK,itu-q-code,sourced,ofcom-foi-337399
QRL,itu-q-code,sourced,ofcom-foi-337399
QRM,itu-q-code,sourced,ofcom-foi-337399
QRN,itu-q-code,sourced,ofcom-foi-337399
QRO,itu-q-code,sourced,ofcom-foi-337399
QRP,itu-q-code,sourced,ofcom-foi-337399
QRQ,itu-q-code,sourced,ofcom-foi-337399
QRR,itu-q-code,sourced,ofcom-foi-337399
QRS,itu-q-code,sourced,ofcom-foi-337399
QRT,itu-q-code,sourced,ofcom-foi-337399
QRU,itu-q-code,sourced,ofcom-foi-337399
QRV,itu-q-code,sourced,ofcom-foi-337399
QRW,itu-q-code,sourced,ofcom-foi-337399
QRX,itu-q-code,sourced,ofcom-foi-337399
QRY,itu-q-code,sourced,ofcom-foi-337399
QRZ,itu-q-code,sourced,ofcom-foi-337399
QSA,itu-q-code,sourced,ofcom-foi-337399
QSB,itu-q-code,sourced,ofcom-foi-337399
QSC,itu-q-code,sourced,ofcom-foi-337399
QSD,itu-q-code,sourced,ofcom-foi-337399
QSE,itu-q-code,sourced,ofcom-foi-337399
QSF,itu-q-code,sourced,ofcom-foi-337399
QSG,itu-q-code,sourced,ofcom-foi-337399
QSH,itu-q-code,sourced,ofcom-foi-337399
QSI,itu-q-code,sourced,ofcom-foi-337399
QSJ,itu-q-code,sourced,ofcom-foi-337399
QSK,itu-q-code,sourced,ofcom-foi-337399
QSL,itu-q-code,sourced,ofcom-foi-337399
QSM,itu-q-code,sourced,ofcom-foi-337399
QSN,itu-q-code,sourced,ofcom-foi-337399
QSO,itu-q-code,sourced,ofcom-foi-337399
QSP,itu-q-code,sourced,ofcom-foi-337399
QSQ,itu-q-code,sourced,ofcom-foi-337399
QSR,itu-q-code,sourced,ofcom-foi-337399
QSS,itu-q-code,sourced,ofcom-foi-337399
QST,itu-q-code,sourced,ofcom-foi-337399
QSU,itu-q-code,sourced,ofcom-foi-337399
QSV,itu-q-code,sourced,ofcom-foi-337399
QSW,itu-q-code,sourced,ofcom-foi-337399
QSX,itu-q-code,sourced,ofcom-foi-337399
QSY,itu-q-code,sourced,ofcom-foi-337399
QSZ,itu-q-code,sourced,ofcom-foi-337399
QTA,itu-q-code,sourced,ofcom-foi-337399
QTB,itu-q-code,sourced,ofcom-foi-337399
QTC,itu-q-code,sourced,ofcom-foi-337399
QTD,itu-q-code,sourced,ofcom-foi-337399
QTE,itu-q-code,sourced,ofcom-foi-337399
QTF,itu-q-code,sourced,ofcom-foi-337399
QTG,itu-q-code,sourced,ofcom-foi-337399
QTH,itu-q-code,sourced,ofcom-foi-337399
QTI,itu-q-code,sourced,ofcom-foi-337399
QTJ,itu-q-code,sourced,ofcom-foi-337399
QTK,itu-q-code,sourced,ofcom-foi-337399
QTL,itu-q-code,sourced,ofcom-foi-337399
QTM,itu-q-code,sourced,ofcom-foi-337399
QTN,itu-q-code,sourced,ofcom-foi-337399
QTO,itu-q-code,sourced,ofcom-foi-337399
QTP,itu-q-code,sourced,ofcom-foi-337399
QTQ,itu-q-code,sourced,ofcom-foi-337399
QTR,itu-q-code,sourced,ofcom-foi-337399
QTS,itu-q-code,sourced,ofcom-foi-337399
QTT,itu-q-code,sourced,ofcom-foi-337399
QTU,itu-q-code,sourced,ofcom-foi-337399
QTV,itu-q-code,sourced,ofcom-foi-337399
QTW,itu-q-code,sourced,ofcom-foi-337399
QTX,itu-q-code,sourced,ofcom-foi-337399
QTY,itu-q-code,sourced,ofcom-foi-337399
QTZ,itu-q-code,sourced,ofcom-foi-337399
QUA,itu-q-code,sourced,ofcom-foi-337399
QUB,itu-q-code,sourced,ofcom-foi-337399
QUC,itu-q-code,sourced,ofcom-foi-337399
QUD,itu-q-code,sourced,ofcom-foi-337399
QUE,itu-q-code,sourced,ofcom-foi-337399
QUF,itu-q-code,sourced,ofcom-foi-337399
QUG,itu-q-code,sourced,ofcom-foi-337399
QUH,itu-q-code,sourced,ofcom-foi-337399
QUI,itu-q-code,sourced,ofcom-foi-337399
QUJ,itu-q-code,sourced,ofcom-foi-337399
QUK,itu-q-code,sourced,ofcom-foi-337399
QUL,itu-q-code,sourced,ofcom-foi-337399
QUM,itu-q-code,sourced,ofcom-foi-337399
QUN,itu-q-code,sourced,ofcom-foi-337399
QUO,itu-q-code,sourced,ofcom-foi-337399
QUP,itu-q-code,sourced,ofcom-foi-337399
QUQ,itu-q-code,sourced,ofcom-foi-337399
QUR,itu-q-code,sourced,ofcom-foi-337399
QUS,itu-q-code,sourced,ofcom-foi-337399
QUT,itu-q-code,sourced,ofcom-foi-337399
QUU,itu-q-code,sourced,ofcom-foi-337399
QUV,itu-q-code,sourced,ofcom-foi-337399
QUW,itu-q-code,sourced,ofcom-foi-337399
QUX,itu-q-code,sourced,ofcom-foi-337399
QUY,itu-q-code,sourced,ofcom-foi-337399
QUZ,itu-q-code,sourced,ofcom-foi-337399
QVA,itu-q-code,sourced,ofcom-foi-337399
QVB,itu-q-code,sourced,ofcom-foi-337399
QVC,itu-q-code,sourced,ofcom-foi-337399
QVD,itu-q-code,sourced,ofcom-foi-337399
QVE,itu-q-code,sourced,ofcom-foi-337399
QVF,itu-q-code,sourced,ofcom-foi-337399
QVG,itu-q-code,sourced,ofcom-foi-337399
QVH,itu-q-code,sourced,ofcom-foi-337399
QVI,itu-q-code,sourced,ofcom-foi-337399
QVJ,itu-q-code,sourced,ofcom-foi-337399
QVK,itu-q-code,sourced,ofcom-foi-337399
QVL,itu-q-code,sourced,ofcom-foi-337399
QVM,itu-q-code,sourced,ofcom-foi-337399
QVN,itu-q-code,sourced,ofcom-foi-337399
QVO,itu-q-code,sourced,ofcom-foi-337399
QVP,itu-q-code,sourced,ofcom-foi-337399
QVQ,itu-q-code,sourced,ofcom-foi-337399
QVR,itu-q-code,sourced,ofcom-foi-337399
QVS,itu-q-code,sourced,ofcom-foi-337399
QVT,itu-q-code,sourced,ofcom-foi-337399
QVU,itu-q-code,sourced,ofcom-foi-337399
QVV,itu-q-code,sourced,ofcom-foi-337399
QVW,itu-q-code,sourced,ofcom-foi-337399
QVX,itu-q-code,sourced,ofcom-foi-337399
QVY,itu-q-code,sourced,ofcom-foi-337399
QVZ,itu-q-code,sourced,ofcom-foi-337399
QWA,itu-q-code,sourced,ofcom-foi-337399
QWB,itu-q-code,sourced,ofcom-foi-337399
QWC,itu-q-code,sourced,ofcom-foi-337399
QWD,itu-q-code,sourced,ofcom-foi-337399
QWE,itu-q-code,sourced,ofcom-foi-337399
QWF,itu-q-code,sourced,ofcom-foi-337399
QWG,itu-q-code,sourced,ofcom-foi-337399
QWH,itu-q-code,sourced,ofcom-foi-337399
QWI,itu-q-code,sourced,ofcom-foi-337399
QWJ,itu-q-code,sourced,ofcom-foi-337399
QWK,itu-q-code,sourced,ofcom-foi-337399
QWL,itu-q-code,sourced,ofcom-foi-337399
QWM,itu-q-code,sourced,ofcom-foi-337399
QWN,itu-q-code,sourced,ofcom-foi-337399
QWO,itu-q-code,sourced,ofcom-foi-337399
QWP,itu-q-code,sourced,ofcom-foi-337399
QWQ,itu-q-code,sourced,ofcom-foi-337399
QWR,itu-q-code,sourced,ofcom-foi-337399
QWS,itu-q-code,sourced,ofcom-foi-337399
QWT,itu-q-code,sourced,ofcom-foi-337399
QWU,itu-q-code,sourced,ofcom-foi-337399
QWV,itu-q-code,sourced,ofcom-foi-337399
QWW,itu-q-code,sourced,ofcom-foi-337399
QWX,itu-q-code,sourced,ofcom-foi-337399
QWY,itu-q-code,sourced,ofcom-foi-337399
QWZ,itu-q-code,sourced,ofcom-foi-337399
QXA,itu-q-code,sourced,ofcom-foi-337399
QXB,itu-q-code,sourced,ofcom-foi-337399
QXC,itu-q-code,sourced,ofcom-foi-337399
QXD,itu-q-code,sourced,ofcom-foi-337399
QXE,itu-q-code,sourced,ofcom-foi-337399
QXF,itu-q-code,sourced,ofcom-foi-337399
QXG,itu-q-code,sourced,ofcom-foi-337399
QXH,itu-q-code,sourced,ofcom-foi-337399
QXI,itu-q-code,sourced,ofcom-foi-337399
QXJ,itu-q-code,sourced,ofcom-foi-337399
QXK,itu-q-code,sourced,ofcom-foi-337399
QXL,itu-q-code,sourced,ofcom-foi-337399
QXM,itu-q-code,sourced,ofcom-foi-337399
QXN,itu-q-code,sourced,ofcom-foi-337399
QXO,itu-q-code,sourced,ofcom-foi-337399
QXP,itu-q-code,sourced,ofcom-foi-337399
QXQ,itu-q-code,sourced,ofcom-foi-337399
QXR,itu-q-code,sourced,ofcom-foi-337399
QXS,itu-q-code,sourced,ofcom-foi-337399
QXT,itu-q-code,sourced,ofcom-foi-337399
QXU,itu-q-code,sourced,ofcom-foi-337399
QXV,itu-q-code,sourced,ofcom-foi-337399
QXW,itu-q-code,sourced,ofcom-foi-337399
QXX,itu-q-code,sourced,ofcom-foi-337399
QXY,itu-q-code,sourced,ofcom-foi-337399
QXZ,itu-q-code,sourced,ofcom-foi-337399
QYA,itu-q-code,sourced,ofcom-foi-337399
QYB,itu-q-code,sourced,ofcom-foi-337399
QYC,itu-q-code,sourced,ofcom-foi-337399
QYD,itu-q-code,sourced,ofcom-foi-337399
QYE,itu-q-code,sourced,ofcom-foi-337399
QYF,itu-q-code,sourced,ofcom-foi-337399
QYG,itu-q-code,sourced,ofcom-foi-337399
QYH,itu-q-code,sourced,ofcom-foi-337399
QYI,itu-q-code,sourced,ofcom-foi-337399
QYJ,itu-q-code,sourced,ofcom-foi-337399
QYK,itu-q-code,sourced,ofcom-foi-337399
QYL,itu-q-code,sourced,ofcom-foi-337399
QYM,itu-q-code,sourced,ofcom-foi-337399
QYN,itu-q-code,sourced,ofcom-foi-337399
QYO,itu-q-code,sourced,ofcom-foi-337399
QYP,itu-q-code,sourced,ofcom-foi-337399
QYQ,itu-q-code,sourced,ofcom-foi-337399
QYR,itu-q-code,sourced,ofcom-foi-337399
QYS,itu-q-code,sourced,ofcom-foi-337399
QYT,itu-q-code,sourced,ofcom-foi-337399
QYU,itu-q-code,sourced,ofcom-foi-337399
QYV,itu-q-code,sourced,ofcom-foi-337399
QYW,itu-q-code,sourced,ofcom-foi-337399
QYX,itu-q-code,sourced,ofcom-foi-337399
QYY,itu-q-code,sourced,ofcom-foi-337399
QYZ,itu-q-code,sourced,ofcom-foi-337399
QZA,itu-q-code,sourced,ofcom-foi-337399
QZB,itu-q-code,sourced,ofcom-foi-337399
QZC,itu-q-code,sourced,ofcom-foi-337399
QZD,itu-q-code,sourced,ofcom-foi-337399
QZE,itu-q-code,sourced,ofcom-foi-337399
QZF,itu-q-code,sourced,ofcom-foi-337399
QZG,itu-q-code,sourced,ofcom-foi-337399
QZH,itu-q-code,sourced,ofcom-foi-337399
QZI,itu-q-code,sourced,ofcom-foi-337399
QZJ,itu-q-code,sourced,ofcom-foi-337399
QZK,itu-q-code,sourced,ofcom-foi-337399
QZL,itu-q-code,sourced,ofcom-foi-337399
QZM,itu-q-code,sourced,ofcom-foi-337399
QZN,itu-q-code,sourced,ofcom-foi-337399
QZO,itu-q-code,sourced,ofcom-foi-337399
QZP,itu-q-code,sourced,ofcom-foi-337399
QZQ,itu-q-code,sourced,ofcom-foi-337399
QZR,itu-q-code,sourced,ofcom-foi-337399
QZS,itu-q-code,sourced,ofcom-foi-337399
QZT,itu-q-code,sourced,ofcom-foi-337399
QZU,itu-q-code,sourced,ofcom-foi-337399
QZV,itu-q-code,sourced,ofcom-foi-337399
QZW,itu-q-code,sourced,ofcom-foi-337399
QZX,itu-q-code,sourced,ofcom-foi-337399
QZY,itu-q-code,sourced,ofcom-foi-337399
QZZ,itu-q-code,sourced,ofcom-foi-337399
RCC,itu-operational-abbreviation,sourced,ofcom-foi-337399
REF,itu-operational-abbreviation,sourced,ofcom-foi-337399
RPT,itu-operational-abbreviation,sourced,ofcom-foi-337399
SAR,itu-operational-abbreviation,sourced,ofcom-foi-337399
SIG,itu-operational-abbreviation,sourced,ofcom-foi-337399
SLT,itu-operational-abbreviation,sourced,ofcom-foi-337399
SOS,itu-signal-confusion,sourced,ofcom-foi-337399
SVC,itu-operational-abbreviation,sourced,ofcom-foi-337399
SYS,itu-operational-abbreviation,sourced,ofcom-foi-337399
TFC,itu-operational-abbreviation,sourced,ofcom-foi-337399
TXT,itu-operational-abbreviation,sourced,ofcom-foi-337399
