suffix,first_known_forbidden
ADS,2016-07-29
AID,2016-07-29
ASS,2016-07-29
AUT,2016-07-29
BIG,2016-07-29
BIT,2016-07-29
BOG,2016-07-29
BOL,2016-07-29
BOM,2016-07-29
BUM,2016-07-29
CFM,2016-07-29
CNT,2016-07-29
COC,2016-07-29
COK,2016-07-29
COL,2016-07-29
COW,2016-07-29
CUM,2016-07-29
DIC,2016-07-29
DIE,2016-07-29
DIK,2016-07-29
DOR,2016-07-29
DSC,2016-07-29
ETA,2016-07-29
FAG,2016-07-29
FIC,2016-07-29
FOC,2016-07-29
FOF,2016-07-29
FOO,2016-07-29
FUC,2016-07-29
FUK,2016-07-29
FUX,2016-07-29
GIT,2016-07-29
GOD,2016-07-29
HCQ,2016-07-29
HIV,2016-07-29
HOA,2016-07-29
HON,2016-07-29
HOR,2016-07-29
IIR,2016-07-29
IRA,2016-07-29
IUD,2016-07-29
JDX,2016-07-29
JEW,2016-07-29
JIZ,2020-12-10
JJJ,2016-07-29
KKK,2016-07-29
KOC,2016-07-29
KOK,2016-07-29
KTS,2016-07-29
LIC,2016-07-29
LIM,2016-07-29
LOO,2016-07-29
LPC,2016-07-29
MIN,2016-07-29
MOO,2016-07-29
MSG,2016-07-29
MSI,2016-07-29
NIG,2016-07-29
NIJ,2016-07-29
NIL,2016-07-29
NIP,2016-07-29
NOB,2016-07-29
OOG,2016-07-29
PBL,2016-07-29
PIG,2016-07-29
PIM,2016-07-29
PIN,2016-07-29
PIS,2016-07-29
POK,2016-07-29
PON,2016-07-29
POO,2016-07-29
POR,2016-07-29
POT,2016-07-29
POX,2016-07-29
PSE,2016-07-29
QAA,2016-07-29
QAB,2016-07-29
QAC,2016-07-29
QAD,2016-07-29
QAE,2016-07-29
QAF,2016-07-29
QAG,2016-07-29
QAH,2016-07-29
QAI,2016-07-29
QAJ,2016-07-29
QAK,2016-07-29
QAL,2016-07-29
QAM,2016-07-29
QAN,2016-07-29
QAO,2016-07-29
QAP,2016-07-29
QAQ,2016-07-29
QAR,2016-07-29
QAS,2016-07-29
QAT,2016-07-29
QAU,2016-07-29
QAV,2016-07-29
QAW,2016-07-29
QAX,2016-07-29
QAY,2016-07-29
QAZ,2016-07-29
QBA,2016-07-29
QBB,2016-07-29
QBC,2016-07-29
QBD,2016-07-29
QBE,2016-07-29
QBF,2016-07-29
QBG,2016-07-29
QBH,2016-07-29
QBI,2016-07-29
QBJ,2016-07-29
QBK,2016-07-29
QBL,2016-07-29
QBM,2016-07-29
QBN,2016-07-29
QBO,2016-07-29
QBP,2016-07-29
QBQ,2016-07-29
QBR,2016-07-29
QBS,2016-07-29
QBT,2016-07-29
QBU,2016-07-29
QBV,2016-07-29
QBW,2016-07-29
QBX,2016-07-29
QBY,2016-07-29
QBZ,2016-07-29
QCA,2016-07-29
QCB,2016-07-29
QCC,2016-07-29
QCD,2016-07-29
QCE,2016-07-29
QCF,2016-07-29
QCG,2016-07-29
QCH,2016-07-29
QCI,2016-07-29
QCJ,2016-07-29
QCK,2016-07-29
QCL,2016-07-29
QCM,2016-07-29
QCN,2016-07-29
QCO,2016-07-29
QCP,2016-07-29
QCQ,2016-07-29
QCR,2016-07-29
QCS,2016-07-29
QCT,2016-07-29
QCU,2016-07-29
QCV,2016-07-29
QCW,2016-07-29
QCX,2016-07-29
QCY,2016-07-29
QCZ,2016-07-29
QDA,2016-07-29
QDB,2016-07-29
QDC,2016-07-29
QDD,2016-07-29
QDE,2016-07-29
QDF,2016-07-29
QDG,2016-07-29
QDH,2016-07-29
QDI,2016-07-29
QDJ,2016-07-29
QDK,2016-07-29
QDL,2016-07-29
QDM,2016-07-29
QDN,2016-07-29
QDO,2016-07-29
QDP,2016-07-29
QDQ,2016-07-29
QDR,2016-07-29
QDS,2016-07-29
QDT,2016-07-29
QDU,2016-07-29
QDV,2016-07-29
QDW,2016-07-29
QDX,2016-07-29
QDY,2016-07-29
QDZ,2016-07-29
QEA,2016-07-29
QEB,2016-07-29
QEC,2016-07-29
QED,2016-07-29
QEE,2016-07-29
QEF,2016-07-29
QEG,2016-07-29
QEH,2016-07-29
QEI,2016-07-29
QEJ,2016-07-29
QEK,2016-07-29
QEL,2016-07-29
QEM,2016-07-29
QEN,2016-07-29
QEO,2016-07-29
QEP,2016-07-29
QEQ,2016-07-29
QER,2016-07-29
QES,2016-07-29
QET,2016-07-29
QEU,2016-07-29
QEV,2016-07-29
QEW,2016-07-29
QEX,2016-07-29
QEY,2016-07-29
QEZ,2016-07-29
QFA,2016-07-29
QFB,2016-07-29
QFC,2016-07-29
QFD,2016-07-29
QFE,2016-07-29
QFF,2016-07-29
QFG,2016-07-29
QFH,2016-07-29
QFI,2016-07-29
QFJ,2016-07-29
QFK,2016-07-29
QFL,2016-07-29
QFM,2016-07-29
QFN,2016-07-29
QFO,2016-07-29
QFP,2016-07-29
QFQ,2016-07-29
QFR,2016-07-29
QFS,2016-07-29
QFT,2016-07-29
QFU,2016-07-29
QFV,2016-07-29
QFW,2016-07-29
QFX,2016-07-29
QFY,2016-07-29
QFZ,2016-07-29
QGA,2016-07-29
QGB,2016-07-29
QGC,2016-07-29
QGD,2016-07-29
QGE,2016-07-29
QGF,2016-07-29
QGG,2016-07-29
QGH,2016-07-29
QGI,2016-07-29
QGJ,2016-07-29
QGK,2016-07-29
QGL,2016-07-29
QGM,2016-07-29
QGN,2016-07-29
QGO,2016-07-29
QGP,2016-07-29
QGQ,2016-07-29
QGR,2016-07-29
QGS,2016-07-29
QGT,2016-07-29
QGU,2016-07-29
QGV,2016-07-29
QGW,2016-07-29
QGX,2016-07-29
QGY,2016-07-29
QGZ,2016-07-29
QHA,2016-07-29
QHB,2016-07-29
QHC,2016-07-29
QHD,2016-07-29
QHE,2016-07-29
QHF,2016-07-29
QHG,2016-07-29
QHH,2016-07-29
QHI,2016-07-29
QHJ,2016-07-29
QHK,2016-07-29
QHL,2016-07-29
QHM,2016-07-29
QHN,2016-07-29
QHO,2016-07-29
QHP,2016-07-29
QHQ,2016-07-29
QHR,2016-07-29
QHS,2016-07-29
QHT,2016-07-29
QHU,2016-07-29
QHV,2016-07-29
QHW,2016-07-29
QHX,2016-07-29
QHY,2016-07-29
QHZ,2016-07-29
QIA,2016-07-29
QIB,2016-07-29
QIC,2016-07-29
QID,2016-07-29
QIE,2016-07-29
QIF,2016-07-29
QIG,2016-07-29
QIH,2016-07-29
QII,2016-07-29
QIJ,2016-07-29
QIK,2016-07-29
QIL,2016-07-29
QIM,2016-07-29
QIN,2016-07-29
QIO,2016-07-29
QIP,2016-07-29
QIQ,2016-07-29
QIR,2016-07-29
QIS,2016-07-29
QIT,2016-07-29
QIU,2016-07-29
QIV,2016-07-29
QIW,2016-07-29
QIX,2016-07-29
QIY,2016-07-29
QIZ,2016-07-29
QJA,2016-07-29
QJB,2016-07-29
QJC,2016-07-29
QJD,2016-07-29
QJE,2016-07-29
QJF,2016-07-29
QJG,2016-07-29
QJH,2016-07-29
QJI,2016-07-29
QJJ,2016-07-29
QJK,2016-07-29
QJL,2016-07-29
QJM,2016-07-29
QJN,2016-07-29
QJO,2016-07-29
QJP,2016-07-29
QJQ,2016-07-29
QJR,2016-07-29
QJS,2016-07-29
QJT,2016-07-29
QJU,2016-07-29
QJV,2016-07-29
QJW,2016-07-29
QJX,2016-07-29
QJY,2016-07-29
QJZ,2016-07-29
QKA,2016-07-29
QKB,2016-07-29
QKC,2016-07-29
QKD,2016-07-29
QKE,2016-07-29
QKF,2016-07-29
QKG,2016-07-29
QKH,2016-07-29
QKI,2016-07-29
QKJ,2016-07-29
QKK,2016-07-29
QKL,2016-07-29
QKM,2016-07-29
QKN,2016-07-29
QKO,2016-07-29
QKP,2016-07-29
QKQ,2016-07-29
QKR,2016-07-29
QKS,2016-07-29
QKT,2016-07-29
QKU,2016-07-29
QKV,2016-07-29
QKW,2016-07-29
QKX,2016-07-29
QKY,2016-07-29
QKZ,2016-07-29
QLA,2016-07-29
QLB,2016-07-29
QLC,2016-07-29
QLD,2016-07-29
QLE,2016-07-29
QLF,2016-07-29
QLG,2016-07-29
QLH,2016-07-29
QLI,2016-07-29
QLJ,2016-07-29
QLK,2016-07-29
QLL,2016-07-29
QLM,2016-07-29
QLN,2016-07-29
QLO,2016-07-29
QLP,2016-07-29
QLQ,2016-07-29
QLR,2016-07-29
QLS,2016-07-29
QLT,2016-07-29
QLU,2016-07-29
QLV,2016-07-29
QLW,2016-07-29
QLX,2016-07-29
QLY,2016-07-29
QLZ,2016-07-29
QMA,2016-07-29
QMB,2016-07-29
QMC,2016-07-29
QMD,2016-07-29
QME,2016-07-29
QMF,2016-07-29
QMG,2016-07-29
QMH,2016-07-29
QMI,2016-07-29
QMJ,2016-07-29
QMK,2016-07-29
QML,2016-07-29
QMM,2016-07-29
QMN,2016-07-29
QMO,2016-07-29
QMP,2016-07-29
QMQ,2016-07-29
QMR,2016-07-29
QMS,2016-07-29
QMT,2016-07-29
QMU,2016-07-29
QMV,2016-07-29
QMW,2016-07-29
QMX,2016-07-29
QMY,2016-07-29
QMZ,2016-07-29
QNA,2016-07-29
QNB,2016-07-29
QNC,2016-07-29
QND,2016-07-29
QNE,2016-07-29
QNF,2016-09
QNG,2016-07-29
QNH,2016-07-29
QNI,2016-07-29
QNJ,2016-07-29
QNK,2016-07-29
QNL,2016-07-29
QNM,2016-07-29
QNN,2016-07-29
QNO,2016-07-29
QNP,2016-07-29
QNQ,2016-07-29
QNR,2016-07-29
QNS,2016-07-29
QNT,2016-07-29
QNU,2016-07-29
QNV,2016-07-29
QNW,2016-07-29
QNX,2016-07-29
QNY,2016-07-29
QNZ,2016-07-29
QOA,2016-07-29
QOB,2016-07-29
QOC,2016-07-29
QOD,2016-07-29
QOE,2016-07-29
QOF,2016-07-29
QOG,2016-07-29
QOH,2016-07-29
QOI,2016-07-29
QOJ,2016-07-29
QOK,2016-07-29
QOL,2016-07-29
QOM,2016-07-29
QON,2016-07-29
QOO,2016-07-29
QOP,2016-07-29
QOQ,2016-07-29
QOR,2016-07-29
QOS,2016-07-29
QOT,2016-07-29
QOU,2016-07-29
QOV,2016-07-29
QOW,2016-07-29
QOX,2016-07-29
QOY,2016-07-29
QOZ,2016-07-29
QPA,2016-07-29
QPB,2016-07-29
QPC,2016-07-29
QPD,2016-07-29
QPE,2016-07-29
QPF,2016-07-29
QPG,2016-07-29
QPH,2016-07-29
QPI,2016-07-29
QPJ,2016-07-29
QPK,2016-07-29
QPL,2016-07-29
QPM,2016-07-29
QPN,2016-07-29
QPO,2016-07-29
QPP,2016-07-29
QPQ,2016-07-29
QPR,2016-07-29
QPS,2016-07-29
QPT,2016-07-29
QPU,2016-07-29
QPV,2016-07-29
QPW,2016-07-29
QPX,2016-07-29
QPY,2016-07-29
QPZ,2016-07-29
QQA,2016-07-29
QQB,2016-07-29
QQC,2016-07-29
QQD,2016-07-29
QQE,2016-07-29
QQF,2016-07-29
QQG,2016-07-29
QQH,2016-07-29
QQI,2016-07-29
QQJ,2016-07-29
QQK,2016-07-29
QQL,2016-07-29
QQM,2016-07-29
QQN,2016-07-29
QQO,2016-07-29
QQP,2016-07-29
QQQ,2016-07-29
QQR,2016-07-29
QQS,2016-07-29
QQT,2016-07-29
QQU,2016-07-29
QQV,2016-07-29
QQW,2016-07-29
QQX,2016-07-29
QQY,2016-07-29
QQZ,2016-07-29
QRA,2016-07-29
QRB,2016-07-29
QRC,2016-07-29
QRD,2016-07-29
QRE,2016-07-29
QRF,2016-07-29
QRG,2016-07-29
QRH,2016-07-29
QRI,2016-07-29
QRJ,2016-07-29
QRK,2016-07-29
QRL,2016-07-29
QRM,2016-07-29
QRN,2016-07-29
QRO,2016-07-29
QRP,2016-07-29
QRQ,2016-07-29
QRR,2016-07-29
QRS,2016-07-29
QRT,2016-07-29
QRU,2016-07-29
QRV,2016-07-29
QRW,2016-07-29
QRX,2016-07-29
QRY,2016-07-29
QRZ,2016-07-29
QSA,2016-07-29
QSB,2016-07-29
QSC,2016-07-29
QSD,2016-07-29
QSE,2016-07-29
QSF,2016-07-29
QSG,2016-07-29
QSH,2016-07-29
QSI,2016-07-29
QSJ,2016-07-29
QSK,2016-07-29
QSL,2016-07-29
QSM,2016-07-29
QSN,2016-07-29
QSO,2016-07-29
QSP,2016-07-29
QSQ,2016-07-29
QSR,2016-07-29
QSS,2016-07-29
QST,2016-07-29
QSU,2016-07-29
QSV,2016-07-29
QSW,2016-07-29
QSX,2016-07-29
QSY,2016-07-29
QSZ,2016-07-29
QTA,2016-07-29
QTB,2016-07-29
QTC,2016-07-29
QTD,2016-07-29
QTE,2016-07-29
QTF,2016-07-29
QTG,2016-07-29
QTH,2016-07-29
QTI,2016-07-29
QTJ,2016-07-29
QTK,2016-07-29
QTL,2016-07-29
QTM,2016-07-29
QTN,2016-07-29
QTO,2016-07-29
QTP,2016-07-29
QTQ,2016-07-29
QTR,2016-07-29
QTS,2016-07-29
QTT,2016-07-29
QTU,2016-07-29
QTV,2016-07-29
QTW,2016-07-29
QTX,2016-07-29
QTY,2016-07-29
QTZ,2016-07-29
QUA,2016-07-29
QUB,2016-07-29
QUC,2016-07-29
QUD,2016-07-29
QUE,2016-07-29
QUF,2016-07-29
QUG,2016-07-29
QUH,2016-07-29
QUI,2016-07-29
QUJ,2016-07-29
QUK,2016-07-29
QUL,2016-07-29
QUM,2016-07-29
QUN,2016-07-29
QUO,2016-07-29
QUP,2016-07-29
QUQ,2016-07-29
QUR,2016-07-29
QUS,2016-07-29
QUT,2016-07-29
QUU,2016-07-29
QUV,2016-07-29
QUW,2016-07-29
QUX,2016-07-29
QUY,2016-07-29
QUZ,2016-07-29
QVA,2016-07-29
QVB,2016-07-29
QVC,2016-07-29
QVD,2016-07-29
QVE,2016-07-29
QVF,2016-07-29
QVG,2016-07-29
QVH,2016-07-29
QVI,2016-07-29
QVJ,2016-07-29
QVK,2016-07-29
QVL,2016-07-29
QVM,2016-07-29
QVN,2016-07-29
QVO,2016-07-29
QVP,2016-07-29
QVQ,2016-07-29
QVR,2016-07-29
QVS,2016-07-29
QVT,2016-07-29
QVU,2016-07-29
QVV,2016-07-29
QVW,2016-07-29
QVX,2016-07-29
QVY,2016-07-29
QVZ,2016-07-29
QWA,2016-07-29
QWB,2016-07-29
QWC,2016-07-29
QWD,2016-07-29
QWE,2016-07-29
QWF,2016-07-29
QWG,2016-07-29
QWH,2016-07-29
QWI,2016-07-29
QWJ,2016-07-29
QWK,2016-07-29
QWL,2016-07-29
QWM,2016-07-29
QWN,2016-07-29
QWO,2016-07-29
QWP,2016-07-29
QWQ,2016-07-29
QWR,2016-07-29
QWS,2016-07-29
QWT,2016-07-29
QWU,2016-07-29
QWV,2016-07-29
QWW,2016-07-29
QWX,2016-07-29
QWY,2016-07-29
QWZ,2016-07-29
QXA,2016-07-29
QXB,2016-07-29
QXC,2016-07-29
QXD,2016-07-29
QXE,2016-07-29
QXF,2016-07-29
QXG,2016-07-29
QXH,2016-07-29
QXI,2016-07-29
QXJ,2016-07-29
QXK,2016-07-29
QXL,2016-07-29
QXM,2016-07-29
QXN,2016-07-29
QXO,2016-07-29
QXP,2016-07-29
QXQ,2016-07-29
QXR,2016-07-29
QXS,2016-07-29
QXT,2016-07-29
QXU,2016-07-29
QXV,2016-07-29
QXW,2016-07-29
QXX,2016-07-29
QXY,2016-07-29
QXZ,2016-07-29
QYA,2016-07-29
QYB,2016-07-29
QYC,2016-07-29
QYD,2016-07-29
QYE,2016-07-29
QYF,2016-07-29
QYG,2016-07-29
QYH,2016-07-29
QYI,2016-07-29
QYJ,2016-07-29
QYK,2016-07-29
QYL,2016-07-29
QYM,2016-07-29
QYN,2016-07-29
QYO,2016-07-29
QYP,2016-07-29
QYQ,2016-07-29
QYR,2016-07-29
QYS,2016-07-29
QYT,2016-07-29
QYU,2016-07-29
QYV,2016-07-29
QYW,2016-07-29
QYX,2016-07-29
QYY,2016-07-29
QYZ,2016-07-29
QZA,2016-07-29
QZB,2016-07-29
QZC,2016-07-29
QZD,2016-07-29
QZE,2016-07-29
QZF,2016-07-29
QZG,2016-07-29
QZH,2016-07-29
QZI,2016-07-29
QZJ,2016-07-29
QZK,2016-07-29
QZL,2016-07-29
QZM,2016-07-29
QZN,2016-07-29
QZO,2016-07-29
QZP,2016-07-29
QZQ,2016-07-29
QZR,2016-07-29
QZS,2016-07-29
QZT,2016-07-29
QZU,2016-07-29
QZV,2016-07-29
QZW,2016-07-29
QZX,2016-07-29
QZY,2016-07-29
QZZ,2016-07-29
RAF,2016-07-29
RCC,2016-07-29
REF,2016-07-29
RID,2016-07-29
RIM,2016-07-29
ROD,2016-07-29
ROG,2016-07-29
RON,2016-07-29
RPT,2016-07-29
RSE,2016-07-29
SAR,2016-07-29
SEX,2016-07-29
SIC,2016-07-29
SIG,2016-07-29
SLT,2016-07-29
SOD,2016-07-29
SOI,2016-07-29
SOS,2016-07-29
SOW,2016-07-29
SVC,2016-07-29
SYS,2016-07-29
TFC,2016-07-29
TIT,2016-07-29
TOO,2016-07-29
TOS,2016-07-29
TTT,2016-07-29
TXT,2016-07-29
VDB,2016-07-29
VIL,2016-07-29
VIZ,2016-07-29
WIP,2016-07-29
WNG,2016-07-29
WNK,2016-07-29
WOG,2016-07-29
WOP,2016-07-29
WOR,2016-07-29
XSC,2016-07-29
XXX,2016-07-29
YID,2016-07-29
ZAA,2016-07-29
ZAB,2016-07-29
ZAC,2016-07-29
ZAD,2016-07-29
ZAE,2016-07-29
ZAF,2016-07-29
ZAG,2016-07-29
ZAH,2016-07-29
ZAI,2016-07-29
ZAJ,2016-07-29
ZAK,2016-07-29
ZAL,2016-07-29
ZAM,2016-07-29
ZAN,2016-07-29
ZAO,2016-07-29
ZAP,2016-07-29
ZAQ,2016-07-29
ZAR,2016-07-29
ZAS,2016-07-29
ZAT,2016-07-29
ZAU,2016-07-29
ZAV,2016-07-29
ZAW,2016-07-29
ZAX,2016-07-29
ZAY,2016-07-29
ZAZ,2016-07-29
ZBA,2016-07-29
ZBB,2016-07-29
ZBC,2016-07-29
ZBD,2016-07-29
ZBE,2016-07-29
ZBF,2016-07-29
ZBG,2016-07-29
ZBH,2016-07-29
ZBI,2016-07-29
ZBJ,2016-07-29
ZBK,2016-07-29
ZBL,2016-07-29
ZBM,2016-07-29
ZBN,2016-07-29
ZBO,2016-07-29
ZBP,2016-07-29
ZBQ,2016-07-29
ZBR,2016-07-29
ZBS,2016-07-29
ZBT,2016-07-29
ZBU,2016-07-29
ZBV,2016-07-29
ZBW,2016-07-29
ZBX,2016-07-29
ZBY,2016-07-29
ZBZ,2016-07-29
ZCA,2016-07-29
ZCB,2016-07-29
ZCC,2016-07-29
ZCD,2016-07-29
ZCE,2016-07-29
ZCF,2016-07-29
ZCG,2016-07-29
ZCH,2016-07-29
ZCI,2016-07-29
ZCJ,2016-07-29
ZCK,2016-07-29
ZCL,2016-07-29
ZCM,2016-07-29
ZCN,2016-07-29
ZCO,2016-07-29
ZCP,2016-07-29
ZCQ,2016-07-29
ZCR,2016-07-29
ZCS,2016-07-29
ZCT,2016-07-29
ZCU,2016-07-29
ZCV,2016-07-29
ZCW,2016-07-29
ZCX,2016-07-29
ZCY,2016-07-29
ZCZ,2016-07-29
ZDA,2016-07-29
ZDB,2016-07-29
ZDC,2016-07-29
ZDD,2016-07-29
ZDE,2016-07-29
ZDF,2016-07-29
ZDG,2016-07-29
ZDH,2016-07-29
ZDI,2016-07-29
ZDJ,2016-07-29
ZDK,2016-07-29
ZDL,2016-07-29
ZDM,2016-07-29
ZDN,2016-07-29
ZDO,2016-07-29
ZDP,2016-07-29
ZDQ,2016-07-29
ZDR,2016-07-29
ZDS,2016-07-29
ZDT,2016-07-29
ZDU,2016-07-29
ZDV,2016-07-29
ZDW,2016-07-29
ZDX,2016-07-29
ZDY,2016-07-29
ZDZ,2016-07-29
ZEA,2016-07-29
ZEB,2016-07-29
ZEC,2016-07-29
ZED,2016-07-29
ZEE,2016-07-29
ZEF,2016-07-29
ZEG,2016-07-29
ZEH,2016-07-29
ZEI,2016-07-29
ZEJ,2016-07-29
ZEK,2016-07-29
ZEL,2016-07-29
ZEM,2016-07-29
ZEN,2016-07-29
ZEO,2016-07-29
ZEP,2016-07-29
ZEQ,2016-07-29
ZER,2016-07-29
ZES,2016-07-29
ZET,2016-07-29
ZEU,2016-07-29
ZEV,2016-07-29
ZEW,2016-07-29
ZEX,2016-07-29
ZEY,2016-07-29
ZEZ,2016-07-29
ZFA,2016-07-29
ZFB,2016-07-29
ZFC,2016-07-29
ZFD,2016-07-29
ZFE,2016-07-29
ZFF,2016-07-29
ZFG,2016-07-29
ZFH,2016-07-29
ZFI,2016-07-29
ZFJ,2016-09
ZFK,2016-07-29
ZFL,2016-07-29
ZFM,2016-07-29
ZFN,2016-07-29
ZFO,2016-07-29
ZFP,2016-07-29
ZFQ,2016-07-29
ZFR,2016-07-29
ZFS,2016-07-29
ZFT,2016-07-29
ZFU,2016-07-29
ZFV,2016-07-29
ZFW,2016-07-29
ZFX,2016-07-29
ZFY,2016-07-29
ZFZ,2016-07-29
ZGA,2016-07-29
ZGB,2016-07-29
ZGC,2016-07-29
ZGD,2016-07-29
ZGE,2016-07-29
ZGF,2016-07-29
ZGG,2016-07-29
ZGH,2016-07-29
ZGI,2016-07-29
ZGJ,2016-07-29
ZGK,2016-07-29
ZGL,2016-07-29
ZGM,2016-07-29
ZGN,2016-07-29
ZGO,2016-07-29
ZGP,2016-07-29
ZGQ,2016-07-29
ZGR,2016-07-29
ZGS,2016-07-29
ZGT,2016-07-29
ZGU,2016-07-29
ZGV,2016-07-29
ZGW,2016-07-29
ZGX,2016-07-29
ZGY,2016-07-29
ZGZ,2016-07-29
ZHA,2016-07-29
ZHB,2016-07-29
ZHC,2016-07-29
ZHD,2016-07-29
ZHE,2016-07-29
ZHF,2016-07-29
ZHG,2016-07-29
ZHH,2016-07-29
ZHI,2016-07-29
ZHJ,2016-07-29
ZHK,2016-07-29
ZHL,2016-07-29
ZHM,2016-07-29
ZHN,2016-07-29
ZHO,2016-07-29
ZHP,2016-07-29
ZHQ,2016-07-29
ZHR,2016-07-29
ZHS,2016-07-29
ZHT,2016-07-29
ZHU,2016-07-29
ZHV,2016-07-29
ZHW,2016-07-29
ZHX,2016-07-29
ZHY,2016-07-29
ZHZ,2016-07-29
ZIA,2016-07-29
ZIB,2016-07-29
ZIC,2016-07-29
ZID,2016-07-29
ZIE,2016-07-29
ZIF,2016-07-29
ZIG,2016-07-29
ZIH,2016-07-29
ZII,2016-07-29
ZIJ,2016-07-29
ZIK,2016-07-29
ZIL,2016-07-29
ZIM,2016-07-29
ZIN,2016-07-29
ZIO,2016-07-29
ZIP,2016-07-29
ZIQ,2016-07-29
ZIR,2016-07-29
ZIS,2016-07-29
ZIT,2016-07-29
ZIU,2016-07-29
ZIV,2016-07-29
ZIW,2016-07-29
ZIX,2016-07-29
ZIY,2016-07-29
ZIZ,2016-07-29
ZJA,2016-07-29
ZJB,2016-07-29
ZJC,2016-07-29
ZJD,2016-07-29
ZJE,2016-07-29
ZJF,2016-07-29
ZJG,2016-07-29
ZJH,2016-07-29
ZJI,2016-07-29
ZJJ,2016-07-29
ZJK,2016-07-29
ZJL,2016-07-29
ZJM,2016-07-29
ZJN,2016-07-29
ZJO,2016-07-29
ZJP,2016-07-29
ZJQ,2016-07-29
ZJR,2016-07-29
ZJS,2016-07-29
ZJT,2016-07-29
ZJU,2016-07-29
ZJV,2016-07-29
ZJW,2016-07-29
ZJX,2016-07-29
ZJY,2016-07-29
ZJZ,2016-07-29
ZKA,2016-07-29
ZKB,2016-07-29
ZKC,2016-07-29
ZKD,2016-07-29
ZKE,2016-07-29
ZKF,2016-07-29
ZKG,2016-07-29
ZKH,2016-07-29
ZKI,2016-07-29
ZKJ,2016-07-29
ZKK,2016-07-29
ZKL,2016-07-29
ZKM,2016-07-29
ZKN,2016-07-29
ZKO,2016-07-29
ZKP,2016-07-29
ZKQ,2016-07-29
ZKR,2016-07-29
ZKS,2016-07-29
ZKT,2016-07-29
ZKU,2016-07-29
ZKV,2016-07-29
ZKW,2016-07-29
ZKX,2016-07-29
ZKY,2016-07-29
ZKZ,2016-07-29
ZLA,2016-07-29
ZLB,2016-07-29
ZLC,2016-07-29
ZLD,2016-07-29
ZLE,2016-07-29
ZLF,2016-07-29
ZLG,2016-07-29
ZLH,2016-07-29
ZLI,2016-07-29
ZLJ,2016-07-29
ZLK,2016-07-29
ZLL,2016-07-29
ZLM,2016-07-29
ZLN,2016-07-29
ZLO,2016-07-29
ZLP,2016-07-29
ZLQ,2016-07-29
ZLR,2016-07-29
ZLS,2016-07-29
ZLT,2016-07-29
ZLU,2016-07-29
ZLV,2016-07-29
ZLW,2016-07-29
ZLX,2016-07-29
ZLY,2016-07-29
ZLZ,2016-07-29
ZMA,2016-07-29
ZMB,2016-07-29
ZMC,2016-07-29
ZMD,2016-07-29
ZME,2016-07-29
ZMF,2016-07-29
ZMG,2016-07-29
ZMH,2016-07-29
ZMI,2016-07-29
ZMJ,2016-07-29
ZMK,2016-07-29
ZML,2016-07-29
ZMM,2016-07-29
ZMN,2016-07-29
ZMO,2016-07-29
ZMP,2016-07-29
ZMQ,2016-07-29
ZMR,2016-07-29
ZMS,2016-07-29
ZMT,2016-07-29
ZMU,2016-07-29
ZMV,2016-07-29
ZMW,2016-07-29
ZMX,2016-07-29
ZMY,2016-07-29
ZMZ,2016-07-29
ZNA,2016-07-29
ZNB,2016-07-29
ZNC,2016-07-29
ZND,2016-07-29
ZNE,2016-07-29
ZNF,2016-07-29
ZNG,2016-07-29
ZNH,2016-07-29
ZNI,2016-07-29
ZNJ,2016-07-29
ZNK,2016-07-29
ZNL,2016-07-29
ZNM,2016-07-29
ZNN,2016-07-29
ZNO,2016-07-29
ZNP,2016-07-29
ZNQ,2016-07-29
ZNR,2016-07-29
ZNS,2016-07-29
ZNT,2016-07-29
ZNU,2016-07-29
ZNV,2016-07-29
ZNW,2016-07-29
ZNX,2016-07-29
ZNY,2016-07-29
ZNZ,2016-07-29
ZOA,2016-07-29
ZOB,2016-07-29
ZOC,2016-07-29
ZOD,2016-07-29
ZOE,2016-07-29
ZOF,2016-07-29
ZOG,2016-07-29
ZOH,2016-07-29
ZOI,2016-07-29
ZOJ,2016-07-29
ZOK,2016-07-29
ZOL,2016-07-29
ZOM,2016-07-29
ZON,2016-07-29
ZOO,2016-07-29
ZOP,2016-07-29
ZOQ,2016-07-29
ZOR,2016-07-29
ZOS,2016-07-29
ZOT,2016-07-29
ZOU,2016-07-29
ZOV,2016-07-29
ZOW,2016-07-29
ZOX,2016-07-29
ZOY,2016-07-29
ZOZ,2016-07-29
ZPA,2016-07-29
ZPB,2016-07-29
ZPC,2016-07-29
ZPD,2016-07-29
ZPE,2016-07-29
ZPF,2016-07-29
ZPG,2016-07-29
ZPH,2016-07-29
ZPI,2016-07-29
ZPJ,2016-07-29
ZPK,2016-07-29
ZPL,2016-07-29
ZPM,2016-07-29
ZPN,2016-07-29
ZPO,2016-07-29
ZPP,2016-07-29
ZPQ,2016-07-29
ZPR,2016-07-29
ZPS,2016-07-29
ZPT,2016-07-29
ZPU,2016-07-29
ZPV,2016-07-29
ZPW,2016-07-29
ZPX,2016-07-29
ZPY,2016-07-29
ZPZ,2016-07-29
ZQA,2016-07-29
ZQB,2016-07-29
ZQC,2016-07-29
ZQD,2016-07-29
ZQE,2016-07-29
ZQF,2016-07-29
ZQG,2016-07-29
ZQH,2016-07-29
ZQI,2016-07-29
ZQJ,2016-07-29
ZQK,2016-07-29
ZQL,2016-07-29
ZQM,2016-07-29
ZQN,2016-07-29
ZQO,2016-07-29
ZQP,2016-07-29
ZQQ,2016-07-29
ZQR,2016-07-29
ZQS,2016-07-29
ZQT,2016-07-29
ZQU,2016-07-29
ZQV,2016-07-29
ZQW,2016-07-29
ZQX,2016-07-29
ZQY,2016-07-29
ZQZ,2016-07-29
ZRA,2016-07-29
ZRB,2016-07-29
ZRC,2016-07-29
ZRD,2016-07-29
ZRE,2016-07-29
ZRF,2016-07-29
ZRG,2016-07-29
ZRH,2016-07-29
ZRI,2016-07-29
ZRJ,2016-07-29
ZRK,2016-07-29
ZRL,2016-07-29
ZRM,2016-07-29
ZRN,2016-07-29
ZRO,2016-07-29
ZRP,2016-07-29
ZRQ,2016-07-29
ZRR,2016-07-29
ZRS,2016-07-29
ZRT,2016-07-29
ZRU,2016-07-29
ZRV,2016-07-29
ZRW,2016-07-29
ZRX,2016-07-29
ZRY,2016-07-29
ZRZ,2016-07-29
ZSA,2016-07-29
ZSB,2016-07-29
ZSC,2016-07-29
ZSD,2016-07-29
ZSE,2016-07-29
ZSF,2016-07-29
ZSG,2016-07-29
ZSH,2016-07-29
ZSI,2016-07-29
ZSJ,2016-07-29
ZSK,2016-07-29
ZSL,2016-07-29
ZSM,2016-07-29
ZSN,2016-07-29
ZSO,2016-07-29
ZSP,2016-07-29
ZSQ,2016-07-29
ZSR,2016-07-29
ZSS,2016-07-29
ZST,2016-07-29
ZSU,2016-07-29
ZSV,2016-07-29
ZSW,2016-07-29
ZSX,2016-07-29
ZSY,2016-07-29
ZSZ,2016-07-29
ZTA,2016-07-29
ZTB,2016-07-29
ZTC,2016-07-29
ZTD,2016-07-29
ZTE,2016-07-29
ZTF,2016-07-29
ZTG,2016-07-29
ZTH,2016-07-29
ZTI,2016-07-29
ZTJ,2016-07-29
ZTK,2016-07-29
ZTL,2016-07-29
ZTM,2016-07-29
ZTN,2016-07-29
ZTO,2016-07-29
ZTP,2016-07-29
ZTQ,2016-07-29
ZTR,2016-07-29
ZTS,2016-07-29
ZTT,2016-07-29
ZTU,2016-07-29
ZTV,2016-07-29
ZTW,2016-07-29
ZTX,2016-07-29
ZTY,2016-07-29
ZTZ,2016-07-29
ZUA,2016-07-29
ZUB,2016-07-29
ZUC,2016-07-29
ZUD,2016-07-29
ZUE,2016-07-29
ZUF,2016-07-29
ZUG,2016-07-29
ZUH,2016-07-29
ZUI,2016-07-29
ZUJ,2016-07-29
ZUK,2016-07-29
ZUL,2016-07-29
ZUM,2016-07-29
ZUN,2016-07-29
ZUO,2016-07-29
ZUP,2016-07-29
ZUQ,2016-07-29
ZUR,2016-07-29
ZUS,2016-07-29
ZUT,2016-07-29
ZUU,2016-07-29
ZUV,2016-07-29
ZUW,2016-07-29
ZUX,2016-07-29
ZUY,2016-07-29
ZUZ,2016-07-29
ZVA,2016-07-29
ZVB,2016-07-29
ZVC,2016-07-29
ZVD,2016-07-29
ZVE,2016-07-29
ZVF,2016-07-29
ZVG,2016-07-29
ZVH,2016-07-29
ZVI,2016-07-29
ZVJ,2016-07-29
ZVK,2016-07-29
ZVL,2016-07-29
ZVM,2016-07-29
ZVN,2016-07-29
ZVO,2016-07-29
ZVP,2016-07-29
ZVQ,2016-07-29
ZVR,2016-07-29
ZVS,2016-07-29
ZVT,2016-07-29
ZVU,2016-07-29
ZVV,2016-07-29
ZVW,2016-07-29
ZVX,2016-07-29
ZVY,2016-07-29
ZVZ,2016-07-29
ZWA,2016-07-29
ZWB,2016-07-29
ZWC,2016-07-29
ZWD,2016-07-29
ZWE,2016-07-29
ZWF,2016-07-29
ZWG,2016-07-29
ZWH,2016-07-29
ZWI,2016-07-29
ZWJ,2016-07-29
ZWK,2016-07-29
ZWL,2016-07-29
ZWM,2016-07-29
ZWN,2016-07-29
ZWO,2016-07-29
ZWP,2016-07-29
ZWQ,2016-07-29
ZWR,2016-07-29
ZWS,2016-07-29
ZWT,2016-07-29
ZWU,2016-07-29
ZWV,2016-07-29
ZWW,2016-07-29
ZWX,2016-07-29
ZWY,2016-07-29
ZWZ,2016-07-29
ZXA,2016-07-29
ZXB,2016-07-29
ZXC,2016-07-29
ZXD,2016-07-29
ZXE,2016-07-29
ZXF,2016-07-29
ZXG,2016-07-29
ZXH,2016-07-29
ZXI,2016-07-29
ZXJ,2016-07-29
ZXK,2016-07-29
ZXL,2016-07-29
ZXM,2016-07-29
ZXN,2016-07-29
ZXO,2016-07-29
ZXP,2016-07-29
ZXQ,2016-07-29
ZXR,2016-07-29
ZXS,2016-07-29
ZXT,2016-07-29
ZXU,2016-07-29
ZXV,2016-07-29
ZXW,2016-07-29
ZXX,2016-07-29
ZXY,2016-07-29
ZXZ,2016-07-29
ZYA,2016-07-29
ZYB,2016-07-29
ZYC,2016-07-29
ZYD,2016-07-29
ZYE,2016-07-29
ZYF,2016-07-29
ZYG,2016-07-29
ZYH,2016-07-29
ZYI,2016-07-29
ZYJ,2016-07-29
ZYK,2016-07-29
ZYL,2016-07-29
ZYM,2016-07-29
ZYN,2016-07-29
ZYO,2016-07-29
ZYP,2016-07-29
ZYQ,2016-07-29
ZYR,2016-07-29
ZYS,2016-07-29
ZYT,2016-07-29
ZYU,2016-07-29
ZYV,2016-07-29
ZYW,2016-07-29
ZYX,2016-07-29
ZYY,2016-07-29
ZYZ,2016-07-29
ZZA,2016-07-29
ZZB,2016-07-29
ZZC,2016-07-29
ZZD,2016-07-29
ZZE,2016-07-29
ZZF,2016-07-29
ZZG,2016-07-29
ZZH,2016-07-29
ZZI,2016-07-29
ZZJ,2016-07-29
ZZK,2016-07-29
ZZL,2016-07-29
ZZM,2016-07-29
ZZN,2016-07-29
ZZO,2016-07-29
ZZP,2016-07-29
ZZQ,2016-07-29
ZZR,2016-07-29
ZZS,2016-07-29
ZZT,2016-07-29
ZZU,2016-07-29
ZZV,2016-07-29
ZZW,2016-07-29
ZZX,2016-07-29
ZZY,2016-07-29
ZZZ,2016-07-29
