scc_code,base_callsign,status,notes
G0A,GW4SKA,Issued,
G0B,M0BUL,Issued,
G0C,G0CER,Issued,
G0D,,Withdrawn,
G0E,,Available,
G0F,G5IAN,Issued,
G0G,,Available,
G0H,G0HEU,Issued,
G0I,,Available,
G0J,,Available,
G0K,,Available,
G0L,,Available,
G0M,,Available,
G0N,,Available,
G0O,,Available,
G0P,,Available,
G0Q,,Available,
G0R,,Available,
G0S,,Available,
G0T,,Available,
G0U,,Available,
G0V,GM0OQV,Issued,
G0W,G0VDZ,Issued,
G0X,,Available,
G0Y,,Available,
G0Z,G1RVD,Issued,
G1A,M0NKR,Issued,
G1B,,Withdrawn,
G1C,,Withdrawn,
G1D,M0AQM,Issued,
G1E,G1TPA,Issued,
G1F,M1AOB,Issued,
G1G,G4KIV,Issued,
G1H,,Available,
G1I,,Available,
G1J,MM0BQI,Issued,
G1K,M0RTQ,Issued,
G1L,,Available,
G1M,G0PZE,Issued,
G1N,G0URR,Issued,
G1O,,Available,
G1P,M0IEP,Issued,
G1Q,G8OO,Issued,
G1R,GM5RDX,Issued,
G1S,,Available,
G1T,GM0ULK,Issued,
G1U,,Available,
G1V,G4CZP,Issued,
G1W,M0HAO,Issued,
G1X,GM0HBF,Issued,
G1Y,,Available,
G1Z,,Available,
G2A,GJ3IT,Issued,
G2B,G8VVY,Issued,
G2C,,Withdrawn,
G2D,G3RAT,Issued,
G2E,G3AKX,Issued,
G2F,M0URL,Issued,
G2G,MM0DFV,Issued,
G2H,,Available,
G2I,,Available,
G2J,,Available,
G2K,,Withdrawn,
G2L,G3SVJ,Issued,
G2M,G0HDB,Issued,
G2N,G4ARN,Issued,
G2O,G0UVX,Issued,
G2P,G0JCC,Issued,
G2Q,,Available,
G2R,,Withdrawn,
G2S,GM3ZDH,Issued,
G2T,MM0CPS,Issued,
G2U,G0UGO,Issued,
G2V,GM3WOJ,Issued,
G2W,G4DBW,Issued,
G2X,G0DCK,Issued,
G2Y,MM0DXH,Issued,
G2Z,,Withdrawn,
G3A,GM3ARA,Issued,
G3B,G2DPQ,Issued,
G3C,,Withdrawn,
G3D,,Withdrawn,
G3E,,Available,
G3F,,Withdrawn,
G3G,G3XLG,Issued,
G3H,,Available,source-cell-remnant:status=Hoover GW3RDB 
G3I,,Available,
G3J,,withdrawn,status-noncanonical-case
G3K,,Available,
G3L,,Withdrawn,
G3M,G5LK,Issued,
G3N,G3OTK,Issued,
G3O,,Available,
G3P,G3WPH,Issued,
G3Q,G3RXQ,Issued,
G3R,G0CDA,Issued,
G3S,GM3SEK,Issued,
G3T,G3VGZ,Issued,
G3U,G3UJE,Issued,
G3V,G3VER,Issued,
G3W,GM4RIV,Issued,
G3X,GM3POI,Issued,
G3Y,G3YBY,Issued,
G3Z,G3ZME,Issued,source-cell-remnant:scc_code=G3Z 
G4A,G4TSH,Issued,
G4B,MM0MUN,Issued,
G4C,G1FCW,Issued,
G4D,,Withdrawn,
G4E,G4ENZ,Issued,
G4F,,Available,
G4G,M0RRG,Issued,
G4H,GI4JTF,Issued,
G4I,,Available,
G4J,GW0ETF,Issued,
G4K,G4OED,Issued,
G4L,G4LDL,Issued,
G4M,GM4UBJ,Issued,
G4N,G4ZVB,Issued,
G4O,,Withdrawn,
G4P,G3YPP,Issued,
G4Q,,Withdrawb,status-typo
G4R,G4RFR,Issued,
G4S,G3TXF,Issued,
G4T,MI0SMK,Issued,
G4U,G4SGX,Issued,
G4V,MM0CCC,Issued,
G4W,GW4EVX,Issued,
G4X,GM3TTN,Issued,
G4Y,,Withdrawn,
G4Z,GM4ZUK,Issued,
G5A,GM8VL,Issued,
G5B,G4SIV,Issued,
G5C,G4OGB,Issued,
G5D,,Withdrawn,
G5E,G4AFF,Issued,
G5F,,Withdrawn,
G5G,MM0TGH,Issued,
G5H,G8TRF,Issued,
G5I,GI4DOH,Issued,
G5J,,Available,
G5K,G0BNR,Issued,
G5L,GW4ZAR,Issued,
G5M,MS0TJT,Issued,
G5N,,Withdrawn,
G5O,G6UQ,Issued,
G5P,GW0EGH,Issued,
G5Q,G3SVL,Issued,
G5R,,Withdrawn,
G5S,,Available,
G5T,G3XSD,Issued,
G5U,,Withdrawn,
G5V,G3KAF,Issued,
G5W,G3BJ,Issued,
G5X,GM4YXI,Issued,
G5Y,G5RAR,Issued,
G5Z,MM0DGI,Issued,
G6A,G3VDB,Issued,
G6B,,Available,
G6C,,Withdrawn,
G6D,G0JSP,Issued,
G6E,,Available,
G6F,,Available,
G6G,,Available,
G6H,,Available,
G6I,,Available,
G6J,,Available,
G6K,G0EAK,Issued,
G6L,,Available,
G6M,G4BYG,Issued,
G6N,G0GDU,Issued,
G6O,,Available,
G6P,G4FAL,Issued,
G6Q,,Available,
G6R,,Available,
G6S,,Available,
G6T,G4MKP,Issued,
G6U,,Available,
G6V,,Available,
G6W,,Available,
G6X,,Withdrawn,
G6Y,,Available,
G6Z,,Available,
G7A,GM0ADX,Issued,
G7B,,Available,
G7C,M5ARC,Issued,
G7D,G3XTZ,Issued,
G7E,,Available,
G7F,,Available,
G7G,,Withdrawn,
G7H,G7SYW,Issued,
G7I,,Available,
G7J,,Available,
G7K,,Available,
G7L,G7LRQ,Issued,
G7M,M0SDC,Issued,
G7N,,Withdrawn,
G7O,,Available,
G7P,,Available,
G7Q,,Available,
G7R,GM0NAI,Issued,
G7S,,Available,
G7T,,Withdrawn,
G7U,,Available,
G7V,GM2MP,Issued,
G7W,GC0VPR,Issued,
G7X,G0MCV,Issued,
G7Y,,Available,
G7Z,,Available,
G8A,G3XSV,Issued,
G8B,,Withdrawn,
G8C,M0WLY,Issued,
G8D,G3SJJ,Issued,
G8E,,Available,
G8F,,Available,
G8G,,Available,
G8H,,Available,
G8I,,Available,
G8J,,Available,
G8K,,Withdrawn,
G8L,,Available,
G8M,,Available,source-cell-remnant:status=Orkney ARS 
G8N,G8LED,Issued,
G8O,,Available,
G8P,G4LIP,Issued,
G8Q,,Available,
G8R,,Available,
G8S,G4IDF,Issued,
G8T,M0BAA,Issued,
G8U,MS0KQC,Issued,
G8V,,Available,
G8W,M0VCT,Issued,
G8X,G4FJK,Issued,
G8Y,,Available,
G8Z,,Available,
G9A,,Withdrawn,
G9B,,Available,
G9C,,Withdrawn,
G9D,G6NHU,Issued,
G9E,,Available,
G9F,G4BVY,Issued,
G9G,,Available,
G9H,,Available,
G9I,,Available,
G9J,GW0GEI,Issued,
G9K,,Available,
G9L,,Available,
G9M,,Available,
G9N,,Available,
G9O,,Available,
G9P,M0NCG,Issued,
G9Q,,Available,
G9R,MS0EPC,Issued,
G9S,,Available,
G9T,GW4WXM,Issued,
G9U,,Available,
G9V,,Withdrawn,
G9W,M0DXR,Issued,
G9X,M1LCR,Issued,
G9Y,,Withdrawn,
G9Z,GW1YQM,Issued,
M0A,G8APB,Issued,
M0B,G4KZD,Issued,
M0C,MM0CEZ,Issued,
M0D,M0TZM,Issued,
M0E,,Available,
M0F,,Available,
M0G,,Available,
M0H,MI0KOA,Issued,
M0I,MI0RRE,Issued,
M0J,,Available,
M0K,G8FMC,Issued,
M0L,,Available,
M0M,MN0NID,Issued,
M0N,M0NVS,Issued,
M0O,,Available,
M0P,,Withdrawn,
M0Q,M0DSL,Issued,
M0R,,Available,
M0S,,Available,
M0T,GM3WUX,Issued,
M0U,,Available,
M0V,,Available,
M0W,,Available,
M0X,M0RTI,Issued,
M0Y,,Available,
M0Z,,Available,
M1A,,Withdrawn,
M1B,G1YBB,Issued,
M1C,G1XOW,Issued,
M1D,M1CKD,Issued,
M1E,MM0GOR,Issued,
M1F,M0NVK,Issued,
M1G,G0UWS,Issued,
M1H,,Available,
M1I,,Available,
M1J,,Available,
M1K,M1ABK,Issued,
M1L,G0LGS,Issued,
M1M,MI0LLG,Issued,
M1N,M1DST,Issued,
M1O,,Available,
M1P,M0PLA,Issued,
M1Q,M1AQR,Issued,
M1R,,Withdrawn,
M1S,,Available,
M1T,M0KYB,Issued,
M1U,M0UTD,Issued,
M1V,M1VPN,Issued,
M1W,,Withdrawn,
M1X,G0CKP,Issued,
M1Y,,Available,
M1Z,MS0KPV,Issued,
M2A,G3SDC,Issued,
M2B,,Available,
M2C,MD0CCE,Issued,
M2D,G4NVR,Issued,
M2E,G0RPM,Issued,
M2F,,Withdrawn,
M2G,G4RCG,Issued,
M2H,,Available,
M2I,G0FRE,Issued,
M2J,G4NBS,Issued,
M2K,GU3HFN,Issued,
M2L,M0BJL,Issued,
M2M,MM0XDG,Issued,
M2N,MM0GPZ,Issued,
M2O,G1GEY,Issued,
M2P,,Withdrawn,
M2Q,,Available,
M2R,,Withdrawn,
M2S,,Withdrawn,
M2T,GM0LIR,Issued,
M2U,M0DHP,Issued,
M2V,,Available,
M2W,G0MIN,Issued,
M2X,G4ASR,Issued,
M2Y,,Withdrawn,
M2Z,,Available,
M3A,G4TDX,Issued,
M3B,,Available,
M3C,G4GFI,Issued,
M3D,G3XTT,Issued,
M3E,G4CWH,Issued,
M3F,G3WZD,Issued,
M3G,,Available,
M3H,,Available,
M3I,GM5TDX,Issued,
M3J,,Available,
M3K,,Available,
M3L,M0LKX,Issued,
M3M,,Withdrawn,
M3N,,Withdrawn,
M3O,M0SDB,Issued,
M3P,G3PIA,Issued,
M3Q,,Available,
M3R,G3RTU,Issued,
M3S,,Withdrawn,
M3T,MM0LCG,Issued,
M3U,,Available,
M3V,G0ORY,Issued,
M3W,G3MHZ,Issued,
M3X,M0IHT,Issued,
M3Y,,Available,
M3Z,,Available,
M4A,G6UW,Issued,
M4B,,Available,
M4C,G0FCT,Issued,
M4D,GM4ATA,Issued,
M4E,M0AGP,Issued,
M4F,M0TTQ,Issued,
M4G,G4BFG,Issued,
M4H,,Available,
M4I,GI4SJQ,Issued,
M4J,G0DVJ,Issued,
M4K,GD0EMG,Issued,
M4L,,Available,
M4M,M0PNN,Issued,
M4N,G4IZZ,Issued,
M4O,,Available,
M4P,G0SKW,Issued,
M4Q,,Available,
M4R,GD4XUM,Issued,
M4S,,Available,
M4T,M0BEW,Issued,
M4U,G0RGH,Issued,
M4V,,Available,
M4W,G8SRC,Issued,
M4X,G3SZU,Issued,
M4Y,M5ESE,Issued,
M4Z,M0HDO,Issued,
M5A,G0AAA,Issued,
M5B,M0ZIP,Issued,
M5C,G3CO,Issued,
M5D,G4WQI,Issued,
M5E,GU4YOX,Issued,
M5F,,Available,
M5G,M0ROA,Issued,
M5H,,Available,
M5I,GI0RQK,Issued,
M5J,,Available,
M5K,,Withdrawn,
M5L,M5LMG,Issued,
M5M,G4BRK,Issued,
M5N,G0GJV,Issued,
M5O,,Withdrawn,
M5P,M5BIR,Issued,
M5Q,,Available,
M5R,,Withdrawn,
M5S,G4IRN,Issued,
M5T,,Withdrawn,
M5U,,Available,
M5V,,Available,
M5W,G6EMA,Issued,
M5X,G3RLE,Issued,
M5Y,G3UES,Issued,
M5Z,M0CFW,Issued,
M6A,,Withdrawn,
M6B,,Available,
M6C,M0HFC,Issued,
M6D,,Available,
M6E,,Available,
M6F,,Available,
M6G,,Available,
M6H,,Available,
M6I,,Available,
M6J,,Available,
M6K,,Available,
M6L,,Available,
M6M,GW4BVJ,Issued,
M6N,M0NPK,Issued,
M6O,G3WGN,Issued,
M6P,,Available,
M6Q,,Available,
M6R,M0KUM,Issued,
M6S,,Available,
M6T,G4MRS,Issued,
M6U,,Available,
M6V,,Available,
M6W,G3WW,Issued,
M6X,,Available,
M6Y,,Available,
M6Z,,Available,
M7A,,Withdrawn,
M7B,,Available,
M7C,M5RIC,Issued,
M7D,,Available,
M7E,,Available,
M7F,,Available,
M7G,,Available,
M7H,,Available,
M7I,,Available,
M7J,,Available,
M7K,M0SDV,Issued,
M7L,,Available,
M7M,M0SQC,Issued,
M7N,G3RWF,Issued,
M7O,,Withdrawn,
M7P,,Available,
M7Q,G4PIQ,Issued,
M7R,G0TPH,Issued,
M7S,,Available,
M7T,G3YYD,Issued,
M7U,,Available,
M7V,M0VAA,Issued,
M7W,G3TBK,Issued,
M7X,G0TSM,Issued,
M7Y,,Available,
M7Z,G4BWP,Issued,
M8A,M0HDF,Issued,
M8B,,Available,
M8C,G3RCV,Issued,
M8D,,Available,
M8E,,Available,
M8F,,Available,
M8G,,Available,
M8H,,Available,
M8I,,Available,
M8J,,Available,
M8K,M0HMO,Issued,
M8L,G8LNR,Issued,
M8M,G0JJG,Issued,
M8N,,Available,
M8O,,Available,
M8P,MW0OMB,Issued,
M8Q,,Available,
M8R,GW4SHF,Issued,
M8S,,Available,
M8T,MM0CWJ,Issued,
M8U,,Available,
M8V,,Available,
M8W,,Available,
M8X,,Available,
M8Y,,Available,
M8Z,GM7VSB,Issued,
M9A,G3ZVW,Issued,
M9B,G5LKW,Issued,
M9C,G0TKZ,Issued,
M9D,,Available,
M9E,,Available,
M9F,,Available,
M9G,,Available,
M9H,,Available,
M9I,GM0OPS,Issued,
M9J,,Available,
M9K,,Withdrawn,
M9L,,Available,
M9M,G4BEE,Issued,
M9N,G7WHI,Issued,
M9O,,Available,
M9P,,Available,
M9Q,,Available,
M9R,,Available,
M9S,,Available,
M9T,M0MCG,Issued,
M9U,,Available,
M9V,,Available,
M9W,GW0KRL,Issued,
M9X,,Withdrawn,
M9Y,,Available,
M9Z,,Available,
