Value,Type
ADS,Forbidden
AID,Forbidden
ASS,Forbidden
AUT,Forbidden
BIG,Forbidden
BIT,Forbidden
BOG,Forbidden
BOL,Forbidden
BOM,Forbidden
BUM,Forbidden
CFM,Forbidden
CNT,Forbidden
COC,Forbidden
COK,Forbidden
COL,Forbidden
COW,Forbidden
CUM,Forbidden
DIC,Forbidden
DIE,Forbidden
DIK,Forbidden
DOR,Forbidden
DSC,Forbidden
ETA,Forbidden
FAG,Forbidden
FIC,Forbidden
FOC,Forbidden
FOF,Forbidden
FOO,Forbidden
FUC,Forbidden
FUK,Forbidden
FUX,Forbidden
GIT,Forbidden
GOD,Forbidden
HCQ,Forbidden
HIV,Forbidden
HOA,Forbidden
HON,Forbidden
HOR,Forbidden
IIR,Forbidden
IRA,Forbidden
IUD,Forbidden
JDX,Forbidden
JEW,Forbidden
JJJ,Forbidden
KKK,Forbidden
KOC,Forbidden
KOK,Forbidden
KTS,Forbidden
LIC,Forbidden
LIM,Forbidden
LOO,Forbidden
LPC,Forbidden
MIN,Forbidden
MOO,Forbidden
MSG,Forbidden
MSI,Forbidden
NIG,Forbidden
NIJ,Forbidden
NIL,Forbidden
NIP,Forbidden
NOB,Forbidden
OOG,Forbidden
PBL,Forbidden
PIG,Forbidden
PIM,Forbidden
PIN,Forbidden
PIS,Forbidden
POK,Forbidden
PON,Forbidden
POO,Forbidden
POR,Forbidden
POT,Forbidden
POX,Forbidden
PSE,Forbidden
QAA,Forbidden
QAB,Forbidden
QAC,Forbidden
QAD,Forbidden
QAE,Forbidden
QAF,Forbidden
QAG,Forbidden
QAH,Forbidden
QAI,Forbidden
QAJ,Forbidden
QAK,Forbidden
QAL,Forbidden
QAM,Forbidden
QAN,Forbidden
QAO,Forbidden
QAP,Forbidden
QAQ,Forbidden
QAR,Forbidden
QAS,Forbidden
QAT,Forbidden
QAU,Forbidden
QAV,Forbidden
QAW,Forbidden
QAX,Forbidden
QAY,Forbidden
QAZ,Forbidden
QBA,Forbidden
QBB,Forbidden
QBC,Forbidden
QBD,Forbidden
QBE,Forbidden
QBF,Forbidden
QBG,Forbidden
QBH,Forbidden
QBI,Forbidden
QBJ,Forbidden
QBK,Forbidden
QBL,Forbidden
QBM,Forbidden
QBN,Forbidden
QBO,Forbidden
QBP,Forbidden
QBQ,Forbidden
QBR,Forbidden
QBS,Forbidden
QBT,Forbidden
QBU,Forbidden
QBV,Forbidden
QBW,Forbidden
QBX,Forbidden
QBY,Forbidden
QBZ,Forbidden
QCA,Forbidden
QCB,Forbidden
QCC,Forbidden
QCD,Forbidden
QCE,Forbidden
QCF,Forbidden
QCG,Forbidden
QCH,Forbidden
QCI,Forbidden
QCJ,Forbidden
QCK,Forbidden
QCL,Forbidden
QCM,Forbidden
QCN,Forbidden
QCO,Forbidden
QCP,Forbidden
QCQ,Forbidden
QCR,Forbidden
QCS,Forbidden
QCT,Forbidden
QCU,Forbidden
QCV,Forbidden
QCW,Forbidden
QCX,Forbidden
QCY,Forbidden
QCZ,Forbidden
QDA,Forbidden
QDB,Forbidden
QDC,Forbidden
QDD,Forbidden
QDE,Forbidden
QDF,Forbidden
QDG,Forbidden
QDH,Forbidden
QDI,Forbidden
QDJ,Forbidden
QDK,Forbidden
QDL,Forbidden
QDM,Forbidden
QDN,Forbidden
QDO,Forbidden
QDP,Forbidden
QDQ,Forbidden
QDR,Forbidden
QDS,Forbidden
QDT,Forbidden
QDU,Forbidden
QDV,Forbidden
QDW,Forbidden
QDX,Forbidden
QDY,Forbidden
QDZ,Forbidden
QEA,Forbidden
QEB,Forbidden
QEC,Forbidden
QED,Forbidden
QEE,Forbidden
QEF,Forbidden
QEG,Forbidden
QEH,Forbidden
QEI,Forbidden
QEJ,Forbidden
QEK,Forbidden
QEL,Forbidden
QEM,Forbidden
QEN,Forbidden
QEO,Forbidden
QEP,Forbidden
QEQ,Forbidden
QER,Forbidden
QES,Forbidden
QET,Forbidden
QEU,Forbidden
QEV,Forbidden
QEW,Forbidden
QEX,Forbidden
QEY,Forbidden
QEZ,Forbidden
QFA,Forbidden
QFB,Forbidden
QFC,Forbidden
QFD,Forbidden
QFE,Forbidden
QFF,Forbidden
QFG,Forbidden
QFH,Forbidden
QFI,Forbidden
QFJ,Forbidden
QFK,Forbidden
QFL,Forbidden
QFM,Forbidden
QFN,Forbidden
QFO,Forbidden
QFP,Forbidden
QFQ,Forbidden
QFR,Forbidden
QFS,Forbidden
QFT,Forbidden
QFU,Forbidden
QFV,Forbidden
QFW,Forbidden
QFX,Forbidden
QFY,Forbidden
QFZ,Forbidden
QGA,Forbidden
QGB,Forbidden
QGC,Forbidden
QGD,Forbidden
QGE,Forbidden
QGF,Forbidden
QGG,Forbidden
QGH,Forbidden
QGI,Forbidden
QGJ,Forbidden
QGK,Forbidden
QGL,Forbidden
QGM,Forbidden
QGN,Forbidden
QGO,Forbidden
QGP,Forbidden
QGQ,Forbidden
QGR,Forbidden
QGS,Forbidden
QGT,Forbidden
QGU,Forbidden
QGV,Forbidden
QGW,Forbidden
QGX,Forbidden
QGY,Forbidden
QGZ,Forbidden
QHA,Forbidden
QHB,Forbidden
QHC,Forbidden
QHD,Forbidden
QHE,Forbidden
QHF,Forbidden
QHG,Forbidden
QHH,Forbidden
QHI,Forbidden
QHJ,Forbidden
QHK,Forbidden
QHL,Forbidden
QHM,Forbidden
QHN,Forbidden
QHO,Forbidden
QHP,Forbidden
QHQ,Forbidden
QHR,Forbidden
QHS,Forbidden
QHT,Forbidden
QHU,Forbidden
QHV,Forbidden
QHW,Forbidden
QHX,Forbidden
QHY,Forbidden
QHZ,Forbidden
QIA,Forbidden
QIB,Forbidden
QIC,Forbidden
QID,Forbidden
QIE,Forbidden
QIF,Forbidden
QIG,Forbidden
QIH,Forbidden
QII,Forbidden
QIJ,Forbidden
QIK,Forbidden
QIL,Forbidden
QIM,Forbidden
QIN,Forbidden
QIO,Forbidden
QIP,Forbidden
QIQ,Forbidden
QIR,Forbidden
QIS,Forbidden
QIT,Forbidden
QIU,Forbidden
QIV,Forbidden
QIW,Forbidden
QIX,Forbidden
QIY,Forbidden
QIZ,Forbidden
QJA,Forbidden
QJB,Forbidden
QJC,Forbidden
QJD,Forbidden
QJE,Forbidden
QJF,Forbidden
QJG,Forbidden
QJH,Forbidden
QJI,Forbidden
QJJ,Forbidden
QJK,Forbidden
QJL,Forbidden
QJM,Forbidden
QJN,Forbidden
QJO,Forbidden
QJP,Forbidden
QJQ,Forbidden
QJR,Forbidden
QJS,Forbidden
QJT,Forbidden
QJU,Forbidden
QJV,Forbidden
QJW,Forbidden
QJX,Forbidden
QJY,Forbidden
QJZ,Forbidden
QKA,Forbidden
QKB,Forbidden
QKC,Forbidden
QKD,Forbidden
QKE,Forbidden
QKF,Forbidden
QKG,Forbidden
QKH,Forbidden
QKI,Forbidden
QKJ,Forbidden
QKK,Forbidden
QKL,Forbidden
QKM,Forbidden
QKN,Forbidden
QKO,Forbidden
QKP,Forbidden
QKQ,Forbidden
QKR,Forbidden
QKS,Forbidden
QKT,Forbidden
QKU,Forbidden
QKV,Forbidden
QKW,Forbidden
QKX,Forbidden
QKY,Forbidden
QKZ,Forbidden
QLA,Forbidden
QLB,Forbidden
QLC,Forbidden
QLD,Forbidden
QLE,Forbidden
QLF,Forbidden
QLG,Forbidden
QLH,Forbidden
QLI,Forbidden
QLJ,Forbidden
QLK,Forbidden
QLL,Forbidden
QLM,Forbidden
QLN,Forbidden
QLO,Forbidden
QLP,Forbidden
QLQ,Forbidden
QLR,Forbidden
QLS,Forbidden
QLT,Forbidden
QLU,Forbidden
QLV,Forbidden
QLW,Forbidden
QLX,Forbidden
QLY,Forbidden
QLZ,Forbidden
QMA,Forbidden
QMB,Forbidden
QMC,Forbidden
QMD,Forbidden
QME,Forbidden
QMF,Forbidden
QMG,Forbidden
QMH,Forbidden
QMI,Forbidden
QMJ,Forbidden
QMK,Forbidden
QML,Forbidden
QMM,Forbidden
QMN,Forbidden
QMO,Forbidden
QMP,Forbidden
QMQ,Forbidden
QMR,Forbidden
QMS,Forbidden
QMT,Forbidden
QMU,Forbidden
QMV,Forbidden
QMW,Forbidden
QMX,Forbidden
QMY,Forbidden
QMZ,Forbidden
QNA,Forbidden
QNB,Forbidden
QNC,Forbidden
QND,Forbidden
QNE,Forbidden
QNF,Forbidden
QNG,Forbidden
QNH,Forbidden
QNI,Forbidden
QNJ,Forbidden
QNK,Forbidden
QNL,Forbidden
QNM,Forbidden
QNN,Forbidden
QNO,Forbidden
QNP,Forbidden
QNQ,Forbidden
QNR,Forbidden
QNS,Forbidden
QNT,Forbidden
QNU,Forbidden
QNV,Forbidden
QNW,Forbidden
QNX,Forbidden
QNY,Forbidden
QNZ,Forbidden
QOA,Forbidden
QOB,Forbidden
QOC,Forbidden
QOD,Forbidden
QOE,Forbidden
QOF,Forbidden
QOG,Forbidden
QOH,Forbidden
QOI,Forbidden
QOJ,Forbidden
QOK,Forbidden
QOL,Forbidden
QOM,Forbidden
QON,Forbidden
QOO,Forbidden
QOP,Forbidden
QOQ,Forbidden
QOR,Forbidden
QOS,Forbidden
QOT,Forbidden
QOU,Forbidden
QOV,Forbidden
QOW,Forbidden
QOX,Forbidden
QOY,Forbidden
QOZ,Forbidden
QPA,Forbidden
QPB,Forbidden
QPC,Forbidden
QPD,Forbidden
QPE,Forbidden
QPF,Forbidden
QPG,Forbidden
QPH,Forbidden
QPI,Forbidden
QPJ,Forbidden
QPK,Forbidden
QPL,Forbidden
QPM,Forbidden
QPN,Forbidden
QPO,Forbidden
QPP,Forbidden
QPQ,Forbidden
QPR,Forbidden
QPS,Forbidden
QPT,Forbidden
QPU,Forbidden
QPV,Forbidden
QPW,Forbidden
QPX,Forbidden
QPY,Forbidden
QPZ,Forbidden
QQA,Forbidden
QQB,Forbidden
QQC,Forbidden
QQD,Forbidden
QQE,Forbidden
QQF,Forbidden
QQG,Forbidden
QQH,Forbidden
QQI,Forbidden
QQJ,Forbidden
QQK,Forbidden
QQL,Forbidden
QQM,Forbidden
QQN,Forbidden
QQO,Forbidden
QQP,Forbidden
QQQ,Forbidden
QQR,Forbidden
QQS,Forbidden
QQT,Forbidden
QQU,Forbidden
QQV,Forbidden
QQW,Forbidden
QQX,Forbidden
QQY,Forbidden
QQZ,Forbidden
QRA,Forbidden
QRB,Forbidden
QRC,Forbidden
QRD,Forbidden
QRE,Forbidden
QRF,Forbidden
QRG,Forbidden
QRH,Forbidden
QRI,Forbidden
QRJ,Forbidden
QRK,Forbidden
QRL,Forbidden
QRM,Forbidden
QRN,Forbidden
QRO,Forbidden
QRP,Forbidden
QRQ,Forbidden
QRR,Forbidden
QRS,Forbidden
QRT,Forbidden
QRU,Forbidden
QRV,Forbidden
QRW,Forbidden
QRX,Forbidden
QRY,Forbidden
QRZ,Forbidden
QSA,Forbidden
QSB,Forbidden
QSC,Forbidden
QSD,Forbidden
QSE,Forbidden
QSF,Forbidden
QSG,Forbidden
QSH,Forbidden
QSI,Forbidden
QSJ,Forbidden
QSK,Forbidden
QSL,Forbidden
QSM,Forbidden
QSN,Forbidden
QSO,Forbidden
QSP,Forbidden
QSQ,Forbidden
QSR,Forbidden
QSS,Forbidden
QST,Forbidden
QSU,Forbidden
QSV,Forbidden
QSW,Forbidden
QSX,Forbidden
QSY,Forbidden
QSZ,Forbidden
QTA,Forbidden
QTB,Forbidden
QTC,Forbidden
QTD,Forbidden
QTE,Forbidden
QTF,Forbidden
QTG,Forbidden
QTH,Forbidden
QTI,Forbidden
QTJ,Forbidden
QTK,Forbidden
QTL,Forbidden
QTM,Forbidden
QTN,Forbidden
QTO,Forbidden
QTP,Forbidden
QTQ,Forbidden
QTR,Forbidden
QTS,Forbidden
QTT,Forbidden
QTU,Forbidden
QTV,Forbidden
QTW,Forbidden
QTX,Forbidden
QTY,Forbidden
QTZ,Forbidden
QUA,Forbidden
QUB,Forbidden
QUC,Forbidden
QUD,Forbidden
QUE,Forbidden
QUF,Forbidden
QUG,Forbidden
QUH,Forbidden
QUI,Forbidden
QUJ,Forbidden
QUK,Forbidden
QUL,Forbidden
QUM,Forbidden
QUN,Forbidden
QUO,Forbidden
QUP,Forbidden
QUQ,Forbidden
QUR,Forbidden
QUS,Forbidden
QUT,Forbidden
QUU,Forbidden
QUV,Forbidden
QUW,Forbidden
QUX,Forbidden
QUY,Forbidden
QUZ,Forbidden
QVA,Forbidden
QVB,Forbidden
QVC,Forbidden
QVD,Forbidden
QVE,Forbidden
QVF,Forbidden
QVG,Forbidden
QVH,Forbidden
QVI,Forbidden
QVJ,Forbidden
QVK,Forbidden
QVL,Forbidden
QVM,Forbidden
QVN,Forbidden
QVO,Forbidden
QVP,Forbidden
QVQ,Forbidden
QVR,Forbidden
QVS,Forbidden
QVT,Forbidden
QVU,Forbidden
QVV,Forbidden
QVW,Forbidden
QVX,Forbidden
QVY,Forbidden
QVZ,Forbidden
QWA,Forbidden
QWB,Forbidden
QWC,Forbidden
QWD,Forbidden
QWE,Forbidden
QWF,Forbidden
QWG,Forbidden
QWH,Forbidden
QWI,Forbidden
QWJ,Forbidden
QWK,Forbidden
QWL,Forbidden
QWM,Forbidden
QWN,Forbidden
QWO,Forbidden
QWP,Forbidden
QWQ,Forbidden
QWR,Forbidden
QWS,Forbidden
QWT,Forbidden
QWU,Forbidden
QWV,Forbidden
QWW,Forbidden
QWX,Forbidden
QWY,Forbidden
QWZ,Forbidden
QXA,Forbidden
QXB,Forbidden
QXC,Forbidden
QXD,Forbidden
QXE,Forbidden
QXF,Forbidden
QXG,Forbidden
QXH,Forbidden
QXI,Forbidden
QXJ,Forbidden
QXK,Forbidden
QXL,Forbidden
QXM,Forbidden
QXN,Forbidden
QXO,Forbidden
QXP,Forbidden
QXQ,Forbidden
QXR,Forbidden
QXS,Forbidden
QXT,Forbidden
QXU,Forbidden
QXV,Forbidden
QXW,Forbidden
QXX,Forbidden
QXY,Forbidden
QXZ,Forbidden
QYA,Forbidden
QYB,Forbidden
QYC,Forbidden
QYD,Forbidden
QYE,Forbidden
QYF,Forbidden
QYG,Forbidden
QYH,Forbidden
QYI,Forbidden
QYJ,Forbidden
QYK,Forbidden
QYL,Forbidden
QYM,Forbidden
QYN,Forbidden
QYO,Forbidden
QYP,Forbidden
QYQ,Forbidden
QYR,Forbidden
QYS,Forbidden
QYT,Forbidden
QYU,Forbidden
QYV,Forbidden
QYW,Forbidden
QYX,Forbidden
QYY,Forbidden
QYZ,Forbidden
QZA,Forbidden
QZB,Forbidden
QZC,Forbidden
QZD,Forbidden
QZE,Forbidden
QZF,Forbidden
QZG,Forbidden
QZH,Forbidden
QZI,Forbidden
QZJ,Forbidden
QZK,Forbidden
QZL,Forbidden
QZM,Forbidden
QZN,Forbidden
QZO,Forbidden
QZP,Forbidden
QZQ,Forbidden
QZR,Forbidden
QZS,Forbidden
QZT,Forbidden
QZU,Forbidden
QZV,Forbidden
QZW,Forbidden
QZX,Forbidden
QZY,Forbidden
QZZ,Forbidden
RAF,Forbidden
RCC,Forbidden
REF,Forbidden
RID,Forbidden
RIM,Forbidden
ROD,Forbidden
ROG,Forbidden
RON,Forbidden
RPT,Forbidden
RSE,Forbidden
SAR,Forbidden
SEX,Forbidden
SIC,Forbidden
SIG,Forbidden
SLT,Forbidden
SOD,Forbidden
SOI,Forbidden
SOS,Forbidden
SOW,Forbidden
SVC,Forbidden
SYS,Forbidden
TFC,Forbidden
TIT,Forbidden
TOO,Forbidden
TOS,Forbidden
TTT,Forbidden
TXT,Forbidden
VDB,Forbidden
VIL,Forbidden
VIZ,Forbidden
WIP,Forbidden
WNG,Forbidden
WNK,Forbidden
WOG,Forbidden
WOP,Forbidden
WOR,Forbidden
XSC,Forbidden
XXX,Forbidden
YID,Forbidden
ZAA,Forbidden
ZAB,Forbidden
ZAC,Forbidden
ZAD,Forbidden
ZAE,Forbidden
ZAF,Forbidden
ZAG,Forbidden
ZAH,Forbidden
ZAI,Forbidden
ZAJ,Forbidden
ZAK,Forbidden
ZAL,Forbidden
ZAM,Forbidden
ZAN,Forbidden
ZAO,Forbidden
ZAP,Forbidden
ZAQ,Forbidden
ZAR,Forbidden
ZAS,Forbidden
ZAT,Forbidden
ZAU,Forbidden
ZAV,Forbidden
ZAW,Forbidden
ZAX,Forbidden
ZAY,Forbidden
ZAZ,Forbidden
ZBA,Forbidden
ZBB,Forbidden
ZBC,Forbidden
ZBD,Forbidden
ZBE,Forbidden
ZBF,Forbidden
ZBG,Forbidden
ZBH,Forbidden
ZBI,Forbidden
ZBJ,Forbidden
ZBK,Forbidden
ZBL,Forbidden
ZBM,Forbidden
ZBN,Forbidden
ZBO,Forbidden
ZBP,Forbidden
ZBQ,Forbidden
ZBR,Forbidden
ZBS,Forbidden
ZBT,Forbidden
ZBU,Forbidden
ZBV,Forbidden
ZBW,Forbidden
ZBX,Forbidden
ZBY,Forbidden
ZBZ,Forbidden
ZCA,Forbidden
ZCB,Forbidden
ZCC,Forbidden
ZCD,Forbidden
ZCE,Forbidden
ZCF,Forbidden
ZCG,Forbidden
ZCH,Forbidden
ZCI,Forbidden
ZCJ,Forbidden
ZCK,Forbidden
ZCL,Forbidden
ZCM,Forbidden
ZCN,Forbidden
ZCO,Forbidden
ZCP,Forbidden
ZCQ,Forbidden
ZCR,Forbidden
ZCS,Forbidden
ZCT,Forbidden
ZCU,Forbidden
ZCV,Forbidden
ZCW,Forbidden
ZCX,Forbidden
ZCY,Forbidden
ZCZ,Forbidden
ZDA,Forbidden
ZDB,Forbidden
ZDC,Forbidden
ZDD,Forbidden
ZDE,Forbidden
ZDF,Forbidden
ZDG,Forbidden
ZDH,Forbidden
ZDI,Forbidden
ZDJ,Forbidden
ZDK,Forbidden
ZDL,Forbidden
ZDM,Forbidden
ZDN,Forbidden
ZDO,Forbidden
ZDP,Forbidden
ZDQ,Forbidden
ZDR,Forbidden
ZDS,Forbidden
ZDT,Forbidden
ZDU,Forbidden
ZDV,Forbidden
ZDW,Forbidden
ZDX,Forbidden
ZDY,Forbidden
ZDZ,Forbidden
ZEA,Forbidden
ZEB,Forbidden
ZEC,Forbidden
ZED,Forbidden
ZEE,Forbidden
ZEF,Forbidden
ZEG,Forbidden
ZEH,Forbidden
ZEI,Forbidden
ZEJ,Forbidden
ZEK,Forbidden
ZEL,Forbidden
ZEM,Forbidden
ZEN,Forbidden
ZEO,Forbidden
ZEP,Forbidden
ZEQ,Forbidden
ZER,Forbidden
ZES,Forbidden
ZET,Forbidden
ZEU,Forbidden
ZEV,Forbidden
ZEW,Forbidden
ZEX,Forbidden
ZEY,Forbidden
ZEZ,Forbidden
ZFA,Forbidden
ZFB,Forbidden
ZFC,Forbidden
ZFD,Forbidden
ZFE,Forbidden
ZFF,Forbidden
ZFG,Forbidden
ZFH,Forbidden
ZFI,Forbidden
ZFJ,Forbidden
ZFK,Forbidden
ZFL,Forbidden
ZFM,Forbidden
ZFN,Forbidden
ZFO,Forbidden
ZFP,Forbidden
ZFQ,Forbidden
ZFR,Forbidden
ZFS,Forbidden
ZFT,Forbidden
ZFU,Forbidden
ZFV,Forbidden
ZFW,Forbidden
ZFX,Forbidden
ZFY,Forbidden
ZFZ,Forbidden
ZGA,Forbidden
ZGB,Forbidden
ZGC,Forbidden
ZGD,Forbidden
ZGE,Forbidden
ZGF,Forbidden
ZGG,Forbidden
ZGH,Forbidden
ZGI,Forbidden
ZGJ,Forbidden
ZGK,Forbidden
ZGL,Forbidden
ZGM,Forbidden
ZGN,Forbidden
ZGO,Forbidden
ZGP,Forbidden
ZGQ,Forbidden
ZGR,Forbidden
ZGS,Forbidden
ZGT,Forbidden
ZGU,Forbidden
ZGV,Forbidden
ZGW,Forbidden
ZGX,Forbidden
ZGY,Forbidden
ZGZ,Forbidden
ZHA,Forbidden
ZHB,Forbidden
ZHC,Forbidden
ZHD,Forbidden
ZHE,Forbidden
ZHF,Forbidden
ZHG,Forbidden
ZHH,Forbidden
ZHI,Forbidden
ZHJ,Forbidden
ZHK,Forbidden
ZHL,Forbidden
ZHM,Forbidden
ZHN,Forbidden
ZHO,Forbidden
ZHP,Forbidden
ZHQ,Forbidden
ZHR,Forbidden
ZHS,Forbidden
ZHT,Forbidden
ZHU,Forbidden
ZHV,Forbidden
ZHW,Forbidden
ZHX,Forbidden
ZHY,Forbidden
ZHZ,Forbidden
ZIA,Forbidden
ZIB,Forbidden
ZIC,Forbidden
ZID,Forbidden
ZIE,Forbidden
ZIF,Forbidden
ZIG,Forbidden
ZIH,Forbidden
ZII,Forbidden
ZIJ,Forbidden
ZIK,Forbidden
ZIL,Forbidden
ZIM,Forbidden
ZIN,Forbidden
ZIO,Forbidden
ZIP,Forbidden
ZIQ,Forbidden
ZIR,Forbidden
ZIS,Forbidden
ZIT,Forbidden
ZIT,Forbidden
ZIU,Forbidden
ZIV,Forbidden
ZIW,Forbidden
ZIX,Forbidden
ZIY,Forbidden
ZIZ,Forbidden
ZJA,Forbidden
ZJB,Forbidden
ZJC,Forbidden
ZJD,Forbidden
ZJE,Forbidden
ZJF,Forbidden
ZJG,Forbidden
ZJH,Forbidden
ZJI,Forbidden
ZJJ,Forbidden
ZJK,Forbidden
ZJL,Forbidden
ZJM,Forbidden
ZJN,Forbidden
ZJO,Forbidden
ZJP,Forbidden
ZJQ,Forbidden
ZJR,Forbidden
ZJS,Forbidden
ZJT,Forbidden
ZJU,Forbidden
ZJV,Forbidden
ZJW,Forbidden
ZJX,Forbidden
ZJY,Forbidden
ZJZ,Forbidden
ZKA,Forbidden
ZKB,Forbidden
ZKC,Forbidden
ZKD,Forbidden
ZKE,Forbidden
ZKF,Forbidden
ZKG,Forbidden
ZKH,Forbidden
ZKI,Forbidden
ZKJ,Forbidden
ZKK,Forbidden
ZKL,Forbidden
ZKM,Forbidden
ZKN,Forbidden
ZKO,Forbidden
ZKP,Forbidden
ZKQ,Forbidden
ZKR,Forbidden
ZKS,Forbidden
ZKT,Forbidden
ZKU,Forbidden
ZKV,Forbidden
ZKW,Forbidden
ZKX,Forbidden
ZKY,Forbidden
ZKZ,Forbidden
ZLA,Forbidden
ZLB,Forbidden
ZLC,Forbidden
ZLD,Forbidden
ZLE,Forbidden
ZLF,Forbidden
ZLG,Forbidden
ZLH,Forbidden
ZLI,Forbidden
ZLJ,Forbidden
ZLK,Forbidden
ZLL,Forbidden
ZLM,Forbidden
ZLN,Forbidden
ZLO,Forbidden
ZLP,Forbidden
ZLQ,Forbidden
ZLR,Forbidden
ZLS,Forbidden
ZLT,Forbidden
ZLU,Forbidden
ZLV,Forbidden
ZLW,Forbidden
ZLX,Forbidden
ZLY,Forbidden
ZLZ,Forbidden
ZMA,Forbidden
ZMB,Forbidden
ZMC,Forbidden
ZMD,Forbidden
ZME,Forbidden
ZMF,Forbidden
ZMG,Forbidden
ZMH,Forbidden
ZMI,Forbidden
ZMJ,Forbidden
ZMK,Forbidden
ZML,Forbidden
ZMM,Forbidden
ZMN,Forbidden
ZMO,Forbidden
ZMP,Forbidden
ZMQ,Forbidden
ZMR,Forbidden
ZMS,Forbidden
ZMT,Forbidden
ZMU,Forbidden
ZMV,Forbidden
ZMW,Forbidden
ZMX,Forbidden
ZMY,Forbidden
ZMZ,Forbidden
ZNA,Forbidden
ZNB,Forbidden
ZNC,Forbidden
ZND,Forbidden
ZNE,Forbidden
ZNF,Forbidden
ZNG,Forbidden
ZNH,Forbidden
ZNI,Forbidden
ZNJ,Forbidden
ZNK,Forbidden
ZNL,Forbidden
ZNM,Forbidden
ZNN,Forbidden
ZNO,Forbidden
ZNP,Forbidden
ZNQ,Forbidden
ZNR,Forbidden
ZNS,Forbidden
ZNT,Forbidden
ZNU,Forbidden
ZNV,Forbidden
ZNW,Forbidden
ZNX,Forbidden
ZNY,Forbidden
ZNZ,Forbidden
ZOA,Forbidden
ZOB,Forbidden
ZOC,Forbidden
ZOD,Forbidden
ZOE,Forbidden
ZOF,Forbidden
ZOG,Forbidden
ZOH,Forbidden
ZOI,Forbidden
ZOJ,Forbidden
ZOK,Forbidden
ZOL,Forbidden
ZOM,Forbidden
ZON,Forbidden
ZOO,Forbidden
ZOP,Forbidden
ZOQ,Forbidden
ZOR,Forbidden
ZOS,Forbidden
ZOT,Forbidden
ZOU,Forbidden
ZOV,Forbidden
ZOW,Forbidden
ZOX,Forbidden
ZOY,Forbidden
ZOZ,Forbidden
ZPA,Forbidden
ZPB,Forbidden
ZPC,Forbidden
ZPD,Forbidden
ZPE,Forbidden
ZPF,Forbidden
ZPG,Forbidden
ZPH,Forbidden
ZPI,Forbidden
ZPJ,Forbidden
ZPK,Forbidden
ZPL,Forbidden
ZPM,Forbidden
ZPN,Forbidden
ZPO,Forbidden
ZPP,Forbidden
ZPQ,Forbidden
ZPR,Forbidden
ZPS,Forbidden
ZPT,Forbidden
ZPU,Forbidden
ZPV,Forbidden
ZPW,Forbidden
ZPX,Forbidden
ZPY,Forbidden
ZPZ,Forbidden
ZQA,Forbidden
ZQB,Forbidden
ZQC,Forbidden
ZQD,Forbidden
ZQE,Forbidden
ZQF,Forbidden
ZQG,Forbidden
ZQH,Forbidden
ZQI,Forbidden
ZQJ,Forbidden
ZQK,Forbidden
ZQL,Forbidden
ZQM,Forbidden
ZQN,Forbidden
ZQO,Forbidden
ZQP,Forbidden
ZQQ,Forbidden
ZQR,Forbidden
ZQS,Forbidden
ZQT,Forbidden
ZQU,Forbidden
ZQV,Forbidden
ZQW,Forbidden
ZQX,Forbidden
ZQY,Forbidden
ZQZ,Forbidden
ZRA,Forbidden
ZRB,Forbidden
ZRC,Forbidden
ZRD,Forbidden
ZRE,Forbidden
ZRF,Forbidden
ZRG,Forbidden
ZRH,Forbidden
ZRI,Forbidden
ZRJ,Forbidden
ZRK,Forbidden
ZRL,Forbidden
ZRM,Forbidden
ZRN,Forbidden
ZRO,Forbidden
ZRP,Forbidden
ZRQ,Forbidden
ZRR,Forbidden
ZRS,Forbidden
ZRT,Forbidden
ZRU,Forbidden
ZRV,Forbidden
ZRW,Forbidden
ZRX,Forbidden
ZRY,Forbidden
ZRZ,Forbidden
ZSA,Forbidden
ZSB,Forbidden
ZSC,Forbidden
ZSD,Forbidden
ZSE,Forbidden
ZSF,Forbidden
ZSG,Forbidden
ZSH,Forbidden
ZSI,Forbidden
ZSJ,Forbidden
ZSK,Forbidden
ZSL,Forbidden
ZSM,Forbidden
ZSN,Forbidden
ZSO,Forbidden
ZSP,Forbidden
ZSQ,Forbidden
ZSR,Forbidden
ZSS,Forbidden
ZST,Forbidden
ZSU,Forbidden
ZSV,Forbidden
ZSW,Forbidden
ZSX,Forbidden
ZSY,Forbidden
ZSZ,Forbidden
ZTA,Forbidden
ZTB,Forbidden
ZTC,Forbidden
ZTD,Forbidden
ZTE,Forbidden
ZTF,Forbidden
ZTG,Forbidden
ZTH,Forbidden
ZTI,Forbidden
ZTJ,Forbidden
ZTK,Forbidden
ZTL,Forbidden
ZTM,Forbidden
ZTN,Forbidden
ZTO,Forbidden
ZTP,Forbidden
ZTQ,Forbidden
ZTR,Forbidden
ZTS,Forbidden
ZTT,Forbidden
ZTU,Forbidden
ZTV,Forbidden
ZTW,Forbidden
ZTX,Forbidden
ZTY,Forbidden
ZTZ,Forbidden
ZUA,Forbidden
ZUB,Forbidden
ZUC,Forbidden
ZUD,Forbidden
ZUE,Forbidden
ZUF,Forbidden
ZUG,Forbidden
ZUH,Forbidden
ZUI,Forbidden
ZUJ,Forbidden
ZUK,Forbidden
ZUL,Forbidden
ZUM,Forbidden
ZUN,Forbidden
ZUO,Forbidden
ZUP,Forbidden
ZUQ,Forbidden
ZUR,Forbidden
ZUS,Forbidden
ZUT,Forbidden
ZUU,Forbidden
ZUV,Forbidden
ZUW,Forbidden
ZUX,Forbidden
ZUY,Forbidden
ZUZ,Forbidden
ZVA,Forbidden
ZVB,Forbidden
ZVC,Forbidden
ZVD,Forbidden
ZVE,Forbidden
ZVF,Forbidden
ZVG,Forbidden
ZVH,Forbidden
ZVI,Forbidden
ZVJ,Forbidden
ZVK,Forbidden
ZVL,Forbidden
ZVM,Forbidden
ZVN,Forbidden
ZVO,Forbidden
ZVP,Forbidden
ZVQ,Forbidden
ZVR,Forbidden
ZVS,Forbidden
ZVT,Forbidden
ZVU,Forbidden
ZVV,Forbidden
ZVW,Forbidden
ZVX,Forbidden
ZVY,Forbidden
ZVZ,Forbidden
ZWA,Forbidden
ZWB,Forbidden
ZWC,Forbidden
ZWD,Forbidden
ZWE,Forbidden
ZWF,Forbidden
ZWG,Forbidden
ZWH,Forbidden
ZWI,Forbidden
ZWJ,Forbidden
ZWK,Forbidden
ZWL,Forbidden
ZWM,Forbidden
ZWN,Forbidden
ZWO,Forbidden
ZWP,Forbidden
ZWQ,Forbidden
ZWR,Forbidden
ZWS,Forbidden
ZWT,Forbidden
ZWU,Forbidden
ZWV,Forbidden
ZWW,Forbidden
ZWX,Forbidden
ZWY,Forbidden
ZWZ,Forbidden
ZXA,Forbidden
ZXB,Forbidden
ZXC,Forbidden
ZXD,Forbidden
ZXE,Forbidden
ZXF,Forbidden
ZXG,Forbidden
ZXH,Forbidden
ZXI,Forbidden
ZXJ,Forbidden
ZXK,Forbidden
ZXL,Forbidden
ZXM,Forbidden
ZXN,Forbidden
ZXO,Forbidden
ZXP,Forbidden
ZXQ,Forbidden
ZXR,Forbidden
ZXS,Forbidden
ZXT,Forbidden
ZXU,Forbidden
ZXV,Forbidden
ZXW,Forbidden
ZXX,Forbidden
ZXY,Forbidden
ZXZ,Forbidden
ZYA,Forbidden
ZYB,Forbidden
ZYC,Forbidden
ZYD,Forbidden
ZYE,Forbidden
ZYF,Forbidden
ZYG,Forbidden
ZYH,Forbidden
ZYI,Forbidden
ZYJ,Forbidden
ZYK,Forbidden
ZYL,Forbidden
ZYM,Forbidden
ZYN,Forbidden
ZYO,Forbidden
ZYP,Forbidden
ZYQ,Forbidden
ZYR,Forbidden
ZYS,Forbidden
ZYT,Forbidden
ZYU,Forbidden
ZYV,Forbidden
ZYW,Forbidden
ZYX,Forbidden
ZYY,Forbidden
ZYZ,Forbidden
ZZA,Forbidden
ZZB,Forbidden
ZZC,Forbidden
ZZD,Forbidden
ZZE,Forbidden
ZZF,Forbidden
ZZG,Forbidden
ZZH,Forbidden
ZZI,Forbidden
ZZJ,Forbidden
ZZK,Forbidden
ZZL,Forbidden
ZZM,Forbidden
ZZN,Forbidden
ZZO,Forbidden
ZZP,Forbidden
ZZQ,Forbidden
ZZR,Forbidden
ZZS,Forbidden
ZZT,Forbidden
ZZU,Forbidden
ZZV,Forbidden
ZZW,Forbidden
ZZX,Forbidden
ZZY,Forbidden
ZZZ,Forbidden
