Name,LastModifiedDate
ADS,29/07/2016 17:19
AID,29/07/2016 17:19
ASS,29/07/2016 17:19
AUT,29/07/2016 17:19
BIG,29/07/2016 17:19
BIT,29/07/2016 17:19
BOG,29/07/2016 17:19
BOL,29/07/2016 17:19
BOM,29/07/2016 17:19
BUM,29/07/2016 17:19
CFM,29/07/2016 17:19
CNT,29/07/2016 17:19
COC,29/07/2016 17:19
COK,29/07/2016 17:19
COL,29/07/2016 17:19
COW,29/07/2016 17:19
CUM,29/07/2016 17:19
DIC,29/07/2016 17:19
DIE,29/07/2016 17:19
DIK,29/07/2016 17:19
DOR,29/07/2016 17:19
DSC,29/07/2016 17:19
ETA,29/07/2016 17:19
FAG,29/07/2016 17:19
FIC,29/07/2016 17:19
FOC,29/07/2016 17:19
FOF,29/07/2016 17:19
FOO,29/07/2016 17:19
FUC,29/07/2016 17:19
FUK,29/07/2016 17:19
FUX,29/07/2016 17:19
GIT,29/07/2016 17:19
GOD,29/07/2016 17:19
HCQ,29/07/2016 17:19
HIV,29/07/2016 17:19
HOA,29/07/2016 17:19
HON,29/07/2016 17:19
HOR,29/07/2016 17:19
IIR,29/07/2016 17:19
IRA,29/07/2016 17:19
IUD,29/07/2016 17:19
JDX,29/07/2016 17:19
JEW,29/07/2016 17:19
JIZ,10/12/2020 09:10
JJJ,29/07/2016 17:19
KKK,29/07/2016 17:19
KOC,29/07/2016 17:19
KOK,29/07/2016 17:19
KTS,29/07/2016 17:19
LIC,29/07/2016 17:19
LIM,29/07/2016 17:19
LOO,29/07/2016 17:19
LPC,29/07/2016 17:19
MIN,29/07/2016 17:19
MOO,29/07/2016 17:19
MSG,29/07/2016 17:19
MSI,29/07/2016 17:19
NIG,29/07/2016 17:19
NIJ,29/07/2016 17:19
NIL,29/07/2016 17:19
NIP,29/07/2016 17:19
NOB,29/07/2016 17:19
OOG,29/07/2016 17:19
PBL,29/07/2016 17:19
PIG,29/07/2016 17:19
PIM,29/07/2016 17:19
PIN,29/07/2016 17:19
PIS,29/07/2016 17:19
POK,29/07/2016 17:19
PON,29/07/2016 17:19
POO,29/07/2016 17:19
POR,29/07/2016 17:19
POT,29/07/2016 17:19
POX,29/07/2016 17:19
PSE,29/07/2016 17:19
QAA,29/07/2016 17:19
QAB,29/07/2016 17:19
QAC,29/07/2016 17:19
QAD,29/07/2016 17:19
QAE,29/07/2016 17:19
QAF,29/07/2016 17:19
QAG,29/07/2016 17:19
QAH,29/07/2016 17:19
QAI,29/07/2016 17:19
QAJ,29/07/2016 17:19
QAK,29/07/2016 17:19
QAL,29/07/2016 17:19
QAM,29/07/2016 17:19
QAN,29/07/2016 17:19
QAO,29/07/2016 17:19
QAP,29/07/2016 17:19
QAQ,29/07/2016 17:19
QAR,29/07/2016 17:19
QAS,29/07/2016 17:19
QAT,29/07/2016 17:19
QAU,29/07/2016 17:19
QAV,29/07/2016 17:19
QAW,29/07/2016 17:19
QAX,29/07/2016 17:19
QAY,29/07/2016 17:19
QAZ,29/07/2016 17:19
QBA,29/07/2016 17:19
QBB,29/07/2016 17:19
QBC,29/07/2016 17:19
QBD,29/07/2016 17:19
QBE,29/07/2016 17:19
QBF,29/07/2016 17:19
QBG,29/07/2016 17:19
QBH,29/07/2016 17:19
QBI,29/07/2016 17:19
QBJ,29/07/2016 17:19
QBK,29/07/2016 17:19
QBL,29/07/2016 17:19
QBM,29/07/2016 17:19
QBN,29/07/2016 17:19
QBO,29/07/2016 17:19
QBP,29/07/2016 17:19
QBQ,29/07/2016 17:19
QBR,29/07/2016 17:19
QBS,29/07/2016 17:19
QBT,29/07/2016 17:19
QBU,29/07/2016 17:19
QBV,29/07/2016 17:19
QBW,29/07/2016 17:19
QBX,29/07/2016 17:19
QBY,29/07/2016 17:19
QBZ,29/07/2016 17:19
QCA,29/07/2016 17:19
QCB,29/07/2016 17:19
QCC,29/07/2016 17:19
QCD,29/07/2016 17:19
QCE,29/07/2016 17:19
QCF,29/07/2016 17:19
QCG,29/07/2016 17:19
QCH,29/07/2016 17:19
QCI,29/07/2016 17:19
QCJ,29/07/2016 17:19
QCK,29/07/2016 17:19
QCL,29/07/2016 17:19
QCM,29/07/2016 17:19
QCN,29/07/2016 17:19
QCO,29/07/2016 17:19
QCP,29/07/2016 17:19
QCQ,29/07/2016 17:19
QCR,29/07/2016 17:19
QCS,29/07/2016 17:19
QCT,29/07/2016 17:19
QCU,29/07/2016 17:19
QCV,29/07/2016 17:19
QCW,29/07/2016 17:19
QCX,29/07/2016 17:19
QCY,29/07/2016 17:19
QCZ,29/07/2016 17:19
QDA,29/07/2016 17:19
QDB,29/07/2016 17:19
QDC,29/07/2016 17:19
QDD,29/07/2016 17:19
QDE,29/07/2016 17:19
QDF,29/07/2016 17:19
QDG,29/07/2016 17:19
QDH,29/07/2016 17:19
QDI,29/07/2016 17:19
QDJ,29/07/2016 17:19
QDK,29/07/2016 17:19
QDL,29/07/2016 17:19
QDM,29/07/2016 17:19
QDN,29/07/2016 17:19
QDO,29/07/2016 17:19
QDP,29/07/2016 17:19
QDQ,29/07/2016 17:19
QDR,29/07/2016 17:19
QDS,29/07/2016 17:19
QDT,29/07/2016 17:19
QDU,29/07/2016 17:19
QDV,29/07/2016 17:19
QDW,29/07/2016 17:19
QDX,29/07/2016 17:19
QDY,29/07/2016 17:19
QDZ,29/07/2016 17:19
QEA,29/07/2016 17:19
QEB,29/07/2016 17:19
QEC,29/07/2016 17:19
QED,29/07/2016 17:19
QEE,29/07/2016 17:19
QEF,29/07/2016 17:19
QEG,29/07/2016 17:19
QEH,29/07/2016 17:19
QEI,29/07/2016 17:19
QEJ,29/07/2016 17:19
QEK,29/07/2016 17:19
QEL,29/07/2016 17:19
QEM,29/07/2016 17:19
QEN,29/07/2016 17:19
QEO,29/07/2016 17:19
QEP,29/07/2016 17:19
QEQ,29/07/2016 17:19
QER,29/07/2016 17:19
QES,29/07/2016 17:19
QET,29/07/2016 17:19
QEU,29/07/2016 17:19
QEV,29/07/2016 17:19
QEW,29/07/2016 17:19
QEX,29/07/2016 17:19
QEY,29/07/2016 17:19
QEZ,29/07/2016 17:19
QFA,29/07/2016 17:19
QFB,29/07/2016 17:19
QFC,29/07/2016 17:19
QFD,29/07/2016 17:19
QFE,29/07/2016 17:19
QFF,29/07/2016 17:19
QFG,29/07/2016 17:19
QFH,29/07/2016 17:19
QFI,29/07/2016 17:19
QFJ,29/07/2016 17:19
QFK,29/07/2016 17:19
QFL,29/07/2016 17:19
QFM,29/07/2016 17:19
QFN,29/07/2016 17:19
QFO,29/07/2016 17:19
QFP,29/07/2016 17:19
QFQ,29/07/2016 17:19
QFR,29/07/2016 17:19
QFS,29/07/2016 17:19
QFT,29/07/2016 17:19
QFU,29/07/2016 17:19
QFV,29/07/2016 17:19
QFW,29/07/2016 17:19
QFX,29/07/2016 17:19
QFY,29/07/2016 17:19
QFZ,29/07/2016 17:19
QGA,29/07/2016 17:19
QGB,29/07/2016 17:19
QGC,29/07/2016 17:19
QGD,29/07/2016 17:19
QGE,29/07/2016 17:19
QGF,29/07/2016 17:19
QGG,29/07/2016 17:19
QGH,29/07/2016 17:19
QGI,29/07/2016 17:19
QGJ,29/07/2016 17:19
QGK,29/07/2016 17:19
QGL,29/07/2016 17:19
QGM,29/07/2016 17:19
QGN,29/07/2016 17:19
QGO,29/07/2016 17:19
QGP,29/07/2016 17:19
QGQ,29/07/2016 17:19
QGR,29/07/2016 17:19
QGS,29/07/2016 17:19
QGT,29/07/2016 17:19
QGU,29/07/2016 17:19
QGV,29/07/2016 17:19
QGW,29/07/2016 17:19
QGX,29/07/2016 17:19
QGY,29/07/2016 17:19
QGZ,29/07/2016 17:19
QHA,29/07/2016 17:19
QHB,29/07/2016 17:19
QHC,29/07/2016 17:19
QHD,29/07/2016 17:19
QHE,29/07/2016 17:19
QHF,29/07/2016 17:19
QHG,29/07/2016 17:19
QHH,29/07/2016 17:19
QHI,29/07/2016 17:19
QHJ,29/07/2016 17:19
QHK,29/07/2016 17:19
QHL,29/07/2016 17:19
QHM,29/07/2016 17:19
QHN,29/07/2016 17:19
QHO,29/07/2016 17:19
QHP,29/07/2016 17:19
QHQ,29/07/2016 17:19
QHR,29/07/2016 17:19
QHS,29/07/2016 17:19
QHT,29/07/2016 17:19
QHU,29/07/2016 17:19
QHV,29/07/2016 17:19
QHW,29/07/2016 17:19
QHX,29/07/2016 17:19
QHY,29/07/2016 17:19
QHZ,29/07/2016 17:19
QIA,29/07/2016 17:19
QIB,29/07/2016 17:19
QIC,29/07/2016 17:19
QID,29/07/2016 17:19
QIE,29/07/2016 17:19
QIF,29/07/2016 17:19
QIG,29/07/2016 17:19
QIH,29/07/2016 17:19
QII,29/07/2016 17:19
QIJ,29/07/2016 17:19
QIK,29/07/2016 17:19
QIL,29/07/2016 17:19
QIM,29/07/2016 17:19
QIN,29/07/2016 17:19
QIO,29/07/2016 17:19
QIP,29/07/2016 17:19
QIQ,29/07/2016 17:19
QIR,29/07/2016 17:19
QIS,29/07/2016 17:19
QIT,29/07/2016 17:19
QIU,29/07/2016 17:19
QIV,29/07/2016 17:19
QIW,29/07/2016 17:19
QIX,29/07/2016 17:19
QIY,29/07/2016 17:19
QIZ,29/07/2016 17:19
QJA,29/07/2016 17:19
QJB,29/07/2016 17:19
QJC,29/07/2016 17:19
QJD,29/07/2016 17:19
QJE,29/07/2016 17:19
QJF,29/07/2016 17:19
QJG,29/07/2016 17:19
QJH,29/07/2016 17:19
QJI,29/07/2016 17:19
QJJ,29/07/2016 17:19
QJK,29/07/2016 17:19
QJL,29/07/2016 17:19
QJM,29/07/2016 17:19
QJN,29/07/2016 17:19
QJO,29/07/2016 17:19
QJP,29/07/2016 17:19
QJQ,29/07/2016 17:19
QJR,29/07/2016 17:19
QJS,29/07/2016 17:19
QJT,29/07/2016 17:19
QJU,29/07/2016 17:19
QJV,29/07/2016 17:19
QJW,29/07/2016 17:19
QJX,29/07/2016 17:19
QJY,29/07/2016 17:19
QJZ,29/07/2016 17:19
QKA,29/07/2016 17:19
QKB,29/07/2016 17:19
QKC,29/07/2016 17:19
QKD,29/07/2016 17:19
QKE,29/07/2016 17:19
QKF,29/07/2016 17:19
QKG,29/07/2016 17:19
QKH,29/07/2016 17:19
QKI,29/07/2016 17:19
QKJ,29/07/2016 17:19
QKK,29/07/2016 17:19
QKL,29/07/2016 17:19
QKM,29/07/2016 17:19
QKN,29/07/2016 17:19
QKO,29/07/2016 17:19
QKP,29/07/2016 17:19
QKQ,29/07/2016 17:19
QKR,29/07/2016 17:19
QKS,29/07/2016 17:19
QKT,29/07/2016 17:19
QKU,29/07/2016 17:19
QKV,29/07/2016 17:19
QKW,29/07/2016 17:19
QKX,29/07/2016 17:19
QKY,29/07/2016 17:19
QKZ,29/07/2016 17:19
QLA,29/07/2016 17:19
QLB,29/07/2016 17:19
QLC,29/07/2016 17:19
QLD,29/07/2016 17:19
QLE,29/07/2016 17:19
QLF,29/07/2016 17:19
QLG,29/07/2016 17:19
QLH,29/07/2016 17:19
QLI,29/07/2016 17:19
QLJ,29/07/2016 17:19
QLK,29/07/2016 17:19
QLL,29/07/2016 17:19
QLM,29/07/2016 17:19
QLN,29/07/2016 17:19
QLO,29/07/2016 17:19
QLP,29/07/2016 17:19
QLQ,29/07/2016 17:19
QLR,29/07/2016 17:19
QLS,29/07/2016 17:19
QLT,29/07/2016 17:19
QLU,29/07/2016 17:19
QLV,29/07/2016 17:19
QLW,29/07/2016 17:19
QLX,29/07/2016 17:19
QLY,29/07/2016 17:19
QLZ,29/07/2016 17:19
QMA,29/07/2016 17:19
QMB,29/07/2016 17:19
QMC,29/07/2016 17:19
QMD,29/07/2016 17:19
QME,29/07/2016 17:19
QMF,29/07/2016 17:19
QMG,29/07/2016 17:19
QMH,29/07/2016 17:19
QMI,29/07/2016 17:19
QMJ,29/07/2016 17:19
QMK,29/07/2016 17:19
QML,29/07/2016 17:19
QMM,29/07/2016 17:19
QMN,29/07/2016 17:19
QMO,29/07/2016 17:19
QMP,29/07/2016 17:19
QMQ,29/07/2016 17:19
QMR,29/07/2016 17:19
QMS,29/07/2016 17:19
QMT,29/07/2016 17:19
QMU,29/07/2016 17:19
QMV,29/07/2016 17:19
QMW,29/07/2016 17:19
QMX,29/07/2016 17:19
QMY,29/07/2016 17:19
QMZ,29/07/2016 17:19
QNA,29/07/2016 17:19
QNB,29/07/2016 17:19
QNC,29/07/2016 17:19
QND,29/07/2016 17:19
QNE,29/07/2016 17:19
QNG,29/07/2016 17:19
QNH,29/07/2016 17:19
QNI,29/07/2016 17:19
QNJ,29/07/2016 17:19
QNK,29/07/2016 17:19
QNL,29/07/2016 17:19
QNM,29/07/2016 17:19
QNN,29/07/2016 17:19
QNO,29/07/2016 17:19
QNP,29/07/2016 17:19
QNQ,29/07/2016 17:19
QNR,29/07/2016 17:19
QNS,29/07/2016 17:19
QNT,29/07/2016 17:19
QNU,29/07/2016 17:19
QNV,29/07/2016 17:19
QNW,29/07/2016 17:19
QNX,29/07/2016 17:19
QNY,29/07/2016 17:19
QNZ,29/07/2016 17:19
QOA,29/07/2016 17:19
QOB,29/07/2016 17:19
QOC,29/07/2016 17:19
QOD,29/07/2016 17:19
QOE,29/07/2016 17:19
QOF,29/07/2016 17:19
QOG,29/07/2016 17:19
QOH,29/07/2016 17:19
QOI,29/07/2016 17:19
QOJ,29/07/2016 17:19
QOK,29/07/2016 17:19
QOL,29/07/2016 17:19
QOM,29/07/2016 17:19
QON,29/07/2016 17:19
QOO,29/07/2016 17:19
QOP,29/07/2016 17:19
QOQ,29/07/2016 17:19
QOR,29/07/2016 17:19
QOS,29/07/2016 17:19
QOT,29/07/2016 17:19
QOU,29/07/2016 17:19
QOV,29/07/2016 17:19
QOW,29/07/2016 17:19
QOX,29/07/2016 17:19
QOY,29/07/2016 17:19
QOZ,29/07/2016 17:19
QPA,29/07/2016 17:19
QPB,29/07/2016 17:19
QPC,29/07/2016 17:19
QPD,29/07/2016 17:19
QPE,29/07/2016 17:19
QPF,29/07/2016 17:19
QPG,29/07/2016 17:19
QPH,29/07/2016 17:19
QPI,29/07/2016 17:19
QPJ,29/07/2016 17:19
QPK,29/07/2016 17:19
QPL,29/07/2016 17:19
QPM,29/07/2016 17:19
QPN,29/07/2016 17:19
QPO,29/07/2016 17:19
QPP,29/07/2016 17:19
QPQ,29/07/2016 17:19
QPR,29/07/2016 17:19
QPS,29/07/2016 17:19
QPT,29/07/2016 17:19
QPU,29/07/2016 17:19
QPV,29/07/2016 17:19
QPW,29/07/2016 17:19
QPX,29/07/2016 17:19
QPY,29/07/2016 17:19
QPZ,29/07/2016 17:19
QQA,29/07/2016 17:19
QQB,29/07/2016 17:19
QQC,29/07/2016 17:19
QQD,29/07/2016 17:19
QQE,29/07/2016 17:19
QQF,29/07/2016 17:19
QQG,29/07/2016 17:19
QQH,29/07/2016 17:19
QQI,29/07/2016 17:19
QQJ,29/07/2016 17:19
QQK,29/07/2016 17:19
QQL,29/07/2016 17:19
QQM,29/07/2016 17:19
QQN,29/07/2016 17:19
QQO,29/07/2016 17:19
QQP,29/07/2016 17:19
QQQ,29/07/2016 17:19
QQR,29/07/2016 17:19
QQS,29/07/2016 17:19
QQT,29/07/2016 17:19
QQU,29/07/2016 17:19
QQV,29/07/2016 17:19
QQW,29/07/2016 17:19
QQX,29/07/2016 17:19
QQY,29/07/2016 17:19
QQZ,29/07/2016 17:19
QRA,29/07/2016 17:19
QRB,29/07/2016 17:19
QRC,29/07/2016 17:19
QRD,29/07/2016 17:19
QRE,29/07/2016 17:19
QRF,29/07/2016 17:19
QRG,29/07/2016 17:19
QRH,29/07/2016 17:19
QRI,29/07/2016 17:19
QRJ,29/07/2016 17:19
QRK,29/07/2016 17:19
QRL,29/07/2016 17:19
QRM,29/07/2016 17:19
QRN,29/07/2016 17:19
QRO,29/07/2016 17:19
QRP,29/07/2016 17:19
QRQ,29/07/2016 17:19
QRR,29/07/2016 17:19
QRS,29/07/2016 17:19
QRT,29/07/2016 17:19
QRU,29/07/2016 17:19
QRV,29/07/2016 17:19
QRW,29/07/2016 17:19
QRX,29/07/2016 17:19
QRY,29/07/2016 17:19
QRZ,29/07/2016 17:19
QSA,29/07/2016 17:19
QSB,29/07/2016 17:19
QSC,29/07/2016 17:19
QSD,29/07/2016 17:19
QSE,29/07/2016 17:19
QSF,29/07/2016 17:19
QSG,29/07/2016 17:19
QSH,29/07/2016 17:19
QSI,29/07/2016 17:19
QSJ,29/07/2016 17:19
QSK,29/07/2016 17:19
QSL,29/07/2016 17:19
QSM,29/07/2016 17:19
QSN,29/07/2016 17:19
QSO,29/07/2016 17:19
QSP,29/07/2016 17:19
QSQ,29/07/2016 17:19
QSR,29/07/2016 17:19
QSS,29/07/2016 17:19
QST,29/07/2016 17:19
QSU,29/07/2016 17:19
QSV,29/07/2016 17:19
QSW,29/07/2016 17:19
QSX,29/07/2016 17:19
QSY,29/07/2016 17:19
QSZ,29/07/2016 17:19
QTA,29/07/2016 17:19
QTB,29/07/2016 17:19
QTC,29/07/2016 17:19
QTD,29/07/2016 17:19
QTE,29/07/2016 17:19
QTF,29/07/2016 17:19
QTG,29/07/2016 17:19
QTH,29/07/2016 17:19
QTI,29/07/2016 17:19
QTJ,29/07/2016 17:19
QTK,29/07/2016 17:19
QTL,29/07/2016 17:19
QTM,29/07/2016 17:19
QTN,29/07/2016 17:19
QTO,29/07/2016 17:19
QTP,29/07/2016 17:19
QTQ,29/07/2016 17:19
QTR,29/07/2016 17:19
QTS,29/07/2016 17:19
QTT,29/07/2016 17:19
QTU,29/07/2016 17:19
QTV,29/07/2016 17:19
QTW,29/07/2016 17:19
QTX,29/07/2016 17:19
QTY,29/07/2016 17:19
QTZ,29/07/2016 17:19
QUA,29/07/2016 17:19
QUB,29/07/2016 17:19
QUC,29/07/2016 17:19
QUD,29/07/2016 17:19
QUE,29/07/2016 17:19
QUF,29/07/2016 17:19
QUG,29/07/2016 17:19
QUH,29/07/2016 17:19
QUI,29/07/2016 17:19
QUJ,29/07/2016 17:19
QUK,29/07/2016 17:19
QUL,29/07/2016 17:19
QUM,29/07/2016 17:19
QUN,29/07/2016 17:19
QUO,29/07/2016 17:19
QUP,29/07/2016 17:19
QUQ,29/07/2016 17:19
QUR,29/07/2016 17:19
QUS,29/07/2016 17:19
QUT,29/07/2016 17:19
QUU,29/07/2016 17:19
QUV,29/07/2016 17:19
QUW,29/07/2016 17:19
QUX,29/07/2016 17:19
QUY,29/07/2016 17:19
QUZ,29/07/2016 17:19
QVA,29/07/2016 17:19
QVB,29/07/2016 17:19
QVC,29/07/2016 17:19
QVD,29/07/2016 17:19
QVE,29/07/2016 17:19
QVF,29/07/2016 17:19
QVG,29/07/2016 17:19
QVH,29/07/2016 17:19
QVI,29/07/2016 17:19
QVJ,29/07/2016 17:19
QVK,29/07/2016 17:19
QVL,29/07/2016 17:19
QVM,29/07/2016 17:19
QVN,29/07/2016 17:19
QVO,29/07/2016 17:19
QVP,29/07/2016 17:19
QVQ,29/07/2016 17:19
QVR,29/07/2016 17:19
QVS,29/07/2016 17:19
QVT,29/07/2016 17:19
QVU,29/07/2016 17:19
QVV,29/07/2016 17:19
QVW,29/07/2016 17:19
QVX,29/07/2016 17:19
QVY,29/07/2016 17:19
QVZ,29/07/2016 17:19
QWA,29/07/2016 17:19
QWB,29/07/2016 17:19
QWC,29/07/2016 17:19
QWD,29/07/2016 17:19
QWE,29/07/2016 17:19
QWF,29/07/2016 17:19
QWG,29/07/2016 17:19
QWH,29/07/2016 17:19
QWI,29/07/2016 17:19
QWJ,29/07/2016 17:19
QWK,29/07/2016 17:19
QWL,29/07/2016 17:19
QWM,29/07/2016 17:19
QWN,29/07/2016 17:19
QWO,29/07/2016 17:19
QWP,29/07/2016 17:19
QWQ,29/07/2016 17:19
QWR,29/07/2016 17:19
QWS,29/07/2016 17:19
QWT,29/07/2016 17:19
QWU,29/07/2016 17:19
QWV,29/07/2016 17:19
QWW,29/07/2016 17:19
QWX,29/07/2016 17:19
QWY,29/07/2016 17:19
QWZ,29/07/2016 17:19
QXA,29/07/2016 17:19
QXB,29/07/2016 17:19
QXC,29/07/2016 17:19
QXD,29/07/2016 17:19
QXE,29/07/2016 17:19
QXF,29/07/2016 17:19
QXG,29/07/2016 17:19
QXH,29/07/2016 17:19
QXI,29/07/2016 17:19
QXJ,29/07/2016 17:19
QXK,29/07/2016 17:19
QXL,29/07/2016 17:19
QXM,29/07/2016 17:19
QXN,29/07/2016 17:19
QXO,29/07/2016 17:19
QXP,29/07/2016 17:19
QXQ,29/07/2016 17:19
QXR,29/07/2016 17:19
QXS,29/07/2016 17:19
QXT,29/07/2016 17:19
QXU,29/07/2016 17:19
QXV,29/07/2016 17:19
QXW,29/07/2016 17:19
QXX,29/07/2016 17:19
QXY,29/07/2016 17:19
QXZ,29/07/2016 17:19
QYA,29/07/2016 17:19
QYB,29/07/2016 17:19
QYC,29/07/2016 17:19
QYD,29/07/2016 17:19
QYE,29/07/2016 17:19
QYF,29/07/2016 17:19
QYG,29/07/2016 17:19
QYH,29/07/2016 17:19
QYI,29/07/2016 17:19
QYJ,29/07/2016 17:19
QYK,29/07/2016 17:19
QYL,29/07/2016 17:19
QYM,29/07/2016 17:19
QYN,29/07/2016 17:19
QYO,29/07/2016 17:19
QYP,29/07/2016 17:19
QYQ,29/07/2016 17:19
QYR,29/07/2016 17:19
QYS,29/07/2016 17:19
QYT,29/07/2016 17:19
QYU,29/07/2016 17:19
QYV,29/07/2016 17:19
QYW,29/07/2016 17:19
QYX,29/07/2016 17:19
QYY,29/07/2016 17:19
QYZ,29/07/2016 17:19
QZA,29/07/2016 17:19
QZB,29/07/2016 17:19
QZC,29/07/2016 17:19
QZD,29/07/2016 17:19
QZE,29/07/2016 17:19
QZF,29/07/2016 17:19
QZG,29/07/2016 17:19
QZH,29/07/2016 17:19
QZI,29/07/2016 17:19
QZJ,29/07/2016 17:19
QZK,29/07/2016 17:19
QZL,29/07/2016 17:19
QZM,29/07/2016 17:19
QZN,29/07/2016 17:19
QZO,29/07/2016 17:19
QZP,29/07/2016 17:19
QZQ,29/07/2016 17:19
QZR,29/07/2016 17:19
QZS,29/07/2016 17:19
QZT,29/07/2016 17:19
QZU,29/07/2016 17:19
QZV,29/07/2016 17:19
QZW,29/07/2016 17:19
QZX,29/07/2016 17:19
QZY,29/07/2016 17:19
QZZ,29/07/2016 17:19
RAF,29/07/2016 17:19
RCC,29/07/2016 17:19
REF,29/07/2016 17:19
RID,29/07/2016 17:19
RIM,29/07/2016 17:19
ROD,29/07/2016 17:19
ROG,29/07/2016 17:19
RON,29/07/2016 17:19
RPT,29/07/2016 17:19
RSE,29/07/2016 17:19
SAR,29/07/2016 17:19
SEX,29/07/2016 17:19
SIC,29/07/2016 17:19
SIG,29/07/2016 17:19
SLT,29/07/2016 17:19
SOD,29/07/2016 17:19
SOI,29/07/2016 17:19
SOS,29/07/2016 17:19
SOW,29/07/2016 17:19
SVC,29/07/2016 17:19
SYS,29/07/2016 17:19
TFC,29/07/2016 17:19
TIT,29/07/2016 17:19
TOO,29/07/2016 17:19
TOS,29/07/2016 17:19
TTT,29/07/2016 17:19
TXT,29/07/2016 17:19
VDB,29/07/2016 17:19
VIL,29/07/2016 17:19
VIZ,29/07/2016 17:19
WIP,29/07/2016 17:19
WNG,29/07/2016 17:19
WNK,29/07/2016 17:19
WOG,29/07/2016 17:19
WOP,29/07/2016 17:19
WOR,29/07/2016 17:19
XSC,29/07/2016 17:19
XXX,29/07/2016 17:19
YID,29/07/2016 17:19
ZAA,29/07/2016 17:19
ZAB,29/07/2016 17:19
ZAC,29/07/2016 17:19
ZAD,29/07/2016 17:19
ZAE,29/07/2016 17:19
ZAF,29/07/2016 17:19
ZAG,29/07/2016 17:19
ZAH,29/07/2016 17:19
ZAI,29/07/2016 17:19
ZAJ,29/07/2016 17:19
ZAK,29/07/2016 17:19
ZAL,29/07/2016 17:19
ZAM,29/07/2016 17:19
ZAN,29/07/2016 17:19
ZAO,29/07/2016 17:19
ZAP,29/07/2016 17:19
ZAQ,29/07/2016 17:19
ZAR,29/07/2016 17:19
ZAS,29/07/2016 17:19
ZAT,29/07/2016 17:19
ZAU,29/07/2016 17:19
ZAV,29/07/2016 17:19
ZAW,29/07/2016 17:19
ZAX,29/07/2016 17:19
ZAY,29/07/2016 17:19
ZAZ,29/07/2016 17:19
ZBA,29/07/2016 17:19
ZBB,29/07/2016 17:19
ZBC,29/07/2016 17:19
ZBD,29/07/2016 17:19
ZBE,29/07/2016 17:19
ZBF,29/07/2016 17:19
ZBG,29/07/2016 17:19
ZBH,29/07/2016 17:19
ZBI,29/07/2016 17:19
ZBJ,29/07/2016 17:19
ZBK,29/07/2016 17:19
ZBL,29/07/2016 17:19
ZBM,29/07/2016 17:19
ZBN,29/07/2016 17:19
ZBO,29/07/2016 17:19
ZBP,29/07/2016 17:19
ZBQ,29/07/2016 17:19
ZBR,29/07/2016 17:19
ZBS,29/07/2016 17:19
ZBT,29/07/2016 17:19
ZBU,29/07/2016 17:19
ZBV,29/07/2016 17:19
ZBW,29/07/2016 17:19
ZBX,29/07/2016 17:19
ZBY,29/07/2016 17:19
ZBZ,29/07/2016 17:19
ZCA,29/07/2016 17:19
ZCB,29/07/2016 17:19
ZCC,29/07/2016 17:19
ZCD,29/07/2016 17:19
ZCE,29/07/2016 17:19
ZCF,29/07/2016 17:19
ZCG,29/07/2016 17:19
ZCH,29/07/2016 17:19
ZCI,29/07/2016 17:19
ZCJ,29/07/2016 17:19
ZCK,29/07/2016 17:19
ZCL,29/07/2016 17:19
ZCM,29/07/2016 17:19
ZCN,29/07/2016 17:19
ZCO,29/07/2016 17:19
ZCP,29/07/2016 17:19
ZCQ,29/07/2016 17:19
ZCR,29/07/2016 17:19
ZCS,29/07/2016 17:19
ZCT,29/07/2016 17:19
ZCU,29/07/2016 17:19
ZCV,29/07/2016 17:19
ZCW,29/07/2016 17:19
ZCX,29/07/2016 17:19
ZCY,29/07/2016 17:19
ZCZ,29/07/2016 17:19
ZDA,29/07/2016 17:19
ZDB,29/07/2016 17:19
ZDC,29/07/2016 17:19
ZDD,29/07/2016 17:19
ZDE,29/07/2016 17:19
ZDF,29/07/2016 17:19
ZDG,29/07/2016 17:19
ZDH,29/07/2016 17:19
ZDI,29/07/2016 17:19
ZDJ,29/07/2016 17:19
ZDK,29/07/2016 17:19
ZDL,29/07/2016 17:19
ZDM,29/07/2016 17:19
ZDN,29/07/2016 17:19
ZDO,29/07/2016 17:19
ZDP,29/07/2016 17:19
ZDQ,29/07/2016 17:19
ZDR,29/07/2016 17:19
ZDS,29/07/2016 17:19
ZDT,29/07/2016 17:19
ZDU,29/07/2016 17:19
ZDV,29/07/2016 17:19
ZDW,29/07/2016 17:19
ZDX,29/07/2016 17:19
ZDY,29/07/2016 17:19
ZDZ,29/07/2016 17:19
ZEA,29/07/2016 17:19
ZEB,29/07/2016 17:19
ZEC,29/07/2016 17:19
ZED,29/07/2016 17:19
ZEE,29/07/2016 17:19
ZEF,29/07/2016 17:19
ZEG,29/07/2016 17:19
ZEH,29/07/2016 17:19
ZEI,29/07/2016 17:19
ZEJ,29/07/2016 17:19
ZEK,29/07/2016 17:19
ZEL,29/07/2016 17:19
ZEM,29/07/2016 17:19
ZEN,29/07/2016 17:19
ZEO,29/07/2016 17:19
ZEP,29/07/2016 17:19
ZEQ,29/07/2016 17:19
ZER,29/07/2016 17:19
ZES,29/07/2016 17:19
ZET,29/07/2016 17:19
ZEU,29/07/2016 17:19
ZEV,29/07/2016 17:19
ZEW,29/07/2016 17:19
ZEX,29/07/2016 17:19
ZEY,29/07/2016 17:19
ZEZ,29/07/2016 17:19
ZFA,29/07/2016 17:19
ZFB,29/07/2016 17:19
ZFC,29/07/2016 17:19
ZFD,29/07/2016 17:19
ZFE,29/07/2016 17:19
ZFF,29/07/2016 17:19
ZFG,29/07/2016 17:19
ZFH,29/07/2016 17:19
ZFI,29/07/2016 17:19
ZFK,29/07/2016 17:19
ZFL,29/07/2016 17:19
ZFM,29/07/2016 17:19
ZFN,29/07/2016 17:19
ZFO,29/07/2016 17:19
ZFP,29/07/2016 17:19
ZFQ,29/07/2016 17:19
ZFR,29/07/2016 17:19
ZFS,29/07/2016 17:19
ZFT,29/07/2016 17:19
ZFU,29/07/2016 17:19
ZFV,29/07/2016 17:19
ZFW,29/07/2016 17:19
ZFX,29/07/2016 17:19
ZFY,29/07/2016 17:19
ZFZ,29/07/2016 17:19
ZGA,29/07/2016 17:19
ZGB,29/07/2016 17:19
ZGC,29/07/2016 17:19
ZGD,29/07/2016 17:19
ZGE,29/07/2016 17:19
ZGF,29/07/2016 17:19
ZGG,29/07/2016 17:19
ZGH,29/07/2016 17:19
ZGI,29/07/2016 17:19
ZGJ,29/07/2016 17:19
ZGK,29/07/2016 17:19
ZGL,29/07/2016 17:19
ZGM,29/07/2016 17:19
ZGN,29/07/2016 17:19
ZGO,29/07/2016 17:19
ZGP,29/07/2016 17:19
ZGQ,29/07/2016 17:19
ZGR,29/07/2016 17:19
ZGS,29/07/2016 17:19
ZGT,29/07/2016 17:19
ZGU,29/07/2016 17:19
ZGV,29/07/2016 17:19
ZGW,29/07/2016 17:19
ZGX,29/07/2016 17:19
ZGY,29/07/2016 17:19
ZGZ,29/07/2016 17:19
ZHA,29/07/2016 17:19
ZHB,29/07/2016 17:19
ZHC,29/07/2016 17:19
ZHD,29/07/2016 17:19
ZHE,29/07/2016 17:19
ZHF,29/07/2016 17:19
ZHG,29/07/2016 17:19
ZHH,29/07/2016 17:19
ZHI,29/07/2016 17:19
ZHJ,29/07/2016 17:19
ZHK,29/07/2016 17:19
ZHL,29/07/2016 17:19
ZHM,29/07/2016 17:19
ZHN,29/07/2016 17:19
ZHO,29/07/2016 17:19
ZHP,29/07/2016 17:19
ZHQ,29/07/2016 17:19
ZHR,29/07/2016 17:19
ZHS,29/07/2016 17:19
ZHT,29/07/2016 17:19
ZHU,29/07/2016 17:19
ZHV,29/07/2016 17:19
ZHW,29/07/2016 17:19
ZHX,29/07/2016 17:19
ZHY,29/07/2016 17:19
ZHZ,29/07/2016 17:19
ZIA,29/07/2016 17:19
ZIB,29/07/2016 17:19
ZIC,29/07/2016 17:19
ZID,29/07/2016 17:19
ZIE,29/07/2016 17:19
ZIF,29/07/2016 17:19
ZIG,29/07/2016 17:19
ZIH,29/07/2016 17:19
ZII,29/07/2016 17:19
ZIJ,29/07/2016 17:19
ZIK,29/07/2016 17:19
ZIL,29/07/2016 17:19
ZIM,29/07/2016 17:19
ZIN,29/07/2016 17:19
ZIO,29/07/2016 17:19
ZIP,29/07/2016 17:19
ZIQ,29/07/2016 17:19
ZIR,29/07/2016 17:19
ZIS,29/07/2016 17:19
ZIT,29/07/2016 17:19
ZIU,29/07/2016 17:19
ZIV,29/07/2016 17:19
ZIW,29/07/2016 17:19
ZIX,29/07/2016 17:19
ZIY,29/07/2016 17:19
ZIZ,29/07/2016 17:19
ZJA,29/07/2016 17:19
ZJB,29/07/2016 17:19
ZJC,29/07/2016 17:19
ZJD,29/07/2016 17:19
ZJE,29/07/2016 17:19
ZJF,29/07/2016 17:19
ZJG,29/07/2016 17:19
ZJH,29/07/2016 17:19
ZJI,29/07/2016 17:19
ZJJ,29/07/2016 17:19
ZJK,29/07/2016 17:19
ZJL,29/07/2016 17:19
ZJM,29/07/2016 17:19
ZJN,29/07/2016 17:19
ZJO,29/07/2016 17:19
ZJP,29/07/2016 17:19
ZJQ,29/07/2016 17:19
ZJR,29/07/2016 17:19
ZJS,29/07/2016 17:19
ZJT,29/07/2016 17:19
ZJU,29/07/2016 17:19
ZJV,29/07/2016 17:19
ZJW,29/07/2016 17:19
ZJX,29/07/2016 17:19
ZJY,29/07/2016 17:19
ZJZ,29/07/2016 17:19
ZKA,29/07/2016 17:19
ZKB,29/07/2016 17:19
ZKC,29/07/2016 17:19
ZKD,29/07/2016 17:19
ZKE,29/07/2016 17:19
ZKF,29/07/2016 17:19
ZKG,29/07/2016 17:19
ZKH,29/07/2016 17:19
ZKI,29/07/2016 17:19
ZKJ,29/07/2016 17:19
ZKK,29/07/2016 17:19
ZKL,29/07/2016 17:19
ZKM,29/07/2016 17:19
ZKN,29/07/2016 17:19
ZKO,29/07/2016 17:19
ZKP,29/07/2016 17:19
ZKQ,29/07/2016 17:19
ZKR,29/07/2016 17:19
ZKS,29/07/2016 17:19
ZKT,29/07/2016 17:19
ZKU,29/07/2016 17:19
ZKV,29/07/2016 17:19
ZKW,29/07/2016 17:19
ZKX,29/07/2016 17:19
ZKY,29/07/2016 17:19
ZKZ,29/07/2016 17:19
ZLA,29/07/2016 17:19
ZLB,29/07/2016 17:19
ZLC,29/07/2016 17:19
ZLD,29/07/2016 17:19
ZLE,29/07/2016 17:19
ZLF,29/07/2016 17:19
ZLG,29/07/2016 17:19
ZLH,29/07/2016 17:19
ZLI,29/07/2016 17:19
ZLJ,29/07/2016 17:19
ZLK,29/07/2016 17:19
ZLL,29/07/2016 17:19
ZLM,29/07/2016 17:19
ZLN,29/07/2016 17:19
ZLO,29/07/2016 17:19
ZLP,29/07/2016 17:19
ZLQ,29/07/2016 17:19
ZLR,29/07/2016 17:19
ZLS,29/07/2016 17:19
ZLT,29/07/2016 17:19
ZLU,29/07/2016 17:19
ZLV,29/07/2016 17:19
ZLW,29/07/2016 17:19
ZLX,29/07/2016 17:19
ZLY,29/07/2016 17:19
ZLZ,29/07/2016 17:19
ZMA,29/07/2016 17:19
ZMB,29/07/2016 17:19
ZMC,29/07/2016 17:19
ZMD,29/07/2016 17:19
ZME,29/07/2016 17:19
ZMF,29/07/2016 17:19
ZMG,29/07/2016 17:19
ZMH,29/07/2016 17:19
ZMI,29/07/2016 17:19
ZMJ,29/07/2016 17:19
ZMK,29/07/2016 17:19
ZML,29/07/2016 17:19
ZMM,29/07/2016 17:19
ZMN,29/07/2016 17:19
ZMO,29/07/2016 17:19
ZMP,29/07/2016 17:19
ZMQ,29/07/2016 17:19
ZMR,29/07/2016 17:19
ZMS,29/07/2016 17:19
ZMT,29/07/2016 17:19
ZMU,29/07/2016 17:19
ZMV,29/07/2016 17:19
ZMW,29/07/2016 17:19
ZMX,29/07/2016 17:19
ZMY,29/07/2016 17:19
ZMZ,29/07/2016 17:19
ZNA,29/07/2016 17:19
ZNB,29/07/2016 17:19
ZNC,29/07/2016 17:19
ZND,29/07/2016 17:19
ZNE,29/07/2016 17:19
ZNF,29/07/2016 17:19
ZNG,29/07/2016 17:19
ZNH,29/07/2016 17:19
ZNI,29/07/2016 17:19
ZNJ,29/07/2016 17:19
ZNK,29/07/2016 17:19
ZNL,29/07/2016 17:19
ZNM,29/07/2016 17:19
ZNN,29/07/2016 17:19
ZNO,29/07/2016 17:19
ZNP,29/07/2016 17:19
ZNQ,29/07/2016 17:19
ZNR,29/07/2016 17:19
ZNS,29/07/2016 17:19
ZNT,29/07/2016 17:19
ZNU,29/07/2016 17:19
ZNV,29/07/2016 17:19
ZNW,29/07/2016 17:19
ZNX,29/07/2016 17:19
ZNY,29/07/2016 17:19
ZNZ,29/07/2016 17:19
ZOA,29/07/2016 17:19
ZOB,29/07/2016 17:19
ZOC,29/07/2016 17:19
ZOD,29/07/2016 17:19
ZOE,29/07/2016 17:19
ZOF,29/07/2016 17:19
ZOG,29/07/2016 17:19
ZOH,29/07/2016 17:19
ZOI,29/07/2016 17:19
ZOJ,29/07/2016 17:19
ZOK,29/07/2016 17:19
ZOL,29/07/2016 17:19
ZOM,29/07/2016 17:19
ZON,29/07/2016 17:19
ZOO,29/07/2016 17:19
ZOP,29/07/2016 17:19
ZOQ,29/07/2016 17:19
ZOR,29/07/2016 17:19
ZOS,29/07/2016 17:19
ZOT,29/07/2016 17:19
ZOU,29/07/2016 17:19
ZOV,29/07/2016 17:19
ZOW,29/07/2016 17:19
ZOX,29/07/2016 17:19
ZOY,29/07/2016 17:19
ZOZ,29/07/2016 17:19
ZPA,29/07/2016 17:19
ZPB,29/07/2016 17:19
ZPC,29/07/2016 17:19
ZPD,29/07/2016 17:19
ZPE,29/07/2016 17:19
ZPF,29/07/2016 17:19
ZPG,29/07/2016 17:19
ZPH,29/07/2016 17:19
ZPI,29/07/2016 17:19
ZPJ,29/07/2016 17:19
ZPK,29/07/2016 17:19
ZPL,29/07/2016 17:19
ZPM,29/07/2016 17:19
ZPN,29/07/2016 17:19
ZPO,29/07/2016 17:19
ZPP,29/07/2016 17:19
ZPQ,29/07/2016 17:19
ZPR,29/07/2016 17:19
ZPS,29/07/2016 17:19
ZPT,29/07/2016 17:19
ZPU,29/07/2016 17:19
ZPV,29/07/2016 17:19
ZPW,29/07/2016 17:19
ZPX,29/07/2016 17:19
ZPY,29/07/2016 17:19
ZPZ,29/07/2016 17:19
ZQA,29/07/2016 17:19
ZQB,29/07/2016 17:19
ZQC,29/07/2016 17:19
ZQD,29/07/2016 17:19
ZQE,29/07/2016 17:19
ZQF,29/07/2016 17:19
ZQG,29/07/2016 17:19
ZQH,29/07/2016 17:19
ZQI,29/07/2016 17:19
ZQJ,29/07/2016 17:19
ZQK,29/07/2016 17:19
ZQL,29/07/2016 17:19
ZQM,29/07/2016 17:19
ZQN,29/07/2016 17:19
ZQO,29/07/2016 17:19
ZQP,29/07/2016 17:19
ZQQ,29/07/2016 17:19
ZQR,29/07/2016 17:19
ZQS,29/07/2016 17:19
ZQT,29/07/2016 17:19
ZQU,29/07/2016 17:19
ZQV,29/07/2016 17:19
ZQW,29/07/2016 17:19
ZQX,29/07/2016 17:19
ZQY,29/07/2016 17:19
ZQZ,29/07/2016 17:19
ZRA,29/07/2016 17:19
ZRB,29/07/2016 17:19
ZRC,29/07/2016 17:19
ZRD,29/07/2016 17:19
ZRE,29/07/2016 17:19
ZRF,29/07/2016 17:19
ZRG,29/07/2016 17:19
ZRH,29/07/2016 17:19
ZRI,29/07/2016 17:19
ZRJ,29/07/2016 17:19
ZRK,29/07/2016 17:19
ZRL,29/07/2016 17:19
ZRM,29/07/2016 17:19
ZRN,29/07/2016 17:19
ZRO,29/07/2016 17:19
ZRP,29/07/2016 17:19
ZRQ,29/07/2016 17:19
ZRR,29/07/2016 17:19
ZRS,29/07/2016 17:19
ZRT,29/07/2016 17:19
ZRU,29/07/2016 17:19
ZRV,29/07/2016 17:19
ZRW,29/07/2016 17:19
ZRX,29/07/2016 17:19
ZRY,29/07/2016 17:19
ZRZ,29/07/2016 17:19
ZSA,29/07/2016 17:19
ZSB,29/07/2016 17:19
ZSC,29/07/2016 17:19
ZSD,29/07/2016 17:19
ZSE,29/07/2016 17:19
ZSF,29/07/2016 17:19
ZSG,29/07/2016 17:19
ZSH,29/07/2016 17:19
ZSI,29/07/2016 17:19
ZSJ,29/07/2016 17:19
ZSK,29/07/2016 17:19
ZSL,29/07/2016 17:19
ZSM,29/07/2016 17:19
ZSN,29/07/2016 17:19
ZSO,29/07/2016 17:19
ZSP,29/07/2016 17:19
ZSQ,29/07/2016 17:19
ZSR,29/07/2016 17:19
ZSS,29/07/2016 17:19
ZST,29/07/2016 17:19
ZSU,29/07/2016 17:19
ZSV,29/07/2016 17:19
ZSW,29/07/2016 17:19
ZSX,29/07/2016 17:19
ZSY,29/07/2016 17:19
ZSZ,29/07/2016 17:19
ZTA,29/07/2016 17:19
ZTB,29/07/2016 17:19
ZTC,29/07/2016 17:19
ZTD,29/07/2016 17:19
ZTE,29/07/2016 17:19
ZTF,29/07/2016 17:19
ZTG,29/07/2016 17:19
ZTH,29/07/2016 17:19
ZTI,29/07/2016 17:19
ZTJ,29/07/2016 17:19
ZTK,29/07/2016 17:19
ZTL,29/07/2016 17:19
ZTM,29/07/2016 17:19
ZTN,29/07/2016 17:19
ZTO,29/07/2016 17:19
ZTP,29/07/2016 17:19
ZTQ,29/07/2016 17:19
ZTR,29/07/2016 17:19
ZTS,29/07/2016 17:19
ZTT,29/07/2016 17:19
ZTU,29/07/2016 17:19
ZTV,29/07/2016 17:19
ZTW,29/07/2016 17:19
ZTX,29/07/2016 17:19
ZTY,29/07/2016 17:19
ZTZ,29/07/2016 17:19
ZUA,29/07/2016 17:19
ZUB,29/07/2016 17:19
ZUC,29/07/2016 17:19
ZUD,29/07/2016 17:19
ZUE,29/07/2016 17:19
ZUF,29/07/2016 17:19
ZUG,29/07/2016 17:19
ZUH,29/07/2016 17:19
ZUI,29/07/2016 17:19
ZUJ,29/07/2016 17:19
ZUK,29/07/2016 17:19
ZUL,29/07/2016 17:19
ZUM,29/07/2016 17:19
ZUN,29/07/2016 17:19
ZUO,29/07/2016 17:19
ZUP,29/07/2016 17:19
ZUQ,29/07/2016 17:19
ZUR,29/07/2016 17:19
ZUS,29/07/2016 17:19
ZUT,29/07/2016 17:19
ZUU,29/07/2016 17:19
ZUV,29/07/2016 17:19
ZUW,29/07/2016 17:19
ZUX,29/07/2016 17:19
ZUY,29/07/2016 17:19
ZUZ,29/07/2016 17:19
ZVA,29/07/2016 17:19
ZVB,29/07/2016 17:19
ZVC,29/07/2016 17:19
ZVD,29/07/2016 17:19
ZVE,29/07/2016 17:19
ZVF,29/07/2016 17:19
ZVG,29/07/2016 17:19
ZVH,29/07/2016 17:19
ZVI,29/07/2016 17:19
ZVJ,29/07/2016 17:19
ZVK,29/07/2016 17:19
ZVL,29/07/2016 17:19
ZVM,29/07/2016 17:19
ZVN,29/07/2016 17:19
ZVO,29/07/2016 17:19
ZVP,29/07/2016 17:19
ZVQ,29/07/2016 17:19
ZVR,29/07/2016 17:19
ZVS,29/07/2016 17:19
ZVT,29/07/2016 17:19
ZVU,29/07/2016 17:19
ZVV,29/07/2016 17:19
ZVW,29/07/2016 17:19
ZVX,29/07/2016 17:19
ZVY,29/07/2016 17:19
ZVZ,29/07/2016 17:19
ZWA,29/07/2016 17:19
ZWB,29/07/2016 17:19
ZWC,29/07/2016 17:19
ZWD,29/07/2016 17:19
ZWE,29/07/2016 17:19
ZWF,29/07/2016 17:19
ZWG,29/07/2016 17:19
ZWH,29/07/2016 17:19
ZWI,29/07/2016 17:19
ZWJ,29/07/2016 17:19
ZWK,29/07/2016 17:19
ZWL,29/07/2016 17:19
ZWM,29/07/2016 17:19
ZWN,29/07/2016 17:19
ZWO,29/07/2016 17:19
ZWP,29/07/2016 17:19
ZWQ,29/07/2016 17:19
ZWR,29/07/2016 17:19
ZWS,29/07/2016 17:19
ZWT,29/07/2016 17:19
ZWU,29/07/2016 17:19
ZWV,29/07/2016 17:19
ZWW,29/07/2016 17:19
ZWX,29/07/2016 17:19
ZWY,29/07/2016 17:19
ZWZ,29/07/2016 17:19
ZXA,29/07/2016 17:19
ZXB,29/07/2016 17:19
ZXC,29/07/2016 17:19
ZXD,29/07/2016 17:19
ZXE,29/07/2016 17:19
ZXF,29/07/2016 17:19
ZXG,29/07/2016 17:19
ZXH,29/07/2016 17:19
ZXI,29/07/2016 17:19
ZXJ,29/07/2016 17:19
ZXK,29/07/2016 17:19
ZXL,29/07/2016 17:19
ZXM,29/07/2016 17:19
ZXN,29/07/2016 17:19
ZXO,29/07/2016 17:19
ZXP,29/07/2016 17:19
ZXQ,29/07/2016 17:19
ZXR,29/07/2016 17:19
ZXS,29/07/2016 17:19
ZXT,29/07/2016 17:19
ZXU,29/07/2016 17:19
ZXV,29/07/2016 17:19
ZXW,29/07/2016 17:19
ZXX,29/07/2016 17:19
ZXY,29/07/2016 17:19
ZXZ,29/07/2016 17:19
ZYA,29/07/2016 17:19
ZYB,29/07/2016 17:19
ZYC,29/07/2016 17:19
ZYD,29/07/2016 17:19
ZYE,29/07/2016 17:19
ZYF,29/07/2016 17:19
ZYG,29/07/2016 17:19
ZYH,29/07/2016 17:19
ZYI,29/07/2016 17:19
ZYJ,29/07/2016 17:19
ZYK,29/07/2016 17:19
ZYL,29/07/2016 17:19
ZYM,29/07/2016 17:19
ZYN,29/07/2016 17:19
ZYO,29/07/2016 17:19
ZYP,29/07/2016 17:19
ZYQ,29/07/2016 17:19
ZYR,29/07/2016 17:19
ZYS,29/07/2016 17:19
ZYT,29/07/2016 17:19
ZYU,29/07/2016 17:19
ZYV,29/07/2016 17:19
ZYW,29/07/2016 17:19
ZYX,29/07/2016 17:19
ZYY,29/07/2016 17:19
ZYZ,29/07/2016 17:19
ZZA,29/07/2016 17:19
ZZB,29/07/2016 17:19
ZZC,29/07/2016 17:19
ZZD,29/07/2016 17:19
ZZE,29/07/2016 17:19
ZZF,29/07/2016 17:19
ZZG,29/07/2016 17:19
ZZH,29/07/2016 17:19
ZZI,29/07/2016 17:19
ZZJ,29/07/2016 17:19
ZZK,29/07/2016 17:19
ZZL,29/07/2016 17:19
ZZM,29/07/2016 17:19
ZZN,29/07/2016 17:19
ZZO,29/07/2016 17:19
ZZP,29/07/2016 17:19
ZZQ,29/07/2016 17:19
ZZR,29/07/2016 17:19
ZZS,29/07/2016 17:19
ZZT,29/07/2016 17:19
ZZU,29/07/2016 17:19
ZZV,29/07/2016 17:19
ZZW,29/07/2016 17:19
ZZX,29/07/2016 17:19
ZZY,29/07/2016 17:19
ZZZ,29/07/2016 17:19
