suffix,last_modified_date
ADS,2016-07-29 17:19
AID,2016-07-29 17:19
ASS,2016-07-29 17:19
AUT,2016-07-29 17:19
BIG,2016-07-29 17:19
BIT,2016-07-29 17:19
BOG,2016-07-29 17:19
BOL,2016-07-29 17:19
BOM,2016-07-29 17:19
BUM,2016-07-29 17:19
CFM,2016-07-29 17:19
CNT,2016-07-29 17:19
COC,2016-07-29 17:19
COK,2016-07-29 17:19
COL,2016-07-29 17:19
COW,2016-07-29 17:19
CUM,2016-07-29 17:19
DIC,2016-07-29 17:19
DIE,2016-07-29 17:19
DIK,2016-07-29 17:19
DOR,2016-07-29 17:19
DSC,2016-07-29 17:19
ETA,2016-07-29 17:19
FAG,2016-07-29 17:19
FIC,2016-07-29 17:19
FOC,2016-07-29 17:19
FOF,2016-07-29 17:19
FOO,2016-07-29 17:19
FUC,2016-07-29 17:19
FUK,2016-07-29 17:19
FUX,2016-07-29 17:19
GIT,2016-07-29 17:19
GOD,2016-07-29 17:19
HCQ,2016-07-29 17:19
HIV,2016-07-29 17:19
HOA,2016-07-29 17:19
HON,2016-07-29 17:19
HOR,2016-07-29 17:19
IIR,2016-07-29 17:19
IRA,2016-07-29 17:19
IUD,2016-07-29 17:19
JDX,2016-07-29 17:19
JEW,2016-07-29 17:19
JIZ,2020-12-10 09:10
JJJ,2016-07-29 17:19
KKK,2016-07-29 17:19
KOC,2016-07-29 17:19
KOK,2016-07-29 17:19
KTS,2016-07-29 17:19
LIC,2016-07-29 17:19
LIM,2016-07-29 17:19
LOO,2016-07-29 17:19
LPC,2016-07-29 17:19
MIN,2016-07-29 17:19
MOO,2016-07-29 17:19
MSG,2016-07-29 17:19
MSI,2016-07-29 17:19
NIG,2016-07-29 17:19
NIJ,2016-07-29 17:19
NIL,2016-07-29 17:19
NIP,2016-07-29 17:19
NOB,2016-07-29 17:19
OOG,2016-07-29 17:19
PBL,2016-07-29 17:19
PIG,2016-07-29 17:19
PIM,2016-07-29 17:19
PIN,2016-07-29 17:19
PIS,2016-07-29 17:19
POK,2016-07-29 17:19
PON,2016-07-29 17:19
POO,2016-07-29 17:19
POR,2016-07-29 17:19
POT,2016-07-29 17:19
POX,2016-07-29 17:19
PSE,2016-07-29 17:19
QAA,2016-07-29 17:19
QAB,2016-07-29 17:19
QAC,2016-07-29 17:19
QAD,2016-07-29 17:19
QAE,2016-07-29 17:19
QAF,2016-07-29 17:19
QAG,2016-07-29 17:19
QAH,2016-07-29 17:19
QAI,2016-07-29 17:19
QAJ,2016-07-29 17:19
QAK,2016-07-29 17:19
QAL,2016-07-29 17:19
QAM,2016-07-29 17:19
QAN,2016-07-29 17:19
QAO,2016-07-29 17:19
QAP,2016-07-29 17:19
QAQ,2016-07-29 17:19
QAR,2016-07-29 17:19
QAS,2016-07-29 17:19
QAT,2016-07-29 17:19
QAU,2016-07-29 17:19
QAV,2016-07-29 17:19
QAW,2016-07-29 17:19
QAX,2016-07-29 17:19
QAY,2016-07-29 17:19
QAZ,2016-07-29 17:19
QBA,2016-07-29 17:19
QBB,2016-07-29 17:19
QBC,2016-07-29 17:19
QBD,2016-07-29 17:19
QBE,2016-07-29 17:19
QBF,2016-07-29 17:19
QBG,2016-07-29 17:19
QBH,2016-07-29 17:19
QBI,2016-07-29 17:19
QBJ,2016-07-29 17:19
QBK,2016-07-29 17:19
QBL,2016-07-29 17:19
QBM,2016-07-29 17:19
QBN,2016-07-29 17:19
QBO,2016-07-29 17:19
QBP,2016-07-29 17:19
QBQ,2016-07-29 17:19
QBR,2016-07-29 17:19
QBS,2016-07-29 17:19
QBT,2016-07-29 17:19
QBU,2016-07-29 17:19
QBV,2016-07-29 17:19
QBW,2016-07-29 17:19
QBX,2016-07-29 17:19
QBY,2016-07-29 17:19
QBZ,2016-07-29 17:19
QCA,2016-07-29 17:19
QCB,2016-07-29 17:19
QCC,2016-07-29 17:19
QCD,2016-07-29 17:19
QCE,2016-07-29 17:19
QCF,2016-07-29 17:19
QCG,2016-07-29 17:19
QCH,2016-07-29 17:19
QCI,2016-07-29 17:19
QCJ,2016-07-29 17:19
QCK,2016-07-29 17:19
QCL,2016-07-29 17:19
QCM,2016-07-29 17:19
QCN,2016-07-29 17:19
QCO,2016-07-29 17:19
QCP,2016-07-29 17:19
QCQ,2016-07-29 17:19
QCR,2016-07-29 17:19
QCS,2016-07-29 17:19
QCT,2016-07-29 17:19
QCU,2016-07-29 17:19
QCV,2016-07-29 17:19
QCW,2016-07-29 17:19
QCX,2016-07-29 17:19
QCY,2016-07-29 17:19
QCZ,2016-07-29 17:19
QDA,2016-07-29 17:19
QDB,2016-07-29 17:19
QDC,2016-07-29 17:19
QDD,2016-07-29 17:19
QDE,2016-07-29 17:19
QDF,2016-07-29 17:19
QDG,2016-07-29 17:19
QDH,2016-07-29 17:19
QDI,2016-07-29 17:19
QDJ,2016-07-29 17:19
QDK,2016-07-29 17:19
QDL,2016-07-29 17:19
QDM,2016-07-29 17:19
QDN,2016-07-29 17:19
QDO,2016-07-29 17:19
QDP,2016-07-29 17:19
QDQ,2016-07-29 17:19
QDR,2016-07-29 17:19
QDS,2016-07-29 17:19
QDT,2016-07-29 17:19
QDU,2016-07-29 17:19
QDV,2016-07-29 17:19
QDW,2016-07-29 17:19
QDX,2016-07-29 17:19
QDY,2016-07-29 17:19
QDZ,2016-07-29 17:19
QEA,2016-07-29 17:19
QEB,2016-07-29 17:19
QEC,2016-07-29 17:19
QED,2016-07-29 17:19
QEE,2016-07-29 17:19
QEF,2016-07-29 17:19
QEG,2016-07-29 17:19
QEH,2016-07-29 17:19
QEI,2016-07-29 17:19
QEJ,2016-07-29 17:19
QEK,2016-07-29 17:19
QEL,2016-07-29 17:19
QEM,2016-07-29 17:19
QEN,2016-07-29 17:19
QEO,2016-07-29 17:19
QEP,2016-07-29 17:19
QEQ,2016-07-29 17:19
QER,2016-07-29 17:19
QES,2016-07-29 17:19
QET,2016-07-29 17:19
QEU,2016-07-29 17:19
QEV,2016-07-29 17:19
QEW,2016-07-29 17:19
QEX,2016-07-29 17:19
QEY,2016-07-29 17:19
QEZ,2016-07-29 17:19
QFA,2016-07-29 17:19
QFB,2016-07-29 17:19
QFC,2016-07-29 17:19
QFD,2016-07-29 17:19
QFE,2016-07-29 17:19
QFF,2016-07-29 17:19
QFG,2016-07-29 17:19
QFH,2016-07-29 17:19
QFI,2016-07-29 17:19
QFJ,2016-07-29 17:19
QFK,2016-07-29 17:19
QFL,2016-07-29 17:19
QFM,2016-07-29 17:19
QFN,2016-07-29 17:19
QFO,2016-07-29 17:19
QFP,2016-07-29 17:19
QFQ,2016-07-29 17:19
QFR,2016-07-29 17:19
QFS,2016-07-29 17:19
QFT,2016-07-29 17:19
QFU,2016-07-29 17:19
QFV,2016-07-29 17:19
QFW,2016-07-29 17:19
QFX,2016-07-29 17:19
QFY,2016-07-29 17:19
QFZ,2016-07-29 17:19
QGA,2016-07-29 17:19
QGB,2016-07-29 17:19
QGC,2016-07-29 17:19
QGD,2016-07-29 17:19
QGE,2016-07-29 17:19
QGF,2016-07-29 17:19
QGG,2016-07-29 17:19
QGH,2016-07-29 17:19
QGI,2016-07-29 17:19
QGJ,2016-07-29 17:19
QGK,2016-07-29 17:19
QGL,2016-07-29 17:19
QGM,2016-07-29 17:19
QGN,2016-07-29 17:19
QGO,2016-07-29 17:19
QGP,2016-07-29 17:19
QGQ,2016-07-29 17:19
QGR,2016-07-29 17:19
QGS,2016-07-29 17:19
QGT,2016-07-29 17:19
QGU,2016-07-29 17:19
QGV,2016-07-29 17:19
QGW,2016-07-29 17:19
QGX,2016-07-29 17:19
QGY,2016-07-29 17:19
QGZ,2016-07-29 17:19
QHA,2016-07-29 17:19
QHB,2016-07-29 17:19
QHC,2016-07-29 17:19
QHD,2016-07-29 17:19
QHE,2016-07-29 17:19
QHF,2016-07-29 17:19
QHG,2016-07-29 17:19
QHH,2016-07-29 17:19
QHI,2016-07-29 17:19
QHJ,2016-07-29 17:19
QHK,2016-07-29 17:19
QHL,2016-07-29 17:19
QHM,2016-07-29 17:19
QHN,2016-07-29 17:19
QHO,2016-07-29 17:19
QHP,2016-07-29 17:19
QHQ,2016-07-29 17:19
QHR,2016-07-29 17:19
QHS,2016-07-29 17:19
QHT,2016-07-29 17:19
QHU,2016-07-29 17:19
QHV,2016-07-29 17:19
QHW,2016-07-29 17:19
QHX,2016-07-29 17:19
QHY,2016-07-29 17:19
QHZ,2016-07-29 17:19
QIA,2016-07-29 17:19
QIB,2016-07-29 17:19
QIC,2016-07-29 17:19
QID,2016-07-29 17:19
QIE,2016-07-29 17:19
QIF,2016-07-29 17:19
QIG,2016-07-29 17:19
QIH,2016-07-29 17:19
QII,2016-07-29 17:19
QIJ,2016-07-29 17:19
QIK,2016-07-29 17:19
QIL,2016-07-29 17:19
QIM,2016-07-29 17:19
QIN,2016-07-29 17:19
QIO,2016-07-29 17:19
QIP,2016-07-29 17:19
QIQ,2016-07-29 17:19
QIR,2016-07-29 17:19
QIS,2016-07-29 17:19
QIT,2016-07-29 17:19
QIU,2016-07-29 17:19
QIV,2016-07-29 17:19
QIW,2016-07-29 17:19
QIX,2016-07-29 17:19
QIY,2016-07-29 17:19
QIZ,2016-07-29 17:19
QJA,2016-07-29 17:19
QJB,2016-07-29 17:19
QJC,2016-07-29 17:19
QJD,2016-07-29 17:19
QJE,2016-07-29 17:19
QJF,2016-07-29 17:19
QJG,2016-07-29 17:19
QJH,2016-07-29 17:19
QJI,2016-07-29 17:19
QJJ,2016-07-29 17:19
QJK,2016-07-29 17:19
QJL,2016-07-29 17:19
QJM,2016-07-29 17:19
QJN,2016-07-29 17:19
QJO,2016-07-29 17:19
QJP,2016-07-29 17:19
QJQ,2016-07-29 17:19
QJR,2016-07-29 17:19
QJS,2016-07-29 17:19
QJT,2016-07-29 17:19
QJU,2016-07-29 17:19
QJV,2016-07-29 17:19
QJW,2016-07-29 17:19
QJX,2016-07-29 17:19
QJY,2016-07-29 17:19
QJZ,2016-07-29 17:19
QKA,2016-07-29 17:19
QKB,2016-07-29 17:19
QKC,2016-07-29 17:19
QKD,2016-07-29 17:19
QKE,2016-07-29 17:19
QKF,2016-07-29 17:19
QKG,2016-07-29 17:19
QKH,2016-07-29 17:19
QKI,2016-07-29 17:19
QKJ,2016-07-29 17:19
QKK,2016-07-29 17:19
QKL,2016-07-29 17:19
QKM,2016-07-29 17:19
QKN,2016-07-29 17:19
QKO,2016-07-29 17:19
QKP,2016-07-29 17:19
QKQ,2016-07-29 17:19
QKR,2016-07-29 17:19
QKS,2016-07-29 17:19
QKT,2016-07-29 17:19
QKU,2016-07-29 17:19
QKV,2016-07-29 17:19
QKW,2016-07-29 17:19
QKX,2016-07-29 17:19
QKY,2016-07-29 17:19
QKZ,2016-07-29 17:19
QLA,2016-07-29 17:19
QLB,2016-07-29 17:19
QLC,2016-07-29 17:19
QLD,2016-07-29 17:19
QLE,2016-07-29 17:19
QLF,2016-07-29 17:19
QLG,2016-07-29 17:19
QLH,2016-07-29 17:19
QLI,2016-07-29 17:19
QLJ,2016-07-29 17:19
QLK,2016-07-29 17:19
QLL,2016-07-29 17:19
QLM,2016-07-29 17:19
QLN,2016-07-29 17:19
QLO,2016-07-29 17:19
QLP,2016-07-29 17:19
QLQ,2016-07-29 17:19
QLR,2016-07-29 17:19
QLS,2016-07-29 17:19
QLT,2016-07-29 17:19
QLU,2016-07-29 17:19
QLV,2016-07-29 17:19
QLW,2016-07-29 17:19
QLX,2016-07-29 17:19
QLY,2016-07-29 17:19
QLZ,2016-07-29 17:19
QMA,2016-07-29 17:19
QMB,2016-07-29 17:19
QMC,2016-07-29 17:19
QMD,2016-07-29 17:19
QME,2016-07-29 17:19
QMF,2016-07-29 17:19
QMG,2016-07-29 17:19
QMH,2016-07-29 17:19
QMI,2016-07-29 17:19
QMJ,2016-07-29 17:19
QMK,2016-07-29 17:19
QML,2016-07-29 17:19
QMM,2016-07-29 17:19
QMN,2016-07-29 17:19
QMO,2016-07-29 17:19
QMP,2016-07-29 17:19
QMQ,2016-07-29 17:19
QMR,2016-07-29 17:19
QMS,2016-07-29 17:19
QMT,2016-07-29 17:19
QMU,2016-07-29 17:19
QMV,2016-07-29 17:19
QMW,2016-07-29 17:19
QMX,2016-07-29 17:19
QMY,2016-07-29 17:19
QMZ,2016-07-29 17:19
QNA,2016-07-29 17:19
QNB,2016-07-29 17:19
QNC,2016-07-29 17:19
QND,2016-07-29 17:19
QNE,2016-07-29 17:19
QNG,2016-07-29 17:19
QNH,2016-07-29 17:19
QNI,2016-07-29 17:19
QNJ,2016-07-29 17:19
QNK,2016-07-29 17:19
QNL,2016-07-29 17:19
QNM,2016-07-29 17:19
QNN,2016-07-29 17:19
QNO,2016-07-29 17:19
QNP,2016-07-29 17:19
QNQ,2016-07-29 17:19
QNR,2016-07-29 17:19
QNS,2016-07-29 17:19
QNT,2016-07-29 17:19
QNU,2016-07-29 17:19
QNV,2016-07-29 17:19
QNW,2016-07-29 17:19
QNX,2016-07-29 17:19
QNY,2016-07-29 17:19
QNZ,2016-07-29 17:19
QOA,2016-07-29 17:19
QOB,2016-07-29 17:19
QOC,2016-07-29 17:19
QOD,2016-07-29 17:19
QOE,2016-07-29 17:19
QOF,2016-07-29 17:19
QOG,2016-07-29 17:19
QOH,2016-07-29 17:19
QOI,2016-07-29 17:19
QOJ,2016-07-29 17:19
QOK,2016-07-29 17:19
QOL,2016-07-29 17:19
QOM,2016-07-29 17:19
QON,2016-07-29 17:19
QOO,2016-07-29 17:19
QOP,2016-07-29 17:19
QOQ,2016-07-29 17:19
QOR,2016-07-29 17:19
QOS,2016-07-29 17:19
QOT,2016-07-29 17:19
QOU,2016-07-29 17:19
QOV,2016-07-29 17:19
QOW,2016-07-29 17:19
QOX,2016-07-29 17:19
QOY,2016-07-29 17:19
QOZ,2016-07-29 17:19
QPA,2016-07-29 17:19
QPB,2016-07-29 17:19
QPC,2016-07-29 17:19
QPD,2016-07-29 17:19
QPE,2016-07-29 17:19
QPF,2016-07-29 17:19
QPG,2016-07-29 17:19
QPH,2016-07-29 17:19
QPI,2016-07-29 17:19
QPJ,2016-07-29 17:19
QPK,2016-07-29 17:19
QPL,2016-07-29 17:19
QPM,2016-07-29 17:19
QPN,2016-07-29 17:19
QPO,2016-07-29 17:19
QPP,2016-07-29 17:19
QPQ,2016-07-29 17:19
QPR,2016-07-29 17:19
QPS,2016-07-29 17:19
QPT,2016-07-29 17:19
QPU,2016-07-29 17:19
QPV,2016-07-29 17:19
QPW,2016-07-29 17:19
QPX,2016-07-29 17:19
QPY,2016-07-29 17:19
QPZ,2016-07-29 17:19
QQA,2016-07-29 17:19
QQB,2016-07-29 17:19
QQC,2016-07-29 17:19
QQD,2016-07-29 17:19
QQE,2016-07-29 17:19
QQF,2016-07-29 17:19
QQG,2016-07-29 17:19
QQH,2016-07-29 17:19
QQI,2016-07-29 17:19
QQJ,2016-07-29 17:19
QQK,2016-07-29 17:19
QQL,2016-07-29 17:19
QQM,2016-07-29 17:19
QQN,2016-07-29 17:19
QQO,2016-07-29 17:19
QQP,2016-07-29 17:19
QQQ,2016-07-29 17:19
QQR,2016-07-29 17:19
QQS,2016-07-29 17:19
QQT,2016-07-29 17:19
QQU,2016-07-29 17:19
QQV,2016-07-29 17:19
QQW,2016-07-29 17:19
QQX,2016-07-29 17:19
QQY,2016-07-29 17:19
QQZ,2016-07-29 17:19
QRA,2016-07-29 17:19
QRB,2016-07-29 17:19
QRC,2016-07-29 17:19
QRD,2016-07-29 17:19
QRE,2016-07-29 17:19
QRF,2016-07-29 17:19
QRG,2016-07-29 17:19
QRH,2016-07-29 17:19
QRI,2016-07-29 17:19
QRJ,2016-07-29 17:19
QRK,2016-07-29 17:19
QRL,2016-07-29 17:19
QRM,2016-07-29 17:19
QRN,2016-07-29 17:19
QRO,2016-07-29 17:19
QRP,2016-07-29 17:19
QRQ,2016-07-29 17:19
QRR,2016-07-29 17:19
QRS,2016-07-29 17:19
QRT,2016-07-29 17:19
QRU,2016-07-29 17:19
QRV,2016-07-29 17:19
QRW,2016-07-29 17:19
QRX,2016-07-29 17:19
QRY,2016-07-29 17:19
QRZ,2016-07-29 17:19
QSA,2016-07-29 17:19
QSB,2016-07-29 17:19
QSC,2016-07-29 17:19
QSD,2016-07-29 17:19
QSE,2016-07-29 17:19
QSF,2016-07-29 17:19
QSG,2016-07-29 17:19
QSH,2016-07-29 17:19
QSI,2016-07-29 17:19
QSJ,2016-07-29 17:19
QSK,2016-07-29 17:19
QSL,2016-07-29 17:19
QSM,2016-07-29 17:19
QSN,2016-07-29 17:19
QSO,2016-07-29 17:19
QSP,2016-07-29 17:19
QSQ,2016-07-29 17:19
QSR,2016-07-29 17:19
QSS,2016-07-29 17:19
QST,2016-07-29 17:19
QSU,2016-07-29 17:19
QSV,2016-07-29 17:19
QSW,2016-07-29 17:19
QSX,2016-07-29 17:19
QSY,2016-07-29 17:19
QSZ,2016-07-29 17:19
QTA,2016-07-29 17:19
QTB,2016-07-29 17:19
QTC,2016-07-29 17:19
QTD,2016-07-29 17:19
QTE,2016-07-29 17:19
QTF,2016-07-29 17:19
QTG,2016-07-29 17:19
QTH,2016-07-29 17:19
QTI,2016-07-29 17:19
QTJ,2016-07-29 17:19
QTK,2016-07-29 17:19
QTL,2016-07-29 17:19
QTM,2016-07-29 17:19
QTN,2016-07-29 17:19
QTO,2016-07-29 17:19
QTP,2016-07-29 17:19
QTQ,2016-07-29 17:19
QTR,2016-07-29 17:19
QTS,2016-07-29 17:19
QTT,2016-07-29 17:19
QTU,2016-07-29 17:19
QTV,2016-07-29 17:19
QTW,2016-07-29 17:19
QTX,2016-07-29 17:19
QTY,2016-07-29 17:19
QTZ,2016-07-29 17:19
QUA,2016-07-29 17:19
QUB,2016-07-29 17:19
QUC,2016-07-29 17:19
QUD,2016-07-29 17:19
QUE,2016-07-29 17:19
QUF,2016-07-29 17:19
QUG,2016-07-29 17:19
QUH,2016-07-29 17:19
QUI,2016-07-29 17:19
QUJ,2016-07-29 17:19
QUK,2016-07-29 17:19
QUL,2016-07-29 17:19
QUM,2016-07-29 17:19
QUN,2016-07-29 17:19
QUO,2016-07-29 17:19
QUP,2016-07-29 17:19
QUQ,2016-07-29 17:19
QUR,2016-07-29 17:19
QUS,2016-07-29 17:19
QUT,2016-07-29 17:19
QUU,2016-07-29 17:19
QUV,2016-07-29 17:19
QUW,2016-07-29 17:19
QUX,2016-07-29 17:19
QUY,2016-07-29 17:19
QUZ,2016-07-29 17:19
QVA,2016-07-29 17:19
QVB,2016-07-29 17:19
QVC,2016-07-29 17:19
QVD,2016-07-29 17:19
QVE,2016-07-29 17:19
QVF,2016-07-29 17:19
QVG,2016-07-29 17:19
QVH,2016-07-29 17:19
QVI,2016-07-29 17:19
QVJ,2016-07-29 17:19
QVK,2016-07-29 17:19
QVL,2016-07-29 17:19
QVM,2016-07-29 17:19
QVN,2016-07-29 17:19
QVO,2016-07-29 17:19
QVP,2016-07-29 17:19
QVQ,2016-07-29 17:19
QVR,2016-07-29 17:19
QVS,2016-07-29 17:19
QVT,2016-07-29 17:19
QVU,2016-07-29 17:19
QVV,2016-07-29 17:19
QVW,2016-07-29 17:19
QVX,2016-07-29 17:19
QVY,2016-07-29 17:19
QVZ,2016-07-29 17:19
QWA,2016-07-29 17:19
QWB,2016-07-29 17:19
QWC,2016-07-29 17:19
QWD,2016-07-29 17:19
QWE,2016-07-29 17:19
QWF,2016-07-29 17:19
QWG,2016-07-29 17:19
QWH,2016-07-29 17:19
QWI,2016-07-29 17:19
QWJ,2016-07-29 17:19
QWK,2016-07-29 17:19
QWL,2016-07-29 17:19
QWM,2016-07-29 17:19
QWN,2016-07-29 17:19
QWO,2016-07-29 17:19
QWP,2016-07-29 17:19
QWQ,2016-07-29 17:19
QWR,2016-07-29 17:19
QWS,2016-07-29 17:19
QWT,2016-07-29 17:19
QWU,2016-07-29 17:19
QWV,2016-07-29 17:19
QWW,2016-07-29 17:19
QWX,2016-07-29 17:19
QWY,2016-07-29 17:19
QWZ,2016-07-29 17:19
QXA,2016-07-29 17:19
QXB,2016-07-29 17:19
QXC,2016-07-29 17:19
QXD,2016-07-29 17:19
QXE,2016-07-29 17:19
QXF,2016-07-29 17:19
QXG,2016-07-29 17:19
QXH,2016-07-29 17:19
QXI,2016-07-29 17:19
QXJ,2016-07-29 17:19
QXK,2016-07-29 17:19
QXL,2016-07-29 17:19
QXM,2016-07-29 17:19
QXN,2016-07-29 17:19
QXO,2016-07-29 17:19
QXP,2016-07-29 17:19
QXQ,2016-07-29 17:19
QXR,2016-07-29 17:19
QXS,2016-07-29 17:19
QXT,2016-07-29 17:19
QXU,2016-07-29 17:19
QXV,2016-07-29 17:19
QXW,2016-07-29 17:19
QXX,2016-07-29 17:19
QXY,2016-07-29 17:19
QXZ,2016-07-29 17:19
QYA,2016-07-29 17:19
QYB,2016-07-29 17:19
QYC,2016-07-29 17:19
QYD,2016-07-29 17:19
QYE,2016-07-29 17:19
QYF,2016-07-29 17:19
QYG,2016-07-29 17:19
QYH,2016-07-29 17:19
QYI,2016-07-29 17:19
QYJ,2016-07-29 17:19
QYK,2016-07-29 17:19
QYL,2016-07-29 17:19
QYM,2016-07-29 17:19
QYN,2016-07-29 17:19
QYO,2016-07-29 17:19
QYP,2016-07-29 17:19
QYQ,2016-07-29 17:19
QYR,2016-07-29 17:19
QYS,2016-07-29 17:19
QYT,2016-07-29 17:19
QYU,2016-07-29 17:19
QYV,2016-07-29 17:19
QYW,2016-07-29 17:19
QYX,2016-07-29 17:19
QYY,2016-07-29 17:19
QYZ,2016-07-29 17:19
QZA,2016-07-29 17:19
QZB,2016-07-29 17:19
QZC,2016-07-29 17:19
QZD,2016-07-29 17:19
QZE,2016-07-29 17:19
QZF,2016-07-29 17:19
QZG,2016-07-29 17:19
QZH,2016-07-29 17:19
QZI,2016-07-29 17:19
QZJ,2016-07-29 17:19
QZK,2016-07-29 17:19
QZL,2016-07-29 17:19
QZM,2016-07-29 17:19
QZN,2016-07-29 17:19
QZO,2016-07-29 17:19
QZP,2016-07-29 17:19
QZQ,2016-07-29 17:19
QZR,2016-07-29 17:19
QZS,2016-07-29 17:19
QZT,2016-07-29 17:19
QZU,2016-07-29 17:19
QZV,2016-07-29 17:19
QZW,2016-07-29 17:19
QZX,2016-07-29 17:19
QZY,2016-07-29 17:19
QZZ,2016-07-29 17:19
RAF,2016-07-29 17:19
RCC,2016-07-29 17:19
REF,2016-07-29 17:19
RID,2016-07-29 17:19
RIM,2016-07-29 17:19
ROD,2016-07-29 17:19
ROG,2016-07-29 17:19
RON,2016-07-29 17:19
RPT,2016-07-29 17:19
RSE,2016-07-29 17:19
SAR,2016-07-29 17:19
SEX,2016-07-29 17:19
SIC,2016-07-29 17:19
SIG,2016-07-29 17:19
SLT,2016-07-29 17:19
SOD,2016-07-29 17:19
SOI,2016-07-29 17:19
SOS,2016-07-29 17:19
SOW,2016-07-29 17:19
SVC,2016-07-29 17:19
SYS,2016-07-29 17:19
TFC,2016-07-29 17:19
TIT,2016-07-29 17:19
TOO,2016-07-29 17:19
TOS,2016-07-29 17:19
TTT,2016-07-29 17:19
TXT,2016-07-29 17:19
VDB,2016-07-29 17:19
VIL,2016-07-29 17:19
VIZ,2016-07-29 17:19
WIP,2016-07-29 17:19
WNG,2016-07-29 17:19
WNK,2016-07-29 17:19
WOG,2016-07-29 17:19
WOP,2016-07-29 17:19
WOR,2016-07-29 17:19
XSC,2016-07-29 17:19
XXX,2016-07-29 17:19
YID,2016-07-29 17:19
ZAA,2016-07-29 17:19
ZAB,2016-07-29 17:19
ZAC,2016-07-29 17:19
ZAD,2016-07-29 17:19
ZAE,2016-07-29 17:19
ZAF,2016-07-29 17:19
ZAG,2016-07-29 17:19
ZAH,2016-07-29 17:19
ZAI,2016-07-29 17:19
ZAJ,2016-07-29 17:19
ZAK,2016-07-29 17:19
ZAL,2016-07-29 17:19
ZAM,2016-07-29 17:19
ZAN,2016-07-29 17:19
ZAO,2016-07-29 17:19
ZAP,2016-07-29 17:19
ZAQ,2016-07-29 17:19
ZAR,2016-07-29 17:19
ZAS,2016-07-29 17:19
ZAT,2016-07-29 17:19
ZAU,2016-07-29 17:19
ZAV,2016-07-29 17:19
ZAW,2016-07-29 17:19
ZAX,2016-07-29 17:19
ZAY,2016-07-29 17:19
ZAZ,2016-07-29 17:19
ZBA,2016-07-29 17:19
ZBB,2016-07-29 17:19
ZBC,2016-07-29 17:19
ZBD,2016-07-29 17:19
ZBE,2016-07-29 17:19
ZBF,2016-07-29 17:19
ZBG,2016-07-29 17:19
ZBH,2016-07-29 17:19
ZBI,2016-07-29 17:19
ZBJ,2016-07-29 17:19
ZBK,2016-07-29 17:19
ZBL,2016-07-29 17:19
ZBM,2016-07-29 17:19
ZBN,2016-07-29 17:19
ZBO,2016-07-29 17:19
ZBP,2016-07-29 17:19
ZBQ,2016-07-29 17:19
ZBR,2016-07-29 17:19
ZBS,2016-07-29 17:19
ZBT,2016-07-29 17:19
ZBU,2016-07-29 17:19
ZBV,2016-07-29 17:19
ZBW,2016-07-29 17:19
ZBX,2016-07-29 17:19
ZBY,2016-07-29 17:19
ZBZ,2016-07-29 17:19
ZCA,2016-07-29 17:19
ZCB,2016-07-29 17:19
ZCC,2016-07-29 17:19
ZCD,2016-07-29 17:19
ZCE,2016-07-29 17:19
ZCF,2016-07-29 17:19
ZCG,2016-07-29 17:19
ZCH,2016-07-29 17:19
ZCI,2016-07-29 17:19
ZCJ,2016-07-29 17:19
ZCK,2016-07-29 17:19
ZCL,2016-07-29 17:19
ZCM,2016-07-29 17:19
ZCN,2016-07-29 17:19
ZCO,2016-07-29 17:19
ZCP,2016-07-29 17:19
ZCQ,2016-07-29 17:19
ZCR,2016-07-29 17:19
ZCS,2016-07-29 17:19
ZCT,2016-07-29 17:19
ZCU,2016-07-29 17:19
ZCV,2016-07-29 17:19
ZCW,2016-07-29 17:19
ZCX,2016-07-29 17:19
ZCY,2016-07-29 17:19
ZCZ,2016-07-29 17:19
ZDA,2016-07-29 17:19
ZDB,2016-07-29 17:19
ZDC,2016-07-29 17:19
ZDD,2016-07-29 17:19
ZDE,2016-07-29 17:19
ZDF,2016-07-29 17:19
ZDG,2016-07-29 17:19
ZDH,2016-07-29 17:19
ZDI,2016-07-29 17:19
ZDJ,2016-07-29 17:19
ZDK,2016-07-29 17:19
ZDL,2016-07-29 17:19
ZDM,2016-07-29 17:19
ZDN,2016-07-29 17:19
ZDO,2016-07-29 17:19
ZDP,2016-07-29 17:19
ZDQ,2016-07-29 17:19
ZDR,2016-07-29 17:19
ZDS,2016-07-29 17:19
ZDT,2016-07-29 17:19
ZDU,2016-07-29 17:19
ZDV,2016-07-29 17:19
ZDW,2016-07-29 17:19
ZDX,2016-07-29 17:19
ZDY,2016-07-29 17:19
ZDZ,2016-07-29 17:19
ZEA,2016-07-29 17:19
ZEB,2016-07-29 17:19
ZEC,2016-07-29 17:19
ZED,2016-07-29 17:19
ZEE,2016-07-29 17:19
ZEF,2016-07-29 17:19
ZEG,2016-07-29 17:19
ZEH,2016-07-29 17:19
ZEI,2016-07-29 17:19
ZEJ,2016-07-29 17:19
ZEK,2016-07-29 17:19
ZEL,2016-07-29 17:19
ZEM,2016-07-29 17:19
ZEN,2016-07-29 17:19
ZEO,2016-07-29 17:19
ZEP,2016-07-29 17:19
ZEQ,2016-07-29 17:19
ZER,2016-07-29 17:19
ZES,2016-07-29 17:19
ZET,2016-07-29 17:19
ZEU,2016-07-29 17:19
ZEV,2016-07-29 17:19
ZEW,2016-07-29 17:19
ZEX,2016-07-29 17:19
ZEY,2016-07-29 17:19
ZEZ,2016-07-29 17:19
ZFA,2016-07-29 17:19
ZFB,2016-07-29 17:19
ZFC,2016-07-29 17:19
ZFD,2016-07-29 17:19
ZFE,2016-07-29 17:19
ZFF,2016-07-29 17:19
ZFG,2016-07-29 17:19
ZFH,2016-07-29 17:19
ZFI,2016-07-29 17:19
ZFK,2016-07-29 17:19
ZFL,2016-07-29 17:19
ZFM,2016-07-29 17:19
ZFN,2016-07-29 17:19
ZFO,2016-07-29 17:19
ZFP,2016-07-29 17:19
ZFQ,2016-07-29 17:19
ZFR,2016-07-29 17:19
ZFS,2016-07-29 17:19
ZFT,2016-07-29 17:19
ZFU,2016-07-29 17:19
ZFV,2016-07-29 17:19
ZFW,2016-07-29 17:19
ZFX,2016-07-29 17:19
ZFY,2016-07-29 17:19
ZFZ,2016-07-29 17:19
ZGA,2016-07-29 17:19
ZGB,2016-07-29 17:19
ZGC,2016-07-29 17:19
ZGD,2016-07-29 17:19
ZGE,2016-07-29 17:19
ZGF,2016-07-29 17:19
ZGG,2016-07-29 17:19
ZGH,2016-07-29 17:19
ZGI,2016-07-29 17:19
ZGJ,2016-07-29 17:19
ZGK,2016-07-29 17:19
ZGL,2016-07-29 17:19
ZGM,2016-07-29 17:19
ZGN,2016-07-29 17:19
ZGO,2016-07-29 17:19
ZGP,2016-07-29 17:19
ZGQ,2016-07-29 17:19
ZGR,2016-07-29 17:19
ZGS,2016-07-29 17:19
ZGT,2016-07-29 17:19
ZGU,2016-07-29 17:19
ZGV,2016-07-29 17:19
ZGW,2016-07-29 17:19
ZGX,2016-07-29 17:19
ZGY,2016-07-29 17:19
ZGZ,2016-07-29 17:19
ZHA,2016-07-29 17:19
ZHB,2016-07-29 17:19
ZHC,2016-07-29 17:19
ZHD,2016-07-29 17:19
ZHE,2016-07-29 17:19
ZHF,2016-07-29 17:19
ZHG,2016-07-29 17:19
ZHH,2016-07-29 17:19
ZHI,2016-07-29 17:19
ZHJ,2016-07-29 17:19
ZHK,2016-07-29 17:19
ZHL,2016-07-29 17:19
ZHM,2016-07-29 17:19
ZHN,2016-07-29 17:19
ZHO,2016-07-29 17:19
ZHP,2016-07-29 17:19
ZHQ,2016-07-29 17:19
ZHR,2016-07-29 17:19
ZHS,2016-07-29 17:19
ZHT,2016-07-29 17:19
ZHU,2016-07-29 17:19
ZHV,2016-07-29 17:19
ZHW,2016-07-29 17:19
ZHX,2016-07-29 17:19
ZHY,2016-07-29 17:19
ZHZ,2016-07-29 17:19
ZIA,2016-07-29 17:19
ZIB,2016-07-29 17:19
ZIC,2016-07-29 17:19
ZID,2016-07-29 17:19
ZIE,2016-07-29 17:19
ZIF,2016-07-29 17:19
ZIG,2016-07-29 17:19
ZIH,2016-07-29 17:19
ZII,2016-07-29 17:19
ZIJ,2016-07-29 17:19
ZIK,2016-07-29 17:19
ZIL,2016-07-29 17:19
ZIM,2016-07-29 17:19
ZIN,2016-07-29 17:19
ZIO,2016-07-29 17:19
ZIP,2016-07-29 17:19
ZIQ,2016-07-29 17:19
ZIR,2016-07-29 17:19
ZIS,2016-07-29 17:19
ZIT,2016-07-29 17:19
ZIU,2016-07-29 17:19
ZIV,2016-07-29 17:19
ZIW,2016-07-29 17:19
ZIX,2016-07-29 17:19
ZIY,2016-07-29 17:19
ZIZ,2016-07-29 17:19
ZJA,2016-07-29 17:19
ZJB,2016-07-29 17:19
ZJC,2016-07-29 17:19
ZJD,2016-07-29 17:19
ZJE,2016-07-29 17:19
ZJF,2016-07-29 17:19
ZJG,2016-07-29 17:19
ZJH,2016-07-29 17:19
ZJI,2016-07-29 17:19
ZJJ,2016-07-29 17:19
ZJK,2016-07-29 17:19
ZJL,2016-07-29 17:19
ZJM,2016-07-29 17:19
ZJN,2016-07-29 17:19
ZJO,2016-07-29 17:19
ZJP,2016-07-29 17:19
ZJQ,2016-07-29 17:19
ZJR,2016-07-29 17:19
ZJS,2016-07-29 17:19
ZJT,2016-07-29 17:19
ZJU,2016-07-29 17:19
ZJV,2016-07-29 17:19
ZJW,2016-07-29 17:19
ZJX,2016-07-29 17:19
ZJY,2016-07-29 17:19
ZJZ,2016-07-29 17:19
ZKA,2016-07-29 17:19
ZKB,2016-07-29 17:19
ZKC,2016-07-29 17:19
ZKD,2016-07-29 17:19
ZKE,2016-07-29 17:19
ZKF,2016-07-29 17:19
ZKG,2016-07-29 17:19
ZKH,2016-07-29 17:19
ZKI,2016-07-29 17:19
ZKJ,2016-07-29 17:19
ZKK,2016-07-29 17:19
ZKL,2016-07-29 17:19
ZKM,2016-07-29 17:19
ZKN,2016-07-29 17:19
ZKO,2016-07-29 17:19
ZKP,2016-07-29 17:19
ZKQ,2016-07-29 17:19
ZKR,2016-07-29 17:19
ZKS,2016-07-29 17:19
ZKT,2016-07-29 17:19
ZKU,2016-07-29 17:19
ZKV,2016-07-29 17:19
ZKW,2016-07-29 17:19
ZKX,2016-07-29 17:19
ZKY,2016-07-29 17:19
ZKZ,2016-07-29 17:19
ZLA,2016-07-29 17:19
ZLB,2016-07-29 17:19
ZLC,2016-07-29 17:19
ZLD,2016-07-29 17:19
ZLE,2016-07-29 17:19
ZLF,2016-07-29 17:19
ZLG,2016-07-29 17:19
ZLH,2016-07-29 17:19
ZLI,2016-07-29 17:19
ZLJ,2016-07-29 17:19
ZLK,2016-07-29 17:19
ZLL,2016-07-29 17:19
ZLM,2016-07-29 17:19
ZLN,2016-07-29 17:19
ZLO,2016-07-29 17:19
ZLP,2016-07-29 17:19
ZLQ,2016-07-29 17:19
ZLR,2016-07-29 17:19
ZLS,2016-07-29 17:19
ZLT,2016-07-29 17:19
ZLU,2016-07-29 17:19
ZLV,2016-07-29 17:19
ZLW,2016-07-29 17:19
ZLX,2016-07-29 17:19
ZLY,2016-07-29 17:19
ZLZ,2016-07-29 17:19
ZMA,2016-07-29 17:19
ZMB,2016-07-29 17:19
ZMC,2016-07-29 17:19
ZMD,2016-07-29 17:19
ZME,2016-07-29 17:19
ZMF,2016-07-29 17:19
ZMG,2016-07-29 17:19
ZMH,2016-07-29 17:19
ZMI,2016-07-29 17:19
ZMJ,2016-07-29 17:19
ZMK,2016-07-29 17:19
ZML,2016-07-29 17:19
ZMM,2016-07-29 17:19
ZMN,2016-07-29 17:19
ZMO,2016-07-29 17:19
ZMP,2016-07-29 17:19
ZMQ,2016-07-29 17:19
ZMR,2016-07-29 17:19
ZMS,2016-07-29 17:19
ZMT,2016-07-29 17:19
ZMU,2016-07-29 17:19
ZMV,2016-07-29 17:19
ZMW,2016-07-29 17:19
ZMX,2016-07-29 17:19
ZMY,2016-07-29 17:19
ZMZ,2016-07-29 17:19
ZNA,2016-07-29 17:19
ZNB,2016-07-29 17:19
ZNC,2016-07-29 17:19
ZND,2016-07-29 17:19
ZNE,2016-07-29 17:19
ZNF,2016-07-29 17:19
ZNG,2016-07-29 17:19
ZNH,2016-07-29 17:19
ZNI,2016-07-29 17:19
ZNJ,2016-07-29 17:19
ZNK,2016-07-29 17:19
ZNL,2016-07-29 17:19
ZNM,2016-07-29 17:19
ZNN,2016-07-29 17:19
ZNO,2016-07-29 17:19
ZNP,2016-07-29 17:19
ZNQ,2016-07-29 17:19
ZNR,2016-07-29 17:19
ZNS,2016-07-29 17:19
ZNT,2016-07-29 17:19
ZNU,2016-07-29 17:19
ZNV,2016-07-29 17:19
ZNW,2016-07-29 17:19
ZNX,2016-07-29 17:19
ZNY,2016-07-29 17:19
ZNZ,2016-07-29 17:19
ZOA,2016-07-29 17:19
ZOB,2016-07-29 17:19
ZOC,2016-07-29 17:19
ZOD,2016-07-29 17:19
ZOE,2016-07-29 17:19
ZOF,2016-07-29 17:19
ZOG,2016-07-29 17:19
ZOH,2016-07-29 17:19
ZOI,2016-07-29 17:19
ZOJ,2016-07-29 17:19
ZOK,2016-07-29 17:19
ZOL,2016-07-29 17:19
ZOM,2016-07-29 17:19
ZON,2016-07-29 17:19
ZOO,2016-07-29 17:19
ZOP,2016-07-29 17:19
ZOQ,2016-07-29 17:19
ZOR,2016-07-29 17:19
ZOS,2016-07-29 17:19
ZOT,2016-07-29 17:19
ZOU,2016-07-29 17:19
ZOV,2016-07-29 17:19
ZOW,2016-07-29 17:19
ZOX,2016-07-29 17:19
ZOY,2016-07-29 17:19
ZOZ,2016-07-29 17:19
ZPA,2016-07-29 17:19
ZPB,2016-07-29 17:19
ZPC,2016-07-29 17:19
ZPD,2016-07-29 17:19
ZPE,2016-07-29 17:19
ZPF,2016-07-29 17:19
ZPG,2016-07-29 17:19
ZPH,2016-07-29 17:19
ZPI,2016-07-29 17:19
ZPJ,2016-07-29 17:19
ZPK,2016-07-29 17:19
ZPL,2016-07-29 17:19
ZPM,2016-07-29 17:19
ZPN,2016-07-29 17:19
ZPO,2016-07-29 17:19
ZPP,2016-07-29 17:19
ZPQ,2016-07-29 17:19
ZPR,2016-07-29 17:19
ZPS,2016-07-29 17:19
ZPT,2016-07-29 17:19
ZPU,2016-07-29 17:19
ZPV,2016-07-29 17:19
ZPW,2016-07-29 17:19
ZPX,2016-07-29 17:19
ZPY,2016-07-29 17:19
ZPZ,2016-07-29 17:19
ZQA,2016-07-29 17:19
ZQB,2016-07-29 17:19
ZQC,2016-07-29 17:19
ZQD,2016-07-29 17:19
ZQE,2016-07-29 17:19
ZQF,2016-07-29 17:19
ZQG,2016-07-29 17:19
ZQH,2016-07-29 17:19
ZQI,2016-07-29 17:19
ZQJ,2016-07-29 17:19
ZQK,2016-07-29 17:19
ZQL,2016-07-29 17:19
ZQM,2016-07-29 17:19
ZQN,2016-07-29 17:19
ZQO,2016-07-29 17:19
ZQP,2016-07-29 17:19
ZQQ,2016-07-29 17:19
ZQR,2016-07-29 17:19
ZQS,2016-07-29 17:19
ZQT,2016-07-29 17:19
ZQU,2016-07-29 17:19
ZQV,2016-07-29 17:19
ZQW,2016-07-29 17:19
ZQX,2016-07-29 17:19
ZQY,2016-07-29 17:19
ZQZ,2016-07-29 17:19
ZRA,2016-07-29 17:19
ZRB,2016-07-29 17:19
ZRC,2016-07-29 17:19
ZRD,2016-07-29 17:19
ZRE,2016-07-29 17:19
ZRF,2016-07-29 17:19
ZRG,2016-07-29 17:19
ZRH,2016-07-29 17:19
ZRI,2016-07-29 17:19
ZRJ,2016-07-29 17:19
ZRK,2016-07-29 17:19
ZRL,2016-07-29 17:19
ZRM,2016-07-29 17:19
ZRN,2016-07-29 17:19
ZRO,2016-07-29 17:19
ZRP,2016-07-29 17:19
ZRQ,2016-07-29 17:19
ZRR,2016-07-29 17:19
ZRS,2016-07-29 17:19
ZRT,2016-07-29 17:19
ZRU,2016-07-29 17:19
ZRV,2016-07-29 17:19
ZRW,2016-07-29 17:19
ZRX,2016-07-29 17:19
ZRY,2016-07-29 17:19
ZRZ,2016-07-29 17:19
ZSA,2016-07-29 17:19
ZSB,2016-07-29 17:19
ZSC,2016-07-29 17:19
ZSD,2016-07-29 17:19
ZSE,2016-07-29 17:19
ZSF,2016-07-29 17:19
ZSG,2016-07-29 17:19
ZSH,2016-07-29 17:19
ZSI,2016-07-29 17:19
ZSJ,2016-07-29 17:19
ZSK,2016-07-29 17:19
ZSL,2016-07-29 17:19
ZSM,2016-07-29 17:19
ZSN,2016-07-29 17:19
ZSO,2016-07-29 17:19
ZSP,2016-07-29 17:19
ZSQ,2016-07-29 17:19
ZSR,2016-07-29 17:19
ZSS,2016-07-29 17:19
ZST,2016-07-29 17:19
ZSU,2016-07-29 17:19
ZSV,2016-07-29 17:19
ZSW,2016-07-29 17:19
ZSX,2016-07-29 17:19
ZSY,2016-07-29 17:19
ZSZ,2016-07-29 17:19
ZTA,2016-07-29 17:19
ZTB,2016-07-29 17:19
ZTC,2016-07-29 17:19
ZTD,2016-07-29 17:19
ZTE,2016-07-29 17:19
ZTF,2016-07-29 17:19
ZTG,2016-07-29 17:19
ZTH,2016-07-29 17:19
ZTI,2016-07-29 17:19
ZTJ,2016-07-29 17:19
ZTK,2016-07-29 17:19
ZTL,2016-07-29 17:19
ZTM,2016-07-29 17:19
ZTN,2016-07-29 17:19
ZTO,2016-07-29 17:19
ZTP,2016-07-29 17:19
ZTQ,2016-07-29 17:19
ZTR,2016-07-29 17:19
ZTS,2016-07-29 17:19
ZTT,2016-07-29 17:19
ZTU,2016-07-29 17:19
ZTV,2016-07-29 17:19
ZTW,2016-07-29 17:19
ZTX,2016-07-29 17:19
ZTY,2016-07-29 17:19
ZTZ,2016-07-29 17:19
ZUA,2016-07-29 17:19
ZUB,2016-07-29 17:19
ZUC,2016-07-29 17:19
ZUD,2016-07-29 17:19
ZUE,2016-07-29 17:19
ZUF,2016-07-29 17:19
ZUG,2016-07-29 17:19
ZUH,2016-07-29 17:19
ZUI,2016-07-29 17:19
ZUJ,2016-07-29 17:19
ZUK,2016-07-29 17:19
ZUL,2016-07-29 17:19
ZUM,2016-07-29 17:19
ZUN,2016-07-29 17:19
ZUO,2016-07-29 17:19
ZUP,2016-07-29 17:19
ZUQ,2016-07-29 17:19
ZUR,2016-07-29 17:19
ZUS,2016-07-29 17:19
ZUT,2016-07-29 17:19
ZUU,2016-07-29 17:19
ZUV,2016-07-29 17:19
ZUW,2016-07-29 17:19
ZUX,2016-07-29 17:19
ZUY,2016-07-29 17:19
ZUZ,2016-07-29 17:19
ZVA,2016-07-29 17:19
ZVB,2016-07-29 17:19
ZVC,2016-07-29 17:19
ZVD,2016-07-29 17:19
ZVE,2016-07-29 17:19
ZVF,2016-07-29 17:19
ZVG,2016-07-29 17:19
ZVH,2016-07-29 17:19
ZVI,2016-07-29 17:19
ZVJ,2016-07-29 17:19
ZVK,2016-07-29 17:19
ZVL,2016-07-29 17:19
ZVM,2016-07-29 17:19
ZVN,2016-07-29 17:19
ZVO,2016-07-29 17:19
ZVP,2016-07-29 17:19
ZVQ,2016-07-29 17:19
ZVR,2016-07-29 17:19
ZVS,2016-07-29 17:19
ZVT,2016-07-29 17:19
ZVU,2016-07-29 17:19
ZVV,2016-07-29 17:19
ZVW,2016-07-29 17:19
ZVX,2016-07-29 17:19
ZVY,2016-07-29 17:19
ZVZ,2016-07-29 17:19
ZWA,2016-07-29 17:19
ZWB,2016-07-29 17:19
ZWC,2016-07-29 17:19
ZWD,2016-07-29 17:19
ZWE,2016-07-29 17:19
ZWF,2016-07-29 17:19
ZWG,2016-07-29 17:19
ZWH,2016-07-29 17:19
ZWI,2016-07-29 17:19
ZWJ,2016-07-29 17:19
ZWK,2016-07-29 17:19
ZWL,2016-07-29 17:19
ZWM,2016-07-29 17:19
ZWN,2016-07-29 17:19
ZWO,2016-07-29 17:19
ZWP,2016-07-29 17:19
ZWQ,2016-07-29 17:19
ZWR,2016-07-29 17:19
ZWS,2016-07-29 17:19
ZWT,2016-07-29 17:19
ZWU,2016-07-29 17:19
ZWV,2016-07-29 17:19
ZWW,2016-07-29 17:19
ZWX,2016-07-29 17:19
ZWY,2016-07-29 17:19
ZWZ,2016-07-29 17:19
ZXA,2016-07-29 17:19
ZXB,2016-07-29 17:19
ZXC,2016-07-29 17:19
ZXD,2016-07-29 17:19
ZXE,2016-07-29 17:19
ZXF,2016-07-29 17:19
ZXG,2016-07-29 17:19
ZXH,2016-07-29 17:19
ZXI,2016-07-29 17:19
ZXJ,2016-07-29 17:19
ZXK,2016-07-29 17:19
ZXL,2016-07-29 17:19
ZXM,2016-07-29 17:19
ZXN,2016-07-29 17:19
ZXO,2016-07-29 17:19
ZXP,2016-07-29 17:19
ZXQ,2016-07-29 17:19
ZXR,2016-07-29 17:19
ZXS,2016-07-29 17:19
ZXT,2016-07-29 17:19
ZXU,2016-07-29 17:19
ZXV,2016-07-29 17:19
ZXW,2016-07-29 17:19
ZXX,2016-07-29 17:19
ZXY,2016-07-29 17:19
ZXZ,2016-07-29 17:19
ZYA,2016-07-29 17:19
ZYB,2016-07-29 17:19
ZYC,2016-07-29 17:19
ZYD,2016-07-29 17:19
ZYE,2016-07-29 17:19
ZYF,2016-07-29 17:19
ZYG,2016-07-29 17:19
ZYH,2016-07-29 17:19
ZYI,2016-07-29 17:19
ZYJ,2016-07-29 17:19
ZYK,2016-07-29 17:19
ZYL,2016-07-29 17:19
ZYM,2016-07-29 17:19
ZYN,2016-07-29 17:19
ZYO,2016-07-29 17:19
ZYP,2016-07-29 17:19
ZYQ,2016-07-29 17:19
ZYR,2016-07-29 17:19
ZYS,2016-07-29 17:19
ZYT,2016-07-29 17:19
ZYU,2016-07-29 17:19
ZYV,2016-07-29 17:19
ZYW,2016-07-29 17:19
ZYX,2016-07-29 17:19
ZYY,2016-07-29 17:19
ZYZ,2016-07-29 17:19
ZZA,2016-07-29 17:19
ZZB,2016-07-29 17:19
ZZC,2016-07-29 17:19
ZZD,2016-07-29 17:19
ZZE,2016-07-29 17:19
ZZF,2016-07-29 17:19
ZZG,2016-07-29 17:19
ZZH,2016-07-29 17:19
ZZI,2016-07-29 17:19
ZZJ,2016-07-29 17:19
ZZK,2016-07-29 17:19
ZZL,2016-07-29 17:19
ZZM,2016-07-29 17:19
ZZN,2016-07-29 17:19
ZZO,2016-07-29 17:19
ZZP,2016-07-29 17:19
ZZQ,2016-07-29 17:19
ZZR,2016-07-29 17:19
ZZS,2016-07-29 17:19
ZZT,2016-07-29 17:19
ZZU,2016-07-29 17:19
ZZV,2016-07-29 17:19
ZZW,2016-07-29 17:19
ZZX,2016-07-29 17:19
ZZY,2016-07-29 17:19
ZZZ,2016-07-29 17:19
