callsign,status,page,row_on_page
M0NUK,Live,1,1
G3SKY,Live,1,2
M0SCL,Live,1,3
G4RSB,Live,1,4
M0GVP,Live,1,5
G3UCL,Live,1,6
M0HTJ,Live,1,7
G7BPO,Live,1,8
M0LWC,Live,1,9
M5DB,Live,1,10
G6TW,Live,1,11
G4SRS,Live,1,12
G4RCC,Live,1,13
G1MKR,Live,1,14
G0LSA,Live,1,15
G0SOA,Live,1,16
M0PSL,Live,1,17
G5LOW,Live,1,18
M0POC,Live,1,19
M0RXY,Live,1,20
M5MC,Live,1,21
G0FRT,Live,1,22
G3CNX,Live,1,23
G4GZ,Live,1,24
M0PFJ,Live,1,25
G4BTS,Live,1,26
G0HRS,Live,1,27
G5UM,Live,1,28
G0XYZ,Live,1,29
M0HSL,Live,1,30
G3GRS,Live,1,31
M0VFT,Live,1,32
G3BXF,Live,1,33
G6WAR,Live,1,34
G3UDN,Live,1,35
G3TKV,Live,1,36
M0WRF,Live,1,37
G5OD,Live,1,38
G2OP,Live,1,39
G4EKT,Live,1,40
M0TIL,Live,1,41
G3CXX,Live,1,42
G4YNL,Live,1,43
G8KMK,Live,1,44
M0IDZ,Live,1,45
G6UT,Live,1,46
M0HKJ,Live,1,47
G8JTD,Live,1,48
G4ODR,Live,1,49
M0IZO,Live,2,1
G4RIV,Live,2,2
M0NSG,Live,2,3
G2ZE,Live,2,4
M0WTV,Live,2,5
G1SSR,Live,2,6
M0KWA,Live,2,7
G4GA,Live,2,8
G4AYM,Live,2,9
M0KUH,Live,2,10
M0WMM,Live,2,11
G0UKR,Live,2,12
G3YMD,Live,2,13
G0NWR,Live,2,14
M5CDS,Live,2,15
G6GRG,Live,2,16
M0TSL,Live,2,17
M0NIR,Live,2,18
G8CLZ,Live,2,19
G8LVQ,Live,2,20
G3XEP,Live,2,21
G5LB,Live,2,22
M0LBC,Live,2,23
G0CCL,Live,2,24
G5TO,Live,2,25
M0ONL,Live,2,26
M0HIN,Live,2,27
G0PNS,Live,2,28
G3VLG,Live,2,29
G0ROO,Live,2,30
M0KRG,Live,2,31
M5SB,Live,2,32
M0LSW,Live,2,33
G3AH,Live,2,34
M0SXR,Live,2,35
G3XRN,Live,2,36
M0HZ,Live,2,37
G7GRC,Live,2,38
G0KCL,Live,2,39
G3XG,Live,2,40
G6BRH,Live,2,41
G6RAF,Live,2,42
G3RAF,Live,2,43
G4ARS,Live,2,44
M0SOL,Live,2,45
G0CDF,Live,2,46
G7AED,Live,2,47
G3WQK,Live,2,48
G2UG,Live,2,49
M0IUJ,Live,2,50
M5MD,Live,3,1
G3NY,Live,3,2
G6VGG,Live,3,3
G8GCC,Live,3,4
G3OU,Live,3,5
G2CR,Live,3,6
M0LRF,Live,3,7
M0YEK,Live,3,8
G0WKQ,Live,3,9
M0PFH,Live,3,10
G3FLH,Live,3,11
G1IOM,Live,3,12
G7OPS,Live,3,13
G4ZFR,Live,3,14
G4VKY,Live,3,15
M0LRA,Live,3,16
G0NNS,Live,3,17
G7FCR,Live,3,18
M0RDK,Live,3,19
M0WPX,Live,3,20
G3UHF,Live,3,21
M0RVR,Live,3,22
M0PBL,Live,3,23
G4XXG,Live,3,24
G3DDI,Live,3,25
G4RSC,Live,3,26
G8DD,Live,3,27
M1MNR,Live,3,28
M5DX,Live,3,29
G6XN,Live,3,30
G4LZP,Live,3,31
G3DX,Live,3,32
G3GFA,Live,3,33
G8FOT,Live,3,34
M0JEY,Live,3,35
G2AS,Live,3,36
M0VYB,Live,3,37
M0EHF,Live,3,38
G7PEC,Live,3,39
G4WWR,Live,3,40
G2BX,Live,3,41
G8CW,Live,3,42
M0IWX,Live,3,43
M0GPF,Live,3,44
M0RIV,Live,3,45
G8CQA,Live,3,46
M5MK,Live,3,47
G1WAC,Live,3,48
G4WAC,Live,3,49
G6GLO,Live,3,50
G2XV,Live,4,1
G2HW,Live,4,2
M0TGH,Live,4,3
M0IBJ,Live,4,4
M0DID,Live,4,5
G2DA,Live,4,6
G7SRA,Live,4,7
G4LIP,Live,4,8
G5CH,Live,4,9
M0LIV,Live,4,10
G6EKT,Live,4,11
G8CSA,Live,4,12
G2HR,Live,4,13
G6HCT,Live,4,14
M0VVG,Live,4,15
M0VUG,Live,4,16
G0LRG,Live,4,17
G4RMS,Live,4,18
M0GUQ,Live,4,19
G4YCT,Live,4,20
M0JDZ,Live,4,21
G4GCT,Live,4,22
G6PNB,Live,4,23
G5RC,Live,4,24
G3VRE,Live,4,25
G4DDC,Live,4,26
G3SOU,Live,4,27
G1NET,Live,4,28
G3HWF,Live,4,29
M0ESP,Live,4,30
M0AIK,Live,4,31
G7HOA,Live,4,32
G8NP,Live,4,33
M0RNG,Live,4,34
G0SAC,Live,4,35
G6ZZZ,Live,4,36
M0HJM,Live,4,37
G5MW,Live,4,38
G8MWA,Live,4,39
G3RCV,Live,4,40
G4SIW,Live,4,41
M0MRS,Live,4,42
G1RCV,Live,4,43
M0ACE,Live,4,44
G7OSH,Live,4,45
M0IMX,Live,4,46
G6XRS,Live,4,47
G4WAB,Live,4,48
M0VRC,Live,4,49
M0ING,Live,4,50
G0WRS,Live,5,1
M0RSD,Live,5,2
M0WYR,Live,5,3
M0MSY,Live,5,4
G4KPT,Live,5,5
M1BED,Live,5,6
M0SLB,Live,5,7
G5VG,Live,5,8
G3WTP,Live,5,9
M0YRF,Live,5,10
G3NAT,Live,5,11
M0BB,Live,5,12
M0SPA,Live,5,13
G8GPO,Live,5,14
G4HRS,Live,5,15
G8PX,Live,5,16
M0HCY,Live,5,17
M0VGW,Live,5,18
M0MFR,Live,5,19
M5AA,Live,5,20
M0ADJ,Live,5,21
M0XYD,Live,5,22
G0ELR,Live,5,23
G3CRS,Live,5,24
G3BZU,Live,5,25
G7DOL,Live,5,26
G1BZU,Live,5,27
G0SWV,Live,5,28
G3SDC,Live,5,29
M0IYC,Live,5,30
M0MDG,Live,5,31
G4ORC,Live,5,32
G1ORC,Live,5,33
G1SEH,Live,5,34
G5DX,Live,5,35
G0WOI,Live,5,36
G3RCM,Live,5,37
G4FOC,Live,5,38
G8SMR,Live,5,39
M0LPR,Live,5,40
M0YSC,Live,5,41
G0HRG,Live,5,42
G7WAB,Live,5,43
G6WWR,Live,5,44
G4GXK,Live,5,45
G3PYZ,Live,5,46
G3WOF,Live,5,47
M0INT,Live,5,48
G2CWO,Live,5,49
M0HRG,Live,5,50
G4PSG,Live,6,1
G8AHK,Live,6,2
M0HAW,Live,6,3
G4GM,Live,6,4
M0VRX,Live,6,5
G4SJW,Live,6,6
G8FAB,Live,6,7
M0RGP,Live,6,8
G6CRC,Live,6,9
G1SCR,Live,6,10
G2AP,Live,6,11
G5ROC,Live,6,12
G2ML,Live,6,13
G8JYN,Live,6,14
M0YKR,Live,6,15
G3ZQS,Live,6,16
G2TO,Live,6,17
G8EAM,Live,6,18
M0PHX,Live,6,19
M0HWC,Live,6,20
M0IRF,Live,6,21
G0EMG,Live,6,22
M0KZL,Live,6,23
G4MGR,Live,6,24
M0SKR,Live,6,25
M0VRG,Live,6,26
M0YHA,Live,6,27
G3KMI,Live,6,28
M0HDS,Live,6,29
G3SRT,Live,6,30
M0RRG,Live,6,31
G3VGG,Live,6,32
G0OUR,Live,6,33
M0RHL,Live,6,34
M0HFC,Live,6,35
M0SCZ,Live,6,36
G1ONE,Live,6,37
G4BCV,Live,6,38
G7ORE,Live,6,39
G4RGM,Live,6,40
M0IBY,Live,6,41
G6GMR,Live,6,42
M5IPX,Live,6,43
M0UFP,Live,6,44
G0LTR,Live,6,45
G0PRG,Live,6,46
G3GEI,Live,6,47
G4DAA,Live,6,48
G3RCW,Live,6,49
M0INU,Live,6,50
M0IGJ,Live,7,1
G1SAR,Live,7,2
G0WSR,Live,7,3
M0JEX,Live,7,4
G0TRG,Live,7,5
G3RRS,Live,7,6
M0IQV,Live,7,7
M0IMV,Live,7,8
M0XYT,Live,7,9
G0DX,Live,7,10
G3RSC,Live,7,11
M0JBQ,Live,7,12
G8KGC,Live,7,13
M0GKL,Live,7,14
M5RS,Live,7,15
G0IYP,Live,7,16
M0VQJ,Live,7,17
M0GQO,Live,7,18
G3LX,Live,7,19
M5MDX,Live,7,20
G8SRS,Live,7,21
G6UQ,Live,7,22
G2FJA,Live,7,23
G7SRG,Live,7,24
M0JDF,Live,7,25
G4RDL,Live,7,26
G4BPQ,Live,7,27
G4MFT,Live,7,28
M0SEH,Live,7,29
M0VSG,Live,7,30
M0YCG,Live,7,31
G0LRA,Live,7,32
G3XBF,Live,7,33
G0IPX,Live,7,34
M1CRA,Live,7,35
G3NJB,Live,7,36
M0MEO,Live,7,37
M0TSG,Live,7,38
G8SAL,Live,7,39
G2DWC,Live,7,40
G7CTA,Live,7,41
G4CCF,Live,7,42
G8SSS,Live,7,43
M0KSG,Live,7,44
M0IPG,Live,7,45
G4HEL,Live,7,46
M0WGS,Live,7,47
G4FRS,Live,7,48
G4GQR,Live,7,49
G7KRS,Live,7,50
M5AIR,Live,8,1
G0IVR,Live,8,2
M0REG,Live,8,3
G1RFH,Live,8,4
G4ATH,Live,8,5
G2HS,Live,8,6
G8PRU,Live,8,7
G0PPS,Live,8,8
G0PRU,Live,8,9
G8WSM,Live,8,10
G3DIT,Live,8,11
G3PXK,Live,8,12
M0IUY,Live,8,13
G4EHW,Live,8,14
M1PRC,Live,8,15
M0LCN,Live,8,16
M0PFC,Live,8,17
G3EKT,Live,8,18
G5NI,Live,8,19
G0BRC,Live,8,20
G7BRC,Live,8,21
M0NFC,Live,8,22
G1XIC,Live,8,23
M0HXJ,Live,8,24
M5EI,Live,8,25
G6CW,Live,8,26
M0LWZ,Live,8,27
G0EZQ,Live,8,28
G5JJ,Live,8,29
G3ZME,Live,8,30
M0SXA,Live,8,31
G4ZU,Live,8,32
G2DX,Live,8,33
G8WY,Live,8,34
M0GBU,Live,8,35
G3XRE,Live,8,36
G6SW,Live,8,37
G5JNJ,Live,8,38
G7RAF,Live,8,39
M0MNX,Live,8,40
M0WRC,Live,8,41
G3GBU,Live,8,42
G8LED,Live,8,43
G0BRS,Live,8,44
G4EUZ,Live,8,45
G3WKX,Live,8,46
M0SCR,Live,8,47
M0RCF,Live,8,48
G3KJO,Live,8,49
M0XBY,Live,8,50
G4HKO,Live,9,1
M0NRX,Live,9,2
M0BAA,Live,9,3
M0IBI,Live,9,4
G3WIM,Live,9,5
G3CAR,Live,9,6
G5KN,Live,9,7
M0RWR,Live,9,8
M0UKI,Live,9,9
M0KPR,Live,9,10
G3WSC,Live,9,11
M0DOZ,Live,9,12
G3SDS,Live,9,13
G3GXI,Live,9,14
G4MBC,Live,9,15
M0ROA,Live,9,16
G3OUR,Live,9,17
M0EGC,Live,9,18
M0OCC,Live,9,19
G3PIA,Live,9,20
M0GZD,Live,9,21
M0SFB,Live,9,22
G2LW,Live,9,23
G3FFF,Live,9,24
G7AEG,Live,9,25
M0PHS,Live,9,26
G7NSR,Live,9,27
G0DRC,Live,9,28
M0KW,Live,9,29
M0RSE,Live,9,30
M0IYR,Live,9,31
G2FKZ,Live,9,32
G6ELR,Live,9,33
G7ELR,Live,9,34
G0WSM,Live,9,35
G8ELR,Live,9,36
G7NWR,Live,9,37
G3YRC,Live,9,38
M0CPS,Live,9,39
G8WKL,Live,9,40
G0ROZ,Live,9,41
G0FRE,Live,9,42
G0EMU,Live,9,43
G0CPO,Live,9,44
G0RNI,Live,9,45
G4JBC,Live,9,46
G1XOI,Live,9,47
M5IC,Live,9,48
M0NWG,Live,9,49
G5LO,Live,9,50
G1MQC,Live,10,1
M0HJC,Live,10,2
G4SRB,Live,10,3
G0EKR,Live,10,4
G8IB,Live,10,5
M0ZDF,Live,10,6
M0GVG,Live,10,7
G4CRC,Live,10,8
G0XRC,Live,10,9
G3SZ,Live,10,10
M0RXT,Live,10,11
G2PY,Live,10,12
G0NWM,Live,10,13
M0VAR,Live,10,14
M0LSE,Live,10,15
G3MMH,Live,10,16
G3CIO,Live,10,17
M0TDR,Live,10,18
M0THT,Live,10,19
G0SRC,Live,10,20
G3TCQ,Live,10,21
G7RDT,Live,10,22
G8ZYC,Live,10,23
G6FRS,Live,10,24
G3LRC,Live,10,25
G3ZSK,Live,10,26
M0IOA,Live,10,27
G4URZ,Live,10,28
M0HFW,Live,10,29
G3WKS,Live,10,30
M0SSX,Live,10,31
G4YRC,Live,10,32
G6IVR,Live,10,33
M0PSG,Live,10,34
G4PRS,Live,10,35
M0NRC,Live,10,36
G4TTF,Live,10,37
G6YDD,Live,10,38
G8EVY,Live,10,39
M0HIP,Live,10,40
G0PKT,Live,10,41
G2HC,Live,10,42
G3NWR,Live,10,43
M0WXB,Live,10,44
M0HFI,Live,10,45
G1WAB,Live,10,46
M0PMS,Live,10,47
G0RSR,Live,10,48
M1DDX,Live,10,49
G3PSG,Live,10,50
M0FNR,Live,11,1
G0DYB,Live,11,2
G4MRV,Live,11,3
G3WRS,Live,11,4
M0WRQ,Live,11,5
M0MKR,Live,11,6
G4RAF,Live,11,7
G0PZJ,Live,11,8
G0VSM,Live,11,9
M0NHR,Live,11,10
G6TWB,Live,11,11
M0TA,Live,11,12
M0LHF,Live,11,13
M0SHL,Live,11,14
G6AJ,Live,11,15
M0XG,Live,11,16
G0SCR,Live,11,17
M0VZA,Live,11,18
G5RV,Live,11,19
M0LYM,Live,11,20
G6HL,Live,11,21
M0IPN,Live,11,22
G6BSE,Live,11,23
M0IWU,Live,11,24
M0HJS,Live,11,25
M0DXK,Live,11,26
G4PTU,Live,11,27
G2EC,Live,11,28
G2AA,Live,11,29
M0AKU,Live,11,30
G4SRG,Live,11,31
M0KSO,Live,11,32
G3SCT,Live,11,33
G8WQ,Live,11,34
M5HDF,Live,11,35
G4WBC,Live,11,36
G4WRC,Live,11,37
G0AGR,Live,11,38
G0GRX,Live,11,39
G8LWS,Live,11,40
M0BGV,Live,11,41
G4ICM,Live,11,42
G4KHS,Live,11,43
G7RRC,Live,11,44
G0SDC,Live,11,45
G1ATC,Live,11,46
G6SFR,Live,11,47
G0WBS,Live,11,48
G0VVX,Live,11,49
M0AVI,Live,11,50
M1BRA,Live,12,1
M0PYR,Live,12,2
M1SFS,Live,12,3
M0MKE,Live,12,4
G8SDS,Live,12,5
G6BUT,Live,12,6
G8WRG,Live,12,7
G8ZHP,Live,12,8
G0WRC,Live,12,9
G0GNK,Live,12,10
G4BWC,Live,12,11
M1BEC,Live,12,12
G7VLR,Live,12,13
G4CW,Live,12,14
G8NJA,Live,12,15
G4AAX,Live,12,16
G8RVT,Live,12,17
G8STD,Live,12,18
G0LEN,Live,12,19
M0WLC,Live,12,20
G4IXL,Live,12,21
M0NGS,Live,12,22
G7WAC,Live,12,23
G6HH,Live,12,24
G7SKC,Live,12,25
G4HRC,Live,12,26
G0ZHP,Live,12,27
G5RS,Live,12,28
G4BUX,Live,12,29
G8BUX,Live,12,30
G3KAC,Live,12,31
G7ERC,Live,12,32
G8SRC,Live,12,33
G7SER,Live,12,34
G4SZV,Live,12,35
G3SWM,Live,12,36
G7CRS,Live,12,37
G1THF,Live,12,38
G0VYG,Live,12,39
G4PFQ,Live,12,40
G3JFG,Live,12,41
M0SRA,Live,12,42
G7TCH,Live,12,43
G0WDX,Live,12,44
G6TKY,Live,12,45
G0UOP,Live,12,46
G0KVJ,Live,12,47
G7AGR,Live,12,48
G7LEY,Live,12,49
G8WYR,Live,12,50
G0TPC,Live,13,1
G0MAD,Live,13,2
M0TSF,Live,13,3
M0SKG,Live,13,4
G4AQG,Live,13,5
G3USL,Live,13,6
M0DGR,Live,13,7
M0VMW,Live,13,8
G4WSM,Live,13,9
G0VKG,Live,13,10
G7UGF,Live,13,11
M1ACF,Live,13,12
G6WMR,Live,13,13
G2MP,Live,13,14
G4GFL,Live,13,15
M0DEB,Live,13,16
G2HDF,Live,13,17
G8TRG,Live,13,18
G4YEQ,Live,13,19
G3GBZ,Live,13,20
G0STH,Live,13,21
G1FYQ,Live,13,22
M0KAC,Live,13,23
G0REF,Live,13,24
M0IRC,Live,13,25
M1EVP,Live,13,26
M0RCH,Live,13,27
G0LEC,Live,13,28
G4BAS,Live,13,29
G5KW,Live,13,30
M0MRN,Live,13,31
G0FBB,Live,13,32
G4CMT,Live,13,33
M0DON,Live,13,34
G0TOW,Live,13,35
G0XXX,Live,13,36
G6GSR,Live,13,37
G8VER,Live,13,38
G3VER,Live,13,39
G7GWM,Live,13,40
G6ARC,Live,13,41
G5VU,Live,13,42
G4AAR,Live,13,43
M0UKC,Live,13,44
M0MHZ,Live,13,45
G7REF,Live,13,46
M0SST,Live,13,47
M0NMO,Live,13,48
M0OSC,Live,13,49
G8IZB,Live,13,50
M0MOC,Live,14,1
G7BSG,Live,14,2
G7BTC,Live,14,3
G6GLR,Live,14,4
G4BP,Live,14,5
G7EME,Live,14,6
M0ACW,Live,14,7
G8DDC,Live,14,8
G4SME,Live,14,9
G5RP,Live,14,10
G8CA,Live,14,11
G7BMS,Live,14,12
M0VOG,Live,14,13
G0WRM,Live,14,14
G4PAG,Live,14,15
M0TCM,Live,14,16
G4LWZ,Live,14,17
G7EAR,Live,14,18
M0GBY,Live,14,19
G0STB,Live,14,20
G7SKI,Live,14,21
G0UYM,Live,14,22
G3CSR,Live,14,23
G2FA,Live,14,24
G8VHF,Live,14,25
G0KRG,Live,14,26
G0SIG,Live,14,27
G0UKT,Live,14,28
G1LCR,Live,14,29
G7MUD,Live,14,30
G0RYS,Live,14,31
G0ADD,Live,14,32
M0HIC,Live,14,33
G0OLE,Live,14,34
G4GTC,Live,14,35
M0ZYF,Live,14,36
M0OMC,Live,14,37
M0PNX,Live,14,38
G7RLS,Live,14,39
G7LEN,Live,14,40
M5ARC,Live,14,41
G4MRS,Live,14,42
M0SHR,Live,14,43
G0TRC,Live,14,44
G6CTC,Live,14,45
G7NLR,Live,14,46
G4BRC,Live,14,47
G0SRG,Live,14,48
G3SPY,Live,14,49
G7OOO,Live,14,50
G3DQW,Live,15,1
G5RR,Live,15,2
M0AFL,Live,15,3
G0LCR,Live,15,4
G6RC,Live,15,5
G4OO,Live,15,6
G0RED,Live,15,7
M0CYB,Live,15,8
M0SJF,Live,15,9
G0SAS,Live,15,10
M0RML,Live,15,11
M0YYY,Live,15,12
M0WWR,Live,15,13
G4ION,Live,15,14
M0MWW,Live,15,15
M0UOG,Live,15,16
M0RGS,Live,15,17
G0FDX,Live,15,18
M0RRC,Live,15,19
G2DJ,Live,15,20
G5MS,Live,15,21
M0APF,Live,15,22
G0BAA,Live,15,23
G0WXW,Live,15,24
G4JYN,Live,15,25
G4HVV,Live,15,26
M1NHR,Live,15,27
G0LIX,Live,15,28
M1BGV,Live,15,29
M0DRM,Live,15,30
M0ESG,Live,15,31
M0ESR,Live,15,32
M0KSC,Live,15,33
G4TSW,Live,15,34
M0DTL,Live,15,35
G7AEB,Live,15,36
M0EAR,Live,15,37
M0NID,Live,15,38
G4STV,Live,15,39
G3HIU,Live,15,40
G8MKC,Live,15,41
G3ULT,Live,15,42
G6IA,Live,15,43
G7CRG,Live,15,44
G8WSX,Live,15,45
M0BNS,Live,15,46
G8ZTT,Live,15,47
G4NRC,Live,15,48
M1BNR,Live,15,49
G7ILJ,Live,15,50
G7AEC,Live,16,1
G7AEE,Live,16,2
G7BBC,Live,16,3
M0SSW,Live,16,4
M0DEI,Live,16,5
M1SRC,Live,16,6
M0ISN,Live,16,7
M0EPC,Live,16,8
G8QR,Live,16,9
M0GND,Live,16,10
G4GRC,Live,16,11
M0AAA,Live,16,12
G1NRG,Live,16,13
G1KAR,Live,16,14
M0FTR,Live,16,15
G4MM,Live,16,16
G8WIM,Live,16,17
G7SCR,Live,16,18
G4MHC,Live,16,19
G3RDB,Live,16,20
G4LAB,Live,16,21
M1DLX,Live,16,22
M0BRA,Live,16,23
G4APD,Live,16,24
G1COV,Live,16,25
G3AKF,Live,16,26
M0MAD,Live,16,27
M0WHG,Live,16,28
M0NBC,Live,16,29
G6MC,Live,16,30
G3PYU,Live,16,31
G5PI,Live,16,32
G5QK,Live,16,33
G5YC,Live,16,34
G5ZG,Live,16,35
G6NSY,Live,16,36
G6TM,Live,16,37
G0RAY,Live,16,38
G7RMW,Live,16,39
G0TFB,Live,16,40
G0RCW,Live,16,41
G1ZUU,Live,16,42
G3RAC,Live,16,43
M5ALJ,Live,16,44
G8GIZ,Live,16,45
G4CAA,Live,16,46
G3EKW,Live,16,47
G5BK,Live,16,48
M0SCG,Live,16,49
M0NAR,Live,16,50
M0RSC,Live,17,1
M0VDX,Live,17,2
M0WCG,Live,17,3
G3TRY,Live,17,4
G1WCY,Live,17,5
G7NMB,Live,17,6
G3ATC,Live,17,7
G3VKK,Live,17,8
G7RNN,Live,17,9
G0VJS,Live,17,10
G8OHM,Live,17,11
G0VUX,Live,17,12
M1EPU,Live,17,13
G6UW,Live,17,14
G2LL,Live,17,15
M0BEE,Live,17,16
G7FRC,Live,17,17
G0NET,Live,17,18
M0NSR,Live,17,19
M0SHA,Live,17,20
M0WDC,Live,17,21
M0MRG,Live,17,22
M0LBA,Live,17,23
G3LUN,Live,17,24
M0FRC,Live,17,25
G4SGR,Live,17,26
G6ZTT,Live,17,27
G7RTL,Live,17,28
G0UEW,Live,17,29
M0USE,Live,17,30
G7CCR,Live,17,31
G3ROQ,Live,17,32
G3PRC,Live,17,33
G8PRC,Live,17,34
G0MBR,Live,17,35
G3IW,Live,17,36
M0EEE,Live,17,37
M5WSS,Live,17,38
M0SDE,Live,17,39
G3RR,Live,17,40
M0XML,Live,17,41
G4MWC,Live,17,42
G7SRC,Live,17,43
G6FOX,Live,17,44
M0EVG,Live,17,45
G3KC,Live,17,46
G0IOQ,Live,17,47
G0YLO,Live,17,48
M1ATC,Live,17,49
G3WAS,Live,17,50
M1CWR,Live,18,1
G0VLR,Live,18,2
M0NSC,Live,18,3
G4WRA,Live,18,4
G4WET,Live,18,5
G8WDC,Live,18,6
G0PEP,Live,18,7
G2DPQ,Live,18,8
G7GLR,Live,18,9
G7JOA,Live,18,10
G7JST,Live,18,11
G7AXC,Live,18,12
M0PYS,Live,18,13
G3SVJ,Live,18,14
G0SAR,Live,18,15
G2OU,Live,18,16
M0AKX,Live,18,17
M0OTS,Live,18,18
G7MRG,Live,18,19
M0HGC,Live,18,20
G8VYK,Live,18,21
G0NHR,Live,18,22
M0HRF,Live,18,23
M0HQG,Live,18,24
M0XXT,Live,18,25
G0BNK,Live,18,26
M0GFE,Live,18,27
G4SKM,Live,18,28
M0RGY,Live,18,29
M0POG,Live,18,30
M0RGF,Live,18,31
G3ZBI,Live,18,32
G3NJA,Live,18,33
G3NKJ,Live,18,34
G4AHG,Live,18,35
G0NDS,Live,18,36
G3JDY,Live,18,37
G0SEP,Live,18,38
G0OXE,Live,18,39
G0RAF,Live,18,40
G1RCD,Live,18,41
G4USD,Live,18,42
G6SRS,Live,18,43
G3PMH,Live,18,44
M0POI,Live,18,45
M1CRO,Live,18,46
G4ALE,Live,18,47
G3EEO,Live,18,48
G3TRF,Live,18,49
G8NED,Live,18,50
M0STB,Live,19,1
G6NRC,Live,19,2
M0SUR,Live,19,3
G1FRS,Live,19,4
G4ARC,Live,19,5
M0IAE,Live,19,6
M0LCG,Live,19,7
M0NCR,Live,19,8
M0SPX,Live,19,9
G3ZET,Live,19,10
G4ARF,Live,19,11
G4ARN,Live,19,12
G3YIR,Live,19,13
G0OBS,Live,19,14
G4NXO,Live,19,15
M0ROB,Live,19,16
G6MBR,Live,19,17
M0CEP,Live,19,18
M1WRG,Live,19,19
M0RNT,Live,19,20
G5FS,Live,19,21
M0LRG,Live,19,22
M0SSP,Live,19,23
M0MSA,Live,19,24
G3UOA,Live,19,25
G0BRA,Live,19,26
M0WCB,Live,19,27
G1MAD,Live,19,28
G6BK,Live,19,29
G1WRC,Live,19,30
G4PQL,Live,19,31
G3YSC,Live,19,32
G3WM,Live,19,33
G0VHF,Live,19,34
G0NWH,Live,19,35
G7SCC,Live,19,36
G3WIR,Live,19,37
G1SWR,Live,19,38
G0PZE,Live,19,39
G6BRA,Live,19,40
G0KDV,Live,19,41
G4YGW,Live,19,42
G4WXM,Live,19,43
M0IRN,Live,19,44
G3QI,Live,19,45
M0TJT,Live,19,46
G4IBC,Live,19,47
M0TDE,Live,19,48
G4GTY,Live,19,49
G0EDS,Live,19,50
G0FRR,Live,20,1
G3GQC,Live,20,2
G3LUK,Live,20,3
G1WAW,Live,20,4
M0LLZ,Live,20,5
M0HDG,Live,20,6
G2ASF,Live,20,7
M1COL,Live,20,8
G3CO,Live,20,9
G0ARA,Live,20,10
G4CDD,Live,20,11
M0HBA,Live,20,12
G4RS,Live,20,13
G3VXX,Live,20,14
M0HSI,Live,20,15
M0NTG,Live,20,16
G3ASR,Live,20,17
M0GGP,Live,20,18
M0GTF,Live,20,19
G4YBS,Live,20,20
G1CSR,Live,20,21
G3SVR,Live,20,22
G4SIV,Live,20,23
G1GHZ,Live,20,24
G3JRM,Live,20,25
G4JAR,Live,20,26
G0ANT,Live,20,27
M0GYR,Live,20,28
G4MWS,Live,20,29
M0GYQ,Live,20,30
M0HIF,Live,20,31
M0ECR,Live,20,32
G2FKO,Live,20,33
G3AHD,Live,20,34
G4IOM,Live,20,35
G4FWC,Live,20,36
M0NDA,Live,20,37
G2CP,Live,20,38
G3BSQ,Live,20,39
M0VCT,Live,20,40
M0HTO,Live,20,41
G3LPC,Live,20,42
G0RCS,Live,20,43
M0JET,Live,20,44
G0COD,Live,20,45
G4SJM,Live,20,46
G0IBC,Live,20,47
G0JQA,Live,20,48
G0FUN,Live,20,49
G4LAD,Live,20,50
G4LBS,Live,21,1
G4LMR,Live,21,2
G7KRC,Live,21,3
G3EEZ,Live,21,4
M0SIG,Live,21,5
G1DHE,Live,21,6
M0ATS,Live,21,7
G4BRS,Live,21,8
G3MPD,Live,21,9
G3KPO,Live,21,10
G6BRC,Live,21,11
G4DAR,Live,21,12
G0SEA,Live,21,13
G8JC,Live,21,14
G7DOR,Live,21,15
G6ZG,Live,21,16
G3BSA,Live,21,17
M0TPC,Live,21,18
G0NWT,Live,21,19
G3MQI,Live,21,20
G2BBC,Live,21,21
G0OOO,Live,21,22
G4CVK,Live,21,23
G4MFL,Live,21,24
G4TTA,Live,21,25
G0CCR,Live,21,26
G7ECL,Live,21,27
G0DPH,Live,21,28
M0VLP,Live,21,29
M0GZI,Live,21,30
G0JST,Live,21,31
M0NGE,Live,21,32
G0IWM,Live,21,33
M0BPK,Live,21,34
M0BPJ,Live,21,35
G3WOR,Live,21,36
M0HUO,Live,21,37
M0ZIP,Live,21,38
G4RGY,Live,21,39
G7AEA,Live,21,40
M0LCW,Live,21,41
G7MEX,Live,21,42
M0TTG,Live,21,43
G0NEH,Live,21,44
M0UOE,Live,21,45
M0YAD,Live,21,46
M0GKK,Live,21,47
G4ONP,Live,21,48
G0GRC,Live,21,49
G1BRS,Live,21,50
G3SRC,Live,22,1
G3FVA,Live,22,2
G1SAT,Live,22,3
G7NCT,Live,22,4
G7CSV,Live,22,5
G6WRC,Live,22,6
G3RSS,Live,22,7
G4ZAJ,Live,22,8
M0LIO,Live,22,9
M0HAV,Live,22,10
G3RAL,Live,22,11
G3TCR,Live,22,12
M0HKT,Live,22,13
G4FBS,Live,22,14
M0PQN,Live,22,15
G3NGZ,Live,22,16
M0HVP,Live,22,17
M0HYR,Live,22,18
M0NLW,Live,22,19
G0MIN,Live,22,20
G3IT,Live,22,21
G0FRC,Live,22,22
M0ZET,Live,22,23
M0LGC,Live,22,24
G6FS,Live,22,25
G4ETW,Live,22,26
G4XLB,Live,22,27
G4NEL,Live,22,28
G1DSP,Live,22,29
G7UQG,Live,22,30
G4STR,Live,22,31
G7TYR,Live,22,32
G0WEE,Live,22,33
M1AZR,Live,22,34
G7HRR,Live,22,35
G6NX,Live,22,36
G0BBC,Live,22,37
G0SWN,Live,22,38
G8WGP,Live,22,39
G3BSQ,Live,22,40
M0NEE,Live,22,41
G4RFR,Live,22,42
M0HUM,Live,22,43
G0BAR,Live,22,44
M0WHQ,Live,22,45
G3UES,Live,22,46
M0HLK,Live,22,47
G0GZR,Live,22,48
G4LBM,Live,22,49
G4WVO,Live,22,50
G0NEQ,Live,23,1
M0GEY,Live,23,2
M0GFA,Live,23,3
G8PIR,Live,23,4
M0SJA,Live,23,5
M0GRX,Live,23,6
G4GRG,Live,23,7
G0URN,Live,23,8
M0LCC,Live,23,9
G4OMA,Live,23,10
G1WVR,Live,23,11
G0LRR,Live,23,12
G4EAF,Live,23,13
G0RNR,Live,23,14
G0UMV,Live,23,15
M0AQW,Live,23,16
G0EJE,Live,23,17
G0PBB,Live,23,18
G2OA,Live,23,19
G2FM,Live,23,20
M0VSQ,Live,23,21
M0XRC,Live,23,22
M0TTR,Live,23,23
G3ASW,Live,23,24
G8RFN,Live,23,25
G7ERO,Live,23,26
G4VER,Live,23,27
G1DIF,Live,23,28
M0RHR,Live,23,29
M0LFG,Live,23,30
M0MTC,Live,23,31
M0PSR,Live,23,32
G0PYM,Live,23,33
M0TFC,Live,23,34
G0NLR,Live,23,35
M0HWU,Live,23,36
M0NCA,Live,23,37
G3UKC,Live,23,38
G3VKL,Live,23,39
M0TOL,Live,23,40
G4WVR,Live,23,41
G0RGH,Live,23,42
G0HRW,Live,23,43
G3CSA,Live,23,44
G3EFX,Live,23,45
G0DXG,Live,23,46
G0UEG,Live,23,47
G8EDJ,Live,23,48
G0TAY,Live,23,49
G7GAN,Live,23,50
M0AJB,Live,24,1
G3HAM,Live,24,2
M0TBG,Live,24,3
G1FCW,Live,24,4
M0HSR,Live,24,5
G8TA,Live,24,6
G3GJL,Live,24,7
M0GLK,Live,24,8
M0SII,Live,24,9
M0HSP,Live,24,10
G0GHK,Live,24,11
M0ECW,Live,24,12
G7MDR,Live,24,13
M1RCT,Live,24,14
G3SAD,Live,24,15
M0WLA,Live,24,16
G0ADX,Live,24,17
G1WGR,Live,24,18
G1WOR,Live,24,19
G2SU,Live,24,20
G4AYK,Live,24,21
G8ZK,Live,24,22
G4HXX,Live,24,23
G6NWR,Live,24,24
M1NSC,Live,24,25
G3GHN,Live,24,26
M0RXQ,Live,24,27
G6AEN,Live,24,28
M0TSE,Live,24,29
G0MTR,Live,24,30
G7SIC,Live,24,31
M0HDC,Live,24,32
M0HRS,Live,24,33
G7HAH,Live,24,34
G3ELV,Live,24,35
M0HMU,Live,24,36
M0SRX,Live,24,37
G2SR,Live,24,38
G3RE,Live,24,39
M0SDD,Live,24,40
G2HX,Live,24,41
G7RFC,Live,24,42
M0TWC,Live,24,43
G3MAR,Live,24,44
G3CFH,Live,24,45
G3CMH,Live,24,46
G3FJE,Live,24,47
G1MAR,Live,24,48
G4NID,Live,24,49
G4HLL,Live,24,50
G2LO,Live,25,1
G2MT,Live,25,2
G0SDX,Live,25,3
M0GSG,Live,25,4
G3VEF,Live,25,5
G6QM,Live,25,6
G4ZAP,Live,25,7
M0MHC,Live,25,8
M0VFW,Live,25,9
G0AAA,Live,25,10
M0NDS,Live,25,11
G6NVT,Live,25,12
M0SLR,Live,25,13
M0HND,Live,25,14
G6IPU,Live,25,15
M0NBG,Live,25,16
M0HNS,Live,25,17
G0ASC,Live,25,18
G0RSG,Live,25,19
G4SPA,Live,25,20
M0BYL,Live,25,21
G4NRQ,Live,25,22
G4NHT,Live,25,23
G1SVR,Live,25,24
G1WRN,Live,25,25
G4OHM,Live,25,26
G3ERD,Live,25,27
G0CRG,Live,25,28
G4NWR,Live,25,29
G0ICK,Live,25,30
G4FFF,Live,25,31
M0ORO,Live,25,32
G0SEV,Live,25,33
G8HRC,Live,25,34
M0RGU,Live,25,35
M0LDG,Live,25,36
M0HDO,Live,25,37
M0BCQ,Live,25,38
G5XX,Live,25,39
M0TSR,Live,25,40
M0NFD,Live,25,41
G6YM,Live,25,42
G7RAT,Live,25,43
G5LK,Live,25,44
M0HOE,Live,25,45
M0ICD,Live,25,46
G3YDD,Live,25,47
G3TEI,Live,25,48
M0HYW,Live,25,49
M0HYX,Live,25,50
G0FRS,Live,26,1
M0HYZ,Live,26,2
G0ING,Live,26,3
G0KJY,Live,26,4
G0MAN,Live,26,5
G1HHH,Live,26,6
G4ANT,Live,26,7
G0PZR,Live,26,8
G1RCT,Live,26,9
G3SFG,Live,26,10
G2BRS,Live,26,11
M0PMT,Live,26,12
G6LD,Live,26,13
G4JS,Live,26,14
M0ZCG,Live,26,15
M0HFE,Live,26,16
G4BRN,Live,26,17
G6OI,Live,26,18
M0HOS,Live,26,19
M0NFR,Live,26,20
G8YEO,Live,26,21
M0HPH,Live,26,22
G5XV,Live,26,23
G4WAW,Live,26,24
M0VUC,Live,26,25
G4RBV,Live,26,26
G7SBV,Live,26,27
G3ZTT,Live,26,28
G4AGG,Live,26,29
G0MUD,Live,26,30
G1RMC,Live,26,31
G1KOP,Live,26,32
G3PPG,Live,26,33
G0ALE,Live,26,34
G4PUB,Live,26,35
G0FAY,Live,26,36
G7FAR,Live,26,37
M0OWW,Live,26,38
M0GVC,Live,26,39
M0HFP,Live,26,40
M1BDR,Live,26,41
M0ROW,Live,26,42
G4BWD,Live,26,43
G8VL,Live,26,44
G1WRS,Live,26,45
G3ZQM,Live,26,46
M0NWC,Live,26,47
G8CAR,Live,26,48
G4VRS,Live,26,49
G7ASF,Live,26,50
G3KUE,Live,27,1
G3UVW,Live,27,2
G3UWS,Live,27,3
G1EME,Live,27,4
G0KRS,Live,27,5
G4MDF,Live,27,6
G1NCR,Live,27,7
G1SAN,Live,27,8
G3CZU,Live,27,9
G0WPX,Live,27,10
G0TWD,Live,27,11
G7SNR,Live,27,12
G3ZRX,Live,27,13
G7BTI,Live,27,14
M0NHQ,Live,27,15
G4ATG,Live,27,16
M0HNQ,Live,27,17
G7RMZ,Live,27,18
M0NHK,Live,27,19
M0ACH,Live,27,20
M0WVR,Live,27,21
G0ATC,Live,27,22
G7CMN,Live,27,23
M0PQR,Live,27,24
M0NCT,Live,27,25
M0WSS,Live,27,26
G7MAN,Live,27,27
M0SQC,Live,27,28
G4HRV,Live,27,29
G3NFC,Live,27,30
G3AMW,Live,27,31
M0XKX,Live,27,32
G3IUB,Live,27,33
M0LEU,Live,27,34
G8GBY,Live,27,35
G8XAA,Live,27,36
G2TV,Live,27,37
G4RSE,Live,27,38
G6RSE,Live,27,39
G1RAF,Live,27,40
G1MBR,Live,27,41
G4HTV,Live,27,42
G4NRK,Live,27,43
M1SWL,Live,27,44
G4BJC,Live,27,45
M0KRM,Live,27,46
M0KMR,Live,27,47
M0LFC,Live,27,48
M0HTR,Live,27,49
G1YRC,Live,27,50
M0HIJ,Live,28,1
G6MHY,Live,28,2
M0KLR,Live,28,3
G3HFN,Live,28,4
M0DLI,Live,28,5
M1DRC,Live,28,6
M0LBL,Live,28,7
G1WKS,Live,28,8
G8VC,Live,28,9
G7VHF,Live,28,10
G6MD,Live,28,11
G8WSR,Live,28,12
M0DTQ,Live,28,13
G4ACF,Live,28,14
M0PPC,Live,28,15
M0NWF,Live,28,16
G3URI,Live,28,17
M0RGL,Live,28,18
G3ESP,Live,28,19
G0XAA,Live,28,20
G6TRG,Live,28,21
M0RYC,Live,28,22
M0VOP,Live,28,23
M0KRO,Live,28,24
M0UAR,Live,28,25
M0ECK,Live,28,26
M0LXC,Live,28,27
G3JEV,Live,28,28
G3KQB,Live,28,29
G0ROC,Live,28,30
G0UTT,Live,28,31
G4AAF,Live,28,32
G4HMS,Live,28,33
G7HMS,Live,28,34
M0JIS,Live,28,35
G2BQY,Live,28,36
M1BQY,Live,28,37
G7WRG,Live,28,38
M0HNA,Live,28,39
M0ORK,Live,28,40
M0TGS,Live,28,41
G4WDR,Live,28,42
M0ADI,Live,28,43
G0ONB,Live,28,44
M0IPL,Live,28,45
G5FZ,Live,28,46
G4BRA,Live,28,47
M0SIA,Live,28,48
G4FF,Live,28,49
G3UVC,Live,28,50
G3DR,Live,29,1
G7RAL,Live,29,2
M0NUC,Live,29,3
M0JDQ,Live,29,4
M1ECD,Live,29,5
G6LI,Live,29,6
G0PRS,Live,29,7
G3LRS,Live,29,8
G3IGQ,Live,29,9
M0MCG,Live,29,10
G0CVP,Live,29,11
G8IUB,Live,29,12
G4AZZ,Live,29,13
M0IOX,Live,29,14
G7NYP,Live,29,15
G4HAM,Live,29,16
M0HSC,Live,29,17
G6XX,Live,29,18
G3WIN,Live,29,19
M0ARC,Live,29,20
G7GNL,Live,29,21
G4JPS,Live,29,22
M0ZOO,Live,29,23
G7NAR,Live,29,24
M5SKY,Live,29,25
G3BRK,Live,29,26
G7KRG,Live,29,27
M0ERG,Live,29,28
G6GEC,Live,29,29
G0LOW,Live,29,30
G0VPE,Live,29,31
G3SVC,Live,29,32
M0IFK,Live,29,33
G7FOX,Live,29,34
M6DX,Live,29,35
G3MDG,Live,29,36
G7APD,Live,29,37
M0IJU,Live,29,38
M0SBV,Live,29,39
M0ISB,Live,29,40
G3XYZ,Live,29,41
G1XYZ,Live,29,42
G3EKL,Live,29,43
M0HPG,Live,29,44
G6GS,Live,29,45
G3NDX,Live,29,46
G2OT,Live,29,47
G1YYY,Live,29,48
M0XHE,Live,29,49
M0MXO,Live,29,50
M0HIB,Live,30,1
G3ZMS,Live,30,2
M0UOY,Live,30,3
M0NCC,Live,30,4
G1ZMS,Live,30,5
M0OPC,Live,30,6
G2FOF,Live,30,7
M0NCI,Live,30,8
G4ELR,Live,30,9
M0RAD,Live,30,10
M0NFP,Live,30,11
G0BWC,Live,30,12
G0RSE,Live,30,13
M0LEK,Live,30,14
G0CCC,Live,30,15
M1ABD,Live,30,16
M0IFG,Live,30,17
M0OCT,Live,30,18
M0SPG,Live,30,19
M0WIW,Live,30,20
G3OHM,Live,30,21
G7UCC,Live,30,22
G4FOX,Live,30,23
G1MDG,Live,30,24
G0WSS,Live,30,25
G3XNO,Live,30,26
G1NRS,Live,30,27
G4EZW,Live,30,28
M0HML,Live,30,29
M0RAH,Live,30,30
G7RNA,Live,30,31
M0HCR,Live,30,32
M0WCO,Live,30,33
G2AD,Live,30,34
G0MWT,Live,30,35
M0JCV,Live,30,36
M0YOK,Live,30,37
G6GW,Live,30,38
M0GTZ,Live,30,39
G1URG,Live,30,40
M0SRC,Live,30,41
G3NMD,Live,30,42
M0ATC,Live,30,43
G4BPO,Live,30,44
G3PYE,Live,30,45
G6PYE,Live,30,46
M0YSB,Live,30,47
G0AUK,Live,30,48
G0RYC,Live,30,49
G4ADV,Live,30,50
G0SYG,Live,31,1
G4DSP,Live,31,2
G7MNL,Live,31,3
G0SBM,Live,31,4
M0ORM,Live,31,5
G7AEH,Live,31,6
M0ISJ,Live,31,7
G3GIZ,Live,31,8
G0HCC,Live,31,9
G4SAT,Live,31,10
G0HSR,Live,31,11
M0NTL,Live,31,12
G5DXC,Live,31,13
G3SIG,Live,31,14
M0PPL,Live,31,15
M0XHN,Live,31,16
G1MCR,Live,31,17
M0MHQ,Live,31,18
M0WYC,Live,31,19
M0MDX,Live,31,20
G6COL,Live,31,21
G3CRC,Live,31,22
M0RWK,Live,31,23
M0LTC,Live,31,24
G0AYR,Live,31,25
G4ARE,Live,31,26
G6ZC,Live,31,27
M0SOC,Live,31,28
M0YHC,Live,31,29
G4CRS,Live,31,30
G6BV,Live,31,31
G4SSD,Live,31,32
G3SSO,Live,31,33
M0PRC,Live,31,34
G3CNO,Live,31,35
M0LFA,Live,31,36
G0OWM,Live,31,37
G3CF,Live,31,38
G0SP,Live,31,39
M0RVE,Live,31,40
G8BBC,Live,31,41
G3BRS,Live,31,42
G0MHR,Live,31,43
M0SML,Live,31,44
M0GZU,Live,31,45
G7ECU,Live,31,46
M0WRR,Live,31,47
G2BC,Live,31,48
M5BAE,Live,31,49
G7EBR,Live,31,50
G6ZME,Live,32,1
M0ISV,Live,32,2
M1FUR,Live,32,3
G4FUR,Live,32,4
M0YSG,Live,32,5
M0IZN,Live,32,6
M0SCY,Live,32,7
M0XSJ,Live,32,8
M0GBB,Live,32,9
G7SAC,Live,32,10
G2XP,Live,32,11
G4CC,Live,32,12
G0VPR,Live,32,13
G4ARG,Live,32,14
G3SRA,Live,32,15
M0RCV,Live,32,16
G8NIS,Live,32,17
M0CAM,Live,32,18
M0CRG,Live,32,19
M0CNS,Live,32,20
G3XRQ,Live,32,21
M0IDO,Live,32,22
G6RST,Live,32,23
G3BPK,Live,32,24
G3GWB,Live,32,25
M0MVS,Live,32,26
M0USM,Live,32,27
G6NDS,Live,32,28
M0SYR,Live,32,29
G5NG,Live,32,30
G5EA,Live,32,31
M0DX,Live,32,32
G2DP,Live,32,33
G4FUH,Live,32,34
G2LV,Live,32,35
G8FC,Live,32,36
M0WGR,Live,32,37
G7AEF,Live,32,38
G4NOK,Live,32,39
M0IYL,Live,32,40
M0XGC,Live,32,41
G6YB,Live,32,42
G3HWW,Live,32,43
G0SCO,Live,32,44
M7DX,Live,32,45
G0FWL,Live,32,46
G8RAF,Live,32,47
M1BAR,Live,32,48
M0HZZ,Live,32,49
M5KRG,Live,32,50
G4VIP,Live,33,1
M0RRD,Live,33,2
M5KR,Live,33,3
M0OHA,Live,33,4
M0SNB,Live,33,5
G4IRC,Live,33,6
G3TSC,Live,33,7
G3FYQ,Live,33,8
M0SXE,Live,33,9
G3WMU,Live,33,10
G2NM,Live,33,11
M0XHS,Live,33,12
G3SBL,Live,33,13
G4CES,Live,33,14
M0CCG,Surrendered,33,15
M0WIM,Surrendered,33,16
M0RGL,Surrendered,33,17
G4FUH,Surrendered,33,18
G4FOC,Surrendered,33,19
G2XV,Surrendered,33,20
G8EVY,Surrendered,33,21
G7RAF,Surrendered,33,22
M0IVX,Surrendered,33,23
M0RHC,Surrendered,33,24
G8CSA,Surrendered,33,25
G6BRS,Surrendered,33,26
G2HR,Surrendered,33,27
M0IZC,Surrendered,33,28
M0SKR,Surrendered,33,29
M0ILP,Surrendered,33,30
G7WOS,Surrendered,33,31
M0RWP,Surrendered,33,32
G7SRG,Surrendered,33,33
G4EZW,Surrendered,33,34
G1NRS,Surrendered,33,35
G6UT,Surrendered,33,36
G3BRS,Surrendered,33,37
G0WIH,Surrendered,33,38
G7RIH,Surrendered,33,39
G0RIV,Surrendered,33,40
G7RDT,Surrendered,33,41
M0IRY,Surrendered,33,42
M0XCQ,Surrendered,33,43
M0OCQ,Surrendered,33,44
M0WWT,Surrendered,33,45
G4BTS,Surrendered,33,46
G3DVC,Surrendered,33,47
M0AAT,Surrendered,33,48
M0AAL,Surrendered,33,49
G0HRS,Surrendered,33,50
M0IBV,Surrendered,34,1
G1ZMS,Surrendered,34,2
M0HJK,Surrendered,34,3
G5CH,Surrendered,34,4
G0DRC,Surrendered,34,5
M0ABU,Surrendered,34,6
M0LHX,Surrendered,34,7
M0AAL,Surrendered,34,8
G1WAC,Surrendered,34,9
G0BRC,Surrendered,34,10
G3RCW,Surrendered,34,11
G4WAC,Surrendered,34,12
G0LRA,Surrendered,34,13
G3BMR,Surrendered,34,14
G3WIM,Surrendered,34,15
G3YMD,Surrendered,34,16
G3ZSK,Surrendered,34,17
M0IPX,Surrendered,34,18
G4RSE,Surrendered,34,19
G0WSM,Surrendered,34,20
G4HAA,Surrendered,34,21
M1TSC,Surrendered,34,22
G1MDG,Surrendered,34,23
G4LEQ,Surrendered,34,24
G0EZQ,Surrendered,34,25
G4GM,Surrendered,34,26
G5RV,Surrendered,34,27
G4YRC,Surrendered,34,28
G3HWW,Surrendered,34,29
M0TMR,Surrendered,34,30
M0RCW,Surrendered,34,31
G7ECU,Surrendered,34,32
G0KRC,Surrendered,34,33
G0TSN,Surrendered,34,34
M0PSL,Surrendered,34,35
G4DAA,Surrendered,34,36
G7BRC,Surrendered,34,37
G6KRC,Surrendered,34,38
M0DYY,Surrendered,34,39
G0RWG,Surrendered,34,40
G6WRG,Surrendered,34,41
G3WKX,Surrendered,34,42
M0NAC,Surrendered,34,43
G8KGC,Surrendered,34,44
G0SOA,Surrendered,34,45
G6GLO,Surrendered,34,46
G8FC,Surrendered,34,47
G3WGC,Surrendered,34,48
G0KDV,Surrendered,34,49
G3EUG,Surrendered,34,50
M0MCG,Surrendered,35,1
M0DXK,Surrendered,35,2
M0LSE,Surrendered,35,3
G4GZ,Surrendered,35,4
G3RCM,Surrendered,35,5
M0SRC,Surrendered,35,6
M0JLB,Surrendered,35,7
G3AFT,Surrendered,35,8
M1BIO,Surrendered,35,9
G5LO,Surrendered,35,10
M0GPF,Surrendered,35,11
G2OT,Surrendered,35,12
M0TVC,Surrendered,35,13
G0TKU,Surrendered,35,14
G3WSC,Surrendered,35,15
G6XRS,Surrendered,35,16
G2AA,Surrendered,35,17
G4GXP,Surrendered,35,18
G6CW,Surrendered,35,19
G6ZME,Surrendered,35,20
G8OTS,Surrendered,35,21
G1RFH,Surrendered,35,22
G8PRU,Surrendered,35,23
G0LEQ,Surrendered,35,24
G2NM,Surrendered,35,25
G7OSH,Surrendered,35,26
M0CDX,Surrendered,35,27
G8RAF,Surrendered,35,28
G5UM,Surrendered,35,29
G3RE,Surrendered,35,30
G6RSE,Surrendered,35,31
G0MRI,Surrendered,35,32
M0GWG,Surrendered,35,33
G0HSR,Surrendered,35,34
G4DSP,Surrendered,35,35
G2FKZ,Surrendered,35,36
M0ROA,Surrendered,35,37
G8PRU,Surrendered,35,38
G0PPS,Surrendered,35,39
G0NRG,Surrendered,35,40
M0GBQ,Surrendered,35,41
G8IOM,Surrendered,35,42
M0OXE,Surrendered,35,43
G4ARE,Surrendered,35,44
G7EUG,Surrendered,35,45
G3GIZ,Surrendered,35,46
M0SDC,Surrendered,35,47
M0OTF,Surrendered,35,48
M0SEH,Surrendered,35,49
G1SEH,Surrendered,35,50
G4YCT,Surrendered,36,1
M0MDG,Surrendered,36,2
M0SSC,Surrendered,36,3
G3LRS,Surrendered,36,4
G3PXK,Surrendered,36,5
G0BRS,Surrendered,36,6
G0EKR,Surrendered,36,7
G3XRQ,Surrendered,36,8
G3XEJ,Surrendered,36,9
G0RBG,Surrendered,36,10
G8TRS,Surrendered,36,11
G0RFC,Surrendered,36,12
G0ROC,Surrendered,36,13
G0PZJ,Surrendered,36,14
G4CC,Surrendered,36,15
G4LYW,Surrendered,36,16
G5KN,Surrendered,36,17
G3WTP,Surrendered,36,18
M1BED,Surrendered,36,19
G7AED,Surrendered,36,20
G3TKV,Surrendered,36,21
M0RCU,Surrendered,36,22
M0WFF,Surrendered,36,23
G3VRE,Surrendered,36,24
G5JJ,Surrendered,36,25
G4EHW,Surrendered,36,26
M1PRC,Surrendered,36,27
G0RIV,Surrendered,36,28
G8DWL,Surrendered,36,29
M0OCG,Surrendered,36,30
G0SRC,Surrendered,36,31
G0EKR,Surrendered,36,32
G0OWM,Surrendered,36,33
G0KPW,Surrendered,36,34
M0LBZ,Surrendered,36,35
M0RIV,Surrendered,36,36
M0SBV,Surrendered,36,37
M0KCR,Surrendered,36,38
G3YNN,Surrendered,36,39
G4XXG,Surrendered,36,40
G6YM,Surrendered,36,41
G4LNP,Surrendered,36,42
G2DX,Surrendered,36,43
M0HSL,Surrendered,36,44
G3WMU,Surrendered,36,45
G7SRA,Surrendered,36,46
G3CNX,Surrendered,36,47
G4SRG,Surrendered,36,48
G0HRG,Surrendered,36,49
G3WRS,Surrendered,36,50
G3ESP,Surrendered,37,1
G0AYR,Surrendered,37,2
G2TV,Surrendered,37,3
G4HVN,Surrendered,37,4
M0GZN,Surrendered,37,5
G3HXZ,Surrendered,37,6
G0OSH,Surrendered,37,7
M0SGP,Surrendered,37,8
G4KPT,Surrendered,37,9
M0RSE,Surrendered,37,10
G4ECT,Surrendered,37,11
G4FUH,Surrendered,37,12
G4RAF,Surrendered,37,13
G4AAF,Surrendered,37,14
G3AH,Surrendered,37,15
M1BQY,Surrendered,37,16
G7HMS,Surrendered,37,17
G0ARG,Surrendered,37,18
G3MDG,Surrendered,37,19
G3TVS,Surrendered,37,20
G0PPS,Surrendered,37,21
G2BQY,Surrendered,37,22
G4HMS,Surrendered,37,23
G0MHR,Surrendered,37,24
M0EGC,Surrendered,37,25
G8GBY,Surrendered,37,26
G3AMW,Surrendered,37,27
G0TRG,Surrendered,37,28
G8AHK,Surrendered,37,29
G3IGQ,Surrendered,37,30
M0HXL,Surrendered,37,31
M0IDE,Surrendered,37,32
G3ZMS,Surrendered,37,33
G0TRG,Surrendered,37,34
M0RTO,Surrendered,37,35
M0GKL,Surrendered,37,36
M0IDZ,Surrendered,37,37
M0LIV,Surrendered,37,38
G2NM,Surrendered,37,39
M0XBG,Surrendered,37,40
M0JDJ,Surrendered,37,41
G0XRC,Surrendered,37,42
G4ELR,Surrendered,37,43
M0IFU,Surrendered,37,44
G7CTA,Surrendered,37,45
G1ZMS,Surrendered,37,46
G3ZMS,Surrendered,37,47
G4EHW,Surrendered,37,48
M1PRC,Surrendered,37,49
G1XIC,Surrendered,37,50
M0HHT,Surrendered,38,1
G2TO,Surrendered,38,2
M0REG,Surrendered,38,3
G3EKT,Surrendered,38,4
M0WMG,Surrendered,38,5
M0TXW,Surrendered,38,6
M0HJC,Surrendered,38,7
M0IGH,Surrendered,38,8
M0SML,Surrendered,38,9
G3GG,Surrendered,38,10
G0SDR,Surrendered,38,11
M0ISH,Surrendered,38,12
G5DXG,Surrendered,38,13
G8PX,Surrendered,38,14
M0IXR,Surrendered,38,15
G4AYM,Surrendered,38,16
M0IXD,Surrendered,38,17
G3WO,Surrendered,38,18
M0LNC,Surrendered,38,19
G3VGG,Surrendered,38,20
M0HUB,Surrendered,38,21
G8NRS,Surrendered,38,22
M0CBB,Terminated,38,23
G4WCG,Terminated,38,24
G3HFY,Terminated,38,25
G7SCC,Terminated,38,26
G3HOX,Terminated,38,27
M0PRG,Terminated,38,28
G7SEZ,Terminated,38,29
M0CQI,Terminated,38,30
M0SNS,Terminated,38,31
G3OAP,Terminated,38,32
G4BBX,Terminated,38,33
G1SCR,Terminated,38,34
G3IGQ,Terminated,38,35
M1XAV,Terminated,38,36
G4ZTT,Terminated,38,37
M0CMU,Terminated,38,38
M5IPX,Terminated,38,39
G0TON,Terminated,38,40
G7GRC,Terminated,38,41
M0THK,Terminated,38,42
M0ECW,Terminated,38,43
M0PRE,Terminated,38,44
M0LBL,Terminated,38,45
M1DXC,Terminated,38,46
M1SQN,Terminated,38,47
G0UWT,Terminated,38,48
M0NFP,Terminated,38,49
M0HBG,Terminated,38,50
G7ASF,Terminated,39,1
G7ERN,Terminated,39,2
G7SNE,Terminated,39,3
M0OWW,Terminated,39,4
M0EVS,Terminated,39,5
G7MDR,Terminated,39,6
M0BPK,Terminated,39,7
G4VRS,Terminated,39,8
G7NWR,Terminated,39,9
M1BVR,Terminated,39,10
G0RVC,Terminated,39,11
G0SRS,Terminated,39,12
M0SHS,Terminated,39,13
M0KCR,Terminated,39,14
G6GEC,Terminated,39,15
G0XCW,Terminated,39,16
M1RCT,Terminated,39,17
M0III,Terminated,39,18
M0WSM,Terminated,39,19
G7DOR,Terminated,39,20
G6NRC,Terminated,39,21
M0WWN,Terminated,39,22
G0SWV,Terminated,39,23
M0NDH,Terminated,39,24
G3BXF,Terminated,39,25
G7BAI,Terminated,39,26
G4SKM,Terminated,39,27
M0RSD,Terminated,39,28
M1ERX,Terminated,39,29
M0CGG,Terminated,39,30
G4WAW,Terminated,39,31
M0GSB,Terminated,39,32
G1WRS,Terminated,39,33
M0BBC,Terminated,39,34
G6GRG,Terminated,39,35
G3TKV,Terminated,39,36
G6UT,Terminated,39,37
M0HTC,Terminated,39,38
G7PEC,Terminated,39,39
G0SPM,Terminated,39,40
,Terminated,39,41
G7RFC,Terminated,39,42
G0SQA,Terminated,39,43
G3AYC,Terminated,39,44
M1AAB,Terminated,39,45
G7JET,Terminated,39,46
G8YEO,Terminated,39,47
M0EHF,Terminated,39,48
,Terminated,39,49
G0CWC,Terminated,39,50
G4HVP,Terminated,40,1
G8AHK,Terminated,40,2
G4LFO,Terminated,40,3
M0RWR,Terminated,40,4
G0VGH,Terminated,40,5
,Terminated,40,6
M0PEN,Terminated,40,7
M0RGY,Terminated,40,8
G3WKS,Terminated,40,9
G0MWT,Terminated,40,10
G6BCS,Terminated,40,11
M0UDX,Terminated,40,12
,Terminated,40,13
M0SOF,Terminated,40,14
M0RCU,Terminated,40,15
,Terminated,40,16
M0GOU,Terminated,40,17
G3STD,Terminated,40,18
M1BRG,Terminated,40,19
G3WMU,Terminated,40,20
,Terminated,40,21
G7RAF,Terminated,40,22
G4VKY,Terminated,40,23
G3ZCM,Terminated,40,24
G4APN,Terminated,40,25
G3XRT,Terminated,40,26
G3WOR,Terminated,40,27
M0PQP,Terminated,40,28
G3ESP,Terminated,40,29
G4ZGP,Terminated,40,30
G0GRG,Terminated,40,31
,Terminated,40,32
G0IWR,Terminated,40,33
G0HCA,Terminated,40,34
G0DWI,Terminated,40,35
G4LOW,Terminated,40,36
M0HLE,Terminated,40,37
G6XPJ,Terminated,40,38
G2ASF,Terminated,40,39
M0GZN,Terminated,40,40
G0OPZ,Terminated,40,41
G3ASR,Terminated,40,42
M0CKY,Terminated,40,43
G4RBV,Terminated,40,44
M0POG,Terminated,40,45
M0HKF,Terminated,40,46
G3WEC,Terminated,40,47
G4EUZ,Terminated,40,48
G0NHR,Terminated,40,49
G0PTZ,Terminated,40,50
G2CP,Terminated,41,1
M0RGL,Terminated,41,2
G0EGO,Terminated,41,3
,Terminated,41,4
M0RYC,Terminated,41,5
M0HWF,Terminated,41,6
M0UWU,Terminated,41,7
G3SAD,Terminated,41,8
G7RMS,Terminated,41,9
G1RAF,Terminated,41,10
,Terminated,41,11
G0HSR,Terminated,41,12
,Terminated,41,13
G0RPS,Terminated,41,14
G4WVO,Terminated,41,15
G7SBV,Terminated,41,16
G4ZDA,Terminated,41,17
G4TUI,Terminated,41,18
G7LRG,Terminated,41,19
G3WRS,Terminated,41,20
G1WFR,Terminated,41,21
G8TNK,Terminated,41,22
G0ERK,Terminated,41,23
G3ZQM,Terminated,41,24
G3TEN,Terminated,41,25
G5XV,Terminated,41,26
G4RSB,Terminated,41,27
M0PEC,Terminated,41,28
M0STB,Terminated,41,29
M0BRS,Terminated,41,30
,Terminated,41,31
M0HYB,Terminated,41,32
G1SWR,Terminated,41,33
G3VFW,Terminated,41,34
M0GUA,Terminated,41,35
M0HZA,Terminated,41,36
M0AKU,Terminated,41,37
M0BYL,Terminated,41,38
G3HWF,Terminated,41,39
,Terminated,41,40
G4CPS,Terminated,41,41
G3WIR,Terminated,41,42
G0PNS,Terminated,41,43
G4SRC,Terminated,41,44
M0TSL,Terminated,41,45
G0TRG,Terminated,41,46
M0RCU,Terminated,41,47
M0HPM,Terminated,41,48
M0HPN,Terminated,41,49
G7XWH,Terminated,41,50
