callsign,status
,Terminated
,Terminated
,Terminated
,Terminated
,Terminated
,Terminated
,Terminated
,Terminated
,Terminated
,Terminated
,Terminated
,Terminated
G0AAA,Live
G0ADD,Live
G0ADX,Live
G0AGR,Live
G0ALE,Live
G0ANT,Live
G0ARA,Live
G0ARG,Surrendered
G0ASC,Live
G0ATC,Live
G0AUK,Live
G0AYR,Live
G0AYR,Surrendered
G0BAA,Live
G0BAR,Live
G0BBC,Live
G0BNK,Live
G0BRA,Live
G0BRC,Live
G0BRC,Surrendered
G0BRS,Live
G0BRS,Surrendered
G0BWC,Live
G0CCC,Live
G0CCL,Live
G0CCR,Live
G0CDF,Live
G0COD,Live
G0CPO,Live
G0CRG,Live
G0CVP,Live
G0CWC,Terminated
G0DPH,Live
G0DRC,Live
G0DRC,Surrendered
G0DWI,Terminated
G0DX,Live
G0DXG,Live
G0DYB,Live
G0EDS,Live
G0EGO,Terminated
G0EJE,Live
G0EKR,Live
G0EKR,Surrendered
G0EKR,Surrendered
G0ELR,Live
G0EMG,Live
G0EMU,Live
G0ERK,Terminated
G0EZQ,Live
G0EZQ,Surrendered
G0FAY,Live
G0FBB,Live
G0FDX,Live
G0FRC,Live
G0FRE,Live
G0FRR,Live
G0FRS,Live
G0FRT,Live
G0FUN,Live
G0FWL,Live
G0GHK,Live
G0GNK,Live
G0GRC,Live
G0GRG,Terminated
G0GRX,Live
G0GZR,Live
G0HCA,Terminated
G0HCC,Live
G0HRG,Live
G0HRG,Surrendered
G0HRS,Live
G0HRS,Surrendered
G0HRW,Live
G0HSR,Live
G0HSR,Surrendered
G0HSR,Terminated
G0IBC,Live
G0ICK,Live
G0ING,Live
G0IOQ,Live
G0IPX,Live
G0IVR,Live
G0IWM,Live
G0IWR,Terminated
G0IYP,Live
G0JQA,Live
G0JST,Live
G0KCL,Live
G0KDV,Live
G0KDV,Surrendered
G0KJY,Live
G0KPW,Surrendered
G0KRC,Surrendered
G0KRG,Live
G0KRS,Live
G0KVJ,Live
G0LCR,Live
G0LEC,Live
G0LEN,Live
G0LEQ,Surrendered
G0LIX,Live
G0LOW,Live
G0LRA,Live
G0LRA,Surrendered
G0LRG,Live
G0LRR,Live
G0LSA,Live
G0LTR,Live
G0MAD,Live
G0MAN,Live
G0MBR,Live
G0MHR,Live
G0MHR,Surrendered
G0MIN,Live
G0MRI,Surrendered
G0MTR,Live
G0MUD,Live
G0MWT,Live
G0MWT,Terminated
G0NDS,Live
G0NEH,Live
G0NEQ,Live
G0NET,Live
G0NHR,Live
G0NHR,Terminated
G0NLR,Live
G0NNS,Live
G0NRG,Surrendered
G0NWH,Live
G0NWM,Live
G0NWR,Live
G0NWT,Live
G0OBS,Live
G0OLE,Live
G0ONB,Live
G0OOO,Live
G0OPZ,Terminated
G0OSH,Surrendered
G0OUR,Live
G0OWM,Live
G0OWM,Surrendered
G0OXE,Live
G0PBB,Live
G0PEP,Live
G0PKT,Live
G0PNS,Live
G0PNS,Terminated
G0PPS,Live
G0PPS,Surrendered
G0PPS,Surrendered
G0PRG,Live
G0PRS,Live
G0PRU,Live
G0PTZ,Terminated
G0PYM,Live
G0PZE,Live
G0PZJ,Live
G0PZJ,Surrendered
G0PZR,Live
G0RAF,Live
G0RAY,Live
G0RBG,Surrendered
G0RCS,Live
G0RCW,Live
G0RED,Live
G0REF,Live
G0RFC,Surrendered
G0RGH,Live
G0RIV,Surrendered
G0RIV,Surrendered
G0RNI,Live
G0RNR,Live
G0ROC,Live
G0ROC,Surrendered
G0ROO,Live
G0ROZ,Live
G0RPS,Terminated
G0RSE,Live
G0RSG,Live
G0RSR,Live
G0RVC,Terminated
G0RWG,Surrendered
G0RYC,Live
G0RYS,Live
G0SAC,Live
G0SAR,Live
G0SAS,Live
G0SBM,Live
G0SCO,Live
G0SCR,Live
G0SDC,Live
G0SDR,Surrendered
G0SDX,Live
G0SEA,Live
G0SEP,Live
G0SEV,Live
G0SIG,Live
G0SOA,Live
G0SOA,Surrendered
G0SP,Live
G0SPM,Terminated
G0SQA,Terminated
G0SRC,Live
G0SRC,Surrendered
G0SRG,Live
G0SRS,Terminated
G0STB,Live
G0STH,Live
G0SWN,Live
G0SWV,Live
G0SWV,Terminated
G0SYG,Live
G0TAY,Live
G0TFB,Live
G0TKU,Surrendered
G0TON,Terminated
G0TOW,Live
G0TPC,Live
G0TRC,Live
G0TRG,Live
G0TRG,Surrendered
G0TRG,Surrendered
G0TRG,Terminated
G0TSN,Surrendered
G0TWD,Live
G0UEG,Live
G0UEW,Live
G0UKR,Live
G0UKT,Live
G0UMV,Live
G0UOP,Live
G0URN,Live
G0UTT,Live
G0UWT,Terminated
G0UYM,Live
G0VGH,Terminated
G0VHF,Live
G0VJS,Live
G0VKG,Live
G0VLR,Live
G0VPE,Live
G0VPR,Live
G0VSM,Live
G0VUX,Live
G0VVX,Live
G0VYG,Live
G0WBS,Live
G0WDX,Live
G0WEE,Live
G0WIH,Surrendered
G0WKQ,Live
G0WOI,Live
G0WPX,Live
G0WRC,Live
G0WRM,Live
G0WRS,Live
G0WSM,Live
G0WSM,Surrendered
G0WSR,Live
G0WSS,Live
G0WXW,Live
G0XAA,Live
G0XCW,Terminated
G0XRC,Live
G0XRC,Surrendered
G0XXX,Live
G0XYZ,Live
G0YLO,Live
G0ZHP,Live
G1ATC,Live
G1BRS,Live
G1BZU,Live
G1COV,Live
G1CSR,Live
G1DHE,Live
G1DIF,Live
G1DSP,Live
G1EME,Live
G1FCW,Live
G1FRS,Live
G1FYQ,Live
G1GHZ,Live
G1HHH,Live
G1IOM,Live
G1KAR,Live
G1KOP,Live
G1LCR,Live
G1MAD,Live
G1MAR,Live
G1MBR,Live
G1MCR,Live
G1MDG,Live
G1MDG,Surrendered
G1MKR,Live
G1MQC,Live
G1NCR,Live
G1NET,Live
G1NRG,Live
G1NRS,Live
G1NRS,Surrendered
G1ONE,Live
G1ORC,Live
G1RAF,Live
G1RAF,Terminated
G1RCD,Live
G1RCT,Live
G1RCV,Live
G1RFH,Live
G1RFH,Surrendered
G1RMC,Live
G1SAN,Live
G1SAR,Live
G1SAT,Live
G1SCR,Live
G1SCR,Terminated
G1SEH,Live
G1SEH,Surrendered
G1SSR,Live
G1SVR,Live
G1SWR,Live
G1SWR,Terminated
G1THF,Live
G1URG,Live
G1WAB,Live
G1WAC,Live
G1WAC,Surrendered
G1WAW,Live
G1WCY,Live
G1WFR,Terminated
G1WGR,Live
G1WKS,Live
G1WOR,Live
G1WRC,Live
G1WRN,Live
G1WRS,Live
G1WRS,Terminated
G1WVR,Live
G1XIC,Live
G1XIC,Surrendered
G1XOI,Live
G1XYZ,Live
G1YRC,Live
G1YYY,Live
G1ZMS,Live
G1ZMS,Surrendered
G1ZMS,Surrendered
G1ZUU,Live
G2AA,Live
G2AA,Surrendered
G2AD,Live
G2AP,Live
G2AS,Live
G2ASF,Live
G2ASF,Terminated
G2BBC,Live
G2BC,Live
G2BQY,Live
G2BQY,Surrendered
G2BRS,Live
G2BX,Live
G2CP,Live
G2CP,Terminated
G2CR,Live
G2CWO,Live
G2DA,Live
G2DJ,Live
G2DP,Live
G2DPQ,Live
G2DWC,Live
G2DX,Live
G2DX,Surrendered
G2EC,Live
G2FA,Live
G2FJA,Live
G2FKO,Live
G2FKZ,Live
G2FKZ,Surrendered
G2FM,Live
G2FOF,Live
G2HC,Live
G2HDF,Live
G2HR,Live
G2HR,Surrendered
G2HS,Live
G2HW,Live
G2HX,Live
G2LL,Live
G2LO,Live
G2LV,Live
G2LW,Live
G2ML,Live
G2MP,Live
G2MT,Live
G2NM,Live
G2NM,Surrendered
G2NM,Surrendered
G2OA,Live
G2OP,Live
G2OT,Live
G2OT,Surrendered
G2OU,Live
G2PY,Live
G2SR,Live
G2SU,Live
G2TO,Live
G2TO,Surrendered
G2TV,Live
G2TV,Surrendered
G2UG,Live
G2XP,Live
G2XV,Live
G2XV,Surrendered
G2ZE,Live
G3AFT,Surrendered
G3AH,Live
G3AH,Surrendered
G3AHD,Live
G3AKF,Live
G3AMW,Live
G3AMW,Surrendered
G3ASR,Live
G3ASR,Terminated
G3ASW,Live
G3ATC,Live
G3AYC,Terminated
G3BMR,Surrendered
G3BPK,Live
G3BRK,Live
G3BRS,Live
G3BRS,Surrendered
G3BSA,Live
G3BSQ,Live
G3BSQ,Live
G3BXF,Live
G3BXF,Terminated
G3BZU,Live
G3CAR,Live
G3CF,Live
G3CFH,Live
G3CIO,Live
G3CMH,Live
G3CNO,Live
G3CNX,Live
G3CNX,Surrendered
G3CO,Live
G3CRC,Live
G3CRS,Live
G3CSA,Live
G3CSR,Live
G3CXX,Live
G3CZU,Live
G3DDI,Live
G3DIT,Live
G3DQW,Live
G3DR,Live
G3DVC,Surrendered
G3DX,Live
G3EEO,Live
G3EEZ,Live
G3EFX,Live
G3EKL,Live
G3EKT,Live
G3EKT,Surrendered
G3EKW,Live
G3ELV,Live
G3ERD,Live
G3ESP,Live
G3ESP,Surrendered
G3ESP,Terminated
G3EUG,Surrendered
G3FFF,Live
G3FJE,Live
G3FLH,Live
G3FVA,Live
G3FYQ,Live
G3GBU,Live
G3GBZ,Live
G3GEI,Live
G3GFA,Live
G3GG,Surrendered
G3GHN,Live
G3GIZ,Live
G3GIZ,Surrendered
G3GJL,Live
G3GQC,Live
G3GRS,Live
G3GWB,Live
G3GXI,Live
G3HAM,Live
G3HFN,Live
G3HFY,Terminated
G3HIU,Live
G3HOX,Terminated
G3HWF,Live
G3HWF,Terminated
G3HWW,Live
G3HWW,Surrendered
G3HXZ,Surrendered
G3IGQ,Live
G3IGQ,Surrendered
G3IGQ,Terminated
G3IT,Live
G3IUB,Live
G3IW,Live
G3JDY,Live
G3JEV,Live
G3JFG,Live
G3JRM,Live
G3KAC,Live
G3KC,Live
G3KJO,Live
G3KMI,Live
G3KPO,Live
G3KQB,Live
G3KUE,Live
G3LPC,Live
G3LRC,Live
G3LRS,Live
G3LRS,Surrendered
G3LUK,Live
G3LUN,Live
G3LX,Live
G3MAR,Live
G3MDG,Live
G3MDG,Surrendered
G3MMH,Live
G3MPD,Live
G3MQI,Live
G3NAT,Live
G3NDX,Live
G3NFC,Live
G3NGZ,Live
G3NJA,Live
G3NJB,Live
G3NKJ,Live
G3NMD,Live
G3NWR,Live
G3NY,Live
G3OAP,Terminated
G3OHM,Live
G3OU,Live
G3OUR,Live
G3PIA,Live
G3PMH,Live
G3PPG,Live
G3PRC,Live
G3PSG,Live
G3PXK,Live
G3PXK,Surrendered
G3PYE,Live
G3PYU,Live
G3PYZ,Live
G3QI,Live
G3RAC,Live
G3RAF,Live
G3RAL,Live
G3RCM,Live
G3RCM,Surrendered
G3RCV,Live
G3RCW,Live
G3RCW,Surrendered
G3RDB,Live
G3RE,Live
G3RE,Surrendered
G3ROQ,Live
G3RR,Live
G3RRS,Live
G3RSC,Live
G3RSS,Live
G3SAD,Live
G3SAD,Terminated
G3SBL,Live
G3SCT,Live
G3SDC,Live
G3SDS,Live
G3SFG,Live
G3SIG,Live
G3SKY,Live
G3SOU,Live
G3SPY,Live
G3SRA,Live
G3SRC,Live
G3SRT,Live
G3SSO,Live
G3STD,Terminated
G3SVC,Live
G3SVJ,Live
G3SVR,Live
G3SWM,Live
G3SZ,Live
G3TCQ,Live
G3TCR,Live
G3TEI,Live
G3TEN,Terminated
G3TKV,Live
G3TKV,Surrendered
G3TKV,Terminated
G3TRF,Live
G3TRY,Live
G3TSC,Live
G3TVS,Surrendered
G3UCL,Live
G3UDN,Live
G3UES,Live
G3UHF,Live
G3UKC,Live
G3ULT,Live
G3UOA,Live
G3URI,Live
G3USL,Live
G3UVC,Live
G3UVW,Live
G3UWS,Live
G3VEF,Live
G3VER,Live
G3VFW,Terminated
G3VGG,Live
G3VGG,Surrendered
G3VKK,Live
G3VKL,Live
G3VLG,Live
G3VRE,Live
G3VRE,Surrendered
G3VXX,Live
G3WAS,Live
G3WEC,Terminated
G3WGC,Surrendered
G3WIM,Live
G3WIM,Surrendered
G3WIN,Live
G3WIR,Live
G3WIR,Terminated
G3WKS,Live
G3WKS,Terminated
G3WKX,Live
G3WKX,Surrendered
G3WM,Live
G3WMU,Live
G3WMU,Surrendered
G3WMU,Terminated
G3WO,Surrendered
G3WOF,Live
G3WOR,Live
G3WOR,Terminated
G3WQK,Live
G3WRS,Live
G3WRS,Surrendered
G3WRS,Terminated
G3WSC,Live
G3WSC,Surrendered
G3WTP,Live
G3WTP,Surrendered
G3XBF,Live
G3XEJ,Surrendered
G3XEP,Live
G3XG,Live
G3XNO,Live
G3XRE,Live
G3XRN,Live
G3XRQ,Live
G3XRQ,Surrendered
G3XRT,Terminated
G3XYZ,Live
G3YDD,Live
G3YIR,Live
G3YMD,Live
G3YMD,Surrendered
G3YNN,Surrendered
G3YRC,Live
G3YSC,Live
G3ZBI,Live
G3ZCM,Terminated
G3ZET,Live
G3ZME,Live
G3ZMS,Live
G3ZMS,Surrendered
G3ZMS,Surrendered
G3ZQM,Live
G3ZQM,Terminated
G3ZQS,Live
G3ZRX,Live
G3ZSK,Live
G3ZSK,Surrendered
G3ZTT,Live
G4AAF,Live
G4AAF,Surrendered
G4AAR,Live
G4AAX,Live
G4ACF,Live
G4ADV,Live
G4AGG,Live
G4AHG,Live
G4ALE,Live
G4ANT,Live
G4APD,Live
G4APN,Terminated
G4AQG,Live
G4ARC,Live
G4ARE,Live
G4ARE,Surrendered
G4ARF,Live
G4ARG,Live
G4ARN,Live
G4ARS,Live
G4ATG,Live
G4ATH,Live
G4AYK,Live
G4AYM,Live
G4AYM,Surrendered
G4AZZ,Live
G4BAS,Live
G4BBX,Terminated
G4BCV,Live
G4BJC,Live
G4BP,Live
G4BPO,Live
G4BPQ,Live
G4BRA,Live
G4BRC,Live
G4BRN,Live
G4BRS,Live
G4BTS,Live
G4BTS,Surrendered
G4BUX,Live
G4BWC,Live
G4BWD,Live
G4CAA,Live
G4CC,Live
G4CC,Surrendered
G4CCF,Live
G4CDD,Live
G4CES,Live
G4CMT,Live
G4CPS,Terminated
G4CRC,Live
G4CRS,Live
G4CVK,Live
G4CW,Live
G4DAA,Live
G4DAA,Surrendered
G4DAR,Live
G4DDC,Live
G4DSP,Live
G4DSP,Surrendered
G4EAF,Live
G4ECT,Surrendered
G4EHW,Live
G4EHW,Surrendered
G4EHW,Surrendered
G4EKT,Live
G4ELR,Live
G4ELR,Surrendered
G4ETW,Live
G4EUZ,Live
G4EUZ,Terminated
G4EZW,Live
G4EZW,Surrendered
G4FBS,Live
G4FF,Live
G4FFF,Live
G4FOC,Live
G4FOC,Surrendered
G4FOX,Live
G4FRS,Live
G4FUH,Live
G4FUH,Surrendered
G4FUH,Surrendered
G4FUR,Live
G4FWC,Live
G4GA,Live
G4GCT,Live
G4GFL,Live
G4GM,Live
G4GM,Surrendered
G4GQR,Live
G4GRC,Live
G4GRG,Live
G4GTC,Live
G4GTY,Live
G4GXK,Live
G4GXP,Surrendered
G4GZ,Live
G4GZ,Surrendered
G4HAA,Surrendered
G4HAM,Live
G4HEL,Live
G4HKO,Live
G4HLL,Live
G4HMS,Live
G4HMS,Surrendered
G4HRC,Live
G4HRS,Live
G4HRV,Live
G4HTV,Live
G4HVN,Surrendered
G4HVP,Terminated
G4HVV,Live
G4HXX,Live
G4IBC,Live
G4ICM,Live
G4IOM,Live
G4ION,Live
G4IRC,Live
G4IXL,Live
G4JAR,Live
G4JBC,Live
G4JPS,Live
G4JS,Live
G4JYN,Live
G4KHS,Live
G4KPT,Live
G4KPT,Surrendered
G4LAB,Live
G4LAD,Live
G4LBM,Live
G4LBS,Live
G4LEQ,Surrendered
G4LFO,Terminated
G4LIP,Live
G4LMR,Live
G4LNP,Surrendered
G4LOW,Terminated
G4LWZ,Live
G4LYW,Surrendered
G4LZP,Live
G4MBC,Live
G4MDF,Live
G4MFL,Live
G4MFT,Live
G4MGR,Live
G4MHC,Live
G4MM,Live
G4MRS,Live
G4MRV,Live
G4MWC,Live
G4MWS,Live
G4NEL,Live
G4NHT,Live
G4NID,Live
G4NOK,Live
G4NRC,Live
G4NRK,Live
G4NRQ,Live
G4NWR,Live
G4NXO,Live
G4ODR,Live
G4OHM,Live
G4OMA,Live
G4ONP,Live
G4OO,Live
G4ORC,Live
G4PAG,Live
G4PFQ,Live
G4PQL,Live
G4PRS,Live
G4PSG,Live
G4PTU,Live
G4PUB,Live
G4RAF,Live
G4RAF,Surrendered
G4RBV,Live
G4RBV,Terminated
G4RCC,Live
G4RDL,Live
G4RFR,Live
G4RGM,Live
G4RGY,Live
G4RIV,Live
G4RMS,Live
G4RS,Live
G4RSB,Live
G4RSB,Terminated
G4RSC,Live
G4RSE,Live
G4RSE,Surrendered
G4SAT,Live
G4SGR,Live
G4SIV,Live
G4SIW,Live
G4SJM,Live
G4SJW,Live
G4SKM,Live
G4SKM,Terminated
G4SME,Live
G4SPA,Live
G4SRB,Live
G4SRC,Terminated
G4SRG,Live
G4SRG,Surrendered
G4SRS,Live
G4SSD,Live
G4STR,Live
G4STV,Live
G4SZV,Live
G4TSW,Live
G4TTA,Live
G4TTF,Live
G4TUI,Terminated
G4URZ,Live
G4USD,Live
G4VER,Live
G4VIP,Live
G4VKY,Live
G4VKY,Terminated
G4VRS,Live
G4VRS,Terminated
G4WAB,Live
G4WAC,Live
G4WAC,Surrendered
G4WAW,Live
G4WAW,Terminated
G4WBC,Live
G4WCG,Terminated
G4WDR,Live
G4WET,Live
G4WRA,Live
G4WRC,Live
G4WSM,Live
G4WVO,Live
G4WVO,Terminated
G4WVR,Live
G4WWR,Live
G4WXM,Live
G4XLB,Live
G4XXG,Live
G4XXG,Surrendered
G4YBS,Live
G4YCT,Live
G4YCT,Surrendered
G4YEQ,Live
G4YGW,Live
G4YNL,Live
G4YRC,Live
G4YRC,Surrendered
G4ZAJ,Live
G4ZAP,Live
G4ZDA,Terminated
G4ZFR,Live
G4ZGP,Terminated
G4ZTT,Terminated
G4ZU,Live
G5BK,Live
G5CH,Live
G5CH,Surrendered
G5DX,Live
G5DXC,Live
G5DXG,Surrendered
G5EA,Live
G5FS,Live
G5FZ,Live
G5JJ,Live
G5JJ,Surrendered
G5JNJ,Live
G5KN,Live
G5KN,Surrendered
G5KW,Live
G5LB,Live
G5LK,Live
G5LO,Live
G5LO,Surrendered
G5LOW,Live
G5MS,Live
G5MW,Live
G5NG,Live
G5NI,Live
G5OD,Live
G5PI,Live
G5QK,Live
G5RC,Live
G5ROC,Live
G5RP,Live
G5RR,Live
G5RS,Live
G5RV,Live
G5RV,Surrendered
G5TO,Live
G5UM,Live
G5UM,Surrendered
G5VG,Live
G5VU,Live
G5XV,Live
G5XV,Terminated
G5XX,Live
G5YC,Live
G5ZG,Live
G6AEN,Live
G6AJ,Live
G6ARC,Live
G6BCS,Terminated
G6BK,Live
G6BRA,Live
G6BRC,Live
G6BRH,Live
G6BRS,Surrendered
G6BSE,Live
G6BUT,Live
G6BV,Live
G6COL,Live
G6CRC,Live
G6CTC,Live
G6CW,Live
G6CW,Surrendered
G6EKT,Live
G6ELR,Live
G6FOX,Live
G6FRS,Live
G6FS,Live
G6GEC,Live
G6GEC,Terminated
G6GLO,Live
G6GLO,Surrendered
G6GLR,Live
G6GMR,Live
G6GRG,Live
G6GRG,Terminated
G6GS,Live
G6GSR,Live
G6GW,Live
G6HCT,Live
G6HH,Live
G6HL,Live
G6IA,Live
G6IPU,Live
G6IVR,Live
G6KRC,Surrendered
G6LD,Live
G6LI,Live
G6MBR,Live
G6MC,Live
G6MD,Live
G6MHY,Live
G6NDS,Live
G6NRC,Live
G6NRC,Terminated
G6NSY,Live
G6NVT,Live
G6NWR,Live
G6NX,Live
G6OI,Live
G6PNB,Live
G6PYE,Live
G6QM,Live
G6RAF,Live
G6RC,Live
G6RSE,Live
G6RSE,Surrendered
G6RST,Live
G6SFR,Live
G6SRS,Live
G6SW,Live
G6TKY,Live
G6TM,Live
G6TRG,Live
G6TW,Live
G6TWB,Live
G6UQ,Live
G6UT,Live
G6UT,Surrendered
G6UT,Terminated
G6UW,Live
G6VGG,Live
G6WAR,Live
G6WMR,Live
G6WRC,Live
G6WRG,Surrendered
G6WWR,Live
G6XN,Live
G6XPJ,Terminated
G6XRS,Live
G6XRS,Surrendered
G6XX,Live
G6YB,Live
G6YDD,Live
G6YM,Live
G6YM,Surrendered
G6ZC,Live
G6ZG,Live
G6ZME,Live
G6ZME,Surrendered
G6ZTT,Live
G6ZZZ,Live
G7AEA,Live
G7AEB,Live
G7AEC,Live
G7AED,Live
G7AED,Surrendered
G7AEE,Live
G7AEF,Live
G7AEG,Live
G7AEH,Live
G7AGR,Live
G7APD,Live
G7ASF,Live
G7ASF,Terminated
G7AXC,Live
G7BAI,Terminated
G7BBC,Live
G7BMS,Live
G7BPO,Live
G7BRC,Live
G7BRC,Surrendered
G7BSG,Live
G7BTC,Live
G7BTI,Live
G7CCR,Live
G7CMN,Live
G7CRG,Live
G7CRS,Live
G7CSV,Live
G7CTA,Live
G7CTA,Surrendered
G7DOL,Live
G7DOR,Live
G7DOR,Terminated
G7EAR,Live
G7EBR,Live
G7ECL,Live
G7ECU,Live
G7ECU,Surrendered
G7ELR,Live
G7EME,Live
G7ERC,Live
G7ERN,Terminated
G7ERO,Live
G7EUG,Surrendered
G7FAR,Live
G7FCR,Live
G7FOX,Live
G7FRC,Live
G7GAN,Live
G7GLR,Live
G7GNL,Live
G7GRC,Live
G7GRC,Terminated
G7GWM,Live
G7HAH,Live
G7HMS,Live
G7HMS,Surrendered
G7HOA,Live
G7HRR,Live
G7ILJ,Live
G7JET,Terminated
G7JOA,Live
G7JST,Live
G7KRC,Live
G7KRG,Live
G7KRS,Live
G7LEN,Live
G7LEY,Live
G7LRG,Terminated
G7MAN,Live
G7MDR,Live
G7MDR,Terminated
G7MEX,Live
G7MNL,Live
G7MRG,Live
G7MUD,Live
G7NAR,Live
G7NCT,Live
G7NLR,Live
G7NMB,Live
G7NSR,Live
G7NWR,Live
G7NWR,Terminated
G7NYP,Live
G7OOO,Live
G7OPS,Live
G7ORE,Live
G7OSH,Live
G7OSH,Surrendered
G7PEC,Live
G7PEC,Terminated
G7RAF,Live
G7RAF,Surrendered
G7RAF,Terminated
G7RAL,Live
G7RAT,Live
G7RDT,Live
G7RDT,Surrendered
G7REF,Live
G7RFC,Live
G7RFC,Terminated
G7RIH,Surrendered
G7RLS,Live
G7RMS,Terminated
G7RMW,Live
G7RMZ,Live
G7RNA,Live
G7RNN,Live
G7RRC,Live
G7RTL,Live
G7SAC,Live
G7SBV,Live
G7SBV,Terminated
G7SCC,Live
G7SCC,Terminated
G7SCR,Live
G7SER,Live
G7SEZ,Terminated
G7SIC,Live
G7SKC,Live
G7SKI,Live
G7SNE,Terminated
G7SNR,Live
G7SRA,Live
G7SRA,Surrendered
G7SRC,Live
G7SRG,Live
G7SRG,Surrendered
G7TCH,Live
G7TYR,Live
G7UCC,Live
G7UGF,Live
G7UQG,Live
G7VHF,Live
G7VLR,Live
G7WAB,Live
G7WAC,Live
G7WOS,Surrendered
G7WRG,Live
G7XWH,Terminated
G8AHK,Live
G8AHK,Surrendered
G8AHK,Terminated
G8BBC,Live
G8BUX,Live
G8CA,Live
G8CAR,Live
G8CLZ,Live
G8CQA,Live
G8CSA,Live
G8CSA,Surrendered
G8CW,Live
G8DD,Live
G8DDC,Live
G8DWL,Surrendered
G8EAM,Live
G8EDJ,Live
G8ELR,Live
G8EVY,Live
G8EVY,Surrendered
G8FAB,Live
G8FC,Live
G8FC,Surrendered
G8FOT,Live
G8GBY,Live
G8GBY,Surrendered
G8GCC,Live
G8GIZ,Live
G8GPO,Live
G8HRC,Live
G8IB,Live
G8IOM,Surrendered
G8IUB,Live
G8IZB,Live
G8JC,Live
G8JTD,Live
G8JYN,Live
G8KGC,Live
G8KGC,Surrendered
G8KMK,Live
G8LED,Live
G8LVQ,Live
G8LWS,Live
G8MKC,Live
G8MWA,Live
G8NED,Live
G8NIS,Live
G8NJA,Live
G8NP,Live
G8NRS,Surrendered
G8OHM,Live
G8OTS,Surrendered
G8PIR,Live
G8PRC,Live
G8PRU,Live
G8PRU,Surrendered
G8PRU,Surrendered
G8PX,Live
G8PX,Surrendered
G8QR,Live
G8RAF,Live
G8RAF,Surrendered
G8RFN,Live
G8RVT,Live
G8SAL,Live
G8SDS,Live
G8SMR,Live
G8SRC,Live
G8SRS,Live
G8SSS,Live
G8STD,Live
G8TA,Live
G8TNK,Terminated
G8TRG,Live
G8TRS,Surrendered
G8VC,Live
G8VER,Live
G8VHF,Live
G8VL,Live
G8VYK,Live
G8WDC,Live
G8WGP,Live
G8WIM,Live
G8WKL,Live
G8WQ,Live
G8WRG,Live
G8WSM,Live
G8WSR,Live
G8WSX,Live
G8WY,Live
G8WYR,Live
G8XAA,Live
G8YEO,Live
G8YEO,Terminated
G8ZHP,Live
G8ZK,Live
G8ZTT,Live
G8ZYC,Live
M0AAA,Live
M0AAL,Surrendered
M0AAL,Surrendered
M0AAT,Surrendered
M0ABU,Surrendered
M0ACE,Live
M0ACH,Live
M0ACW,Live
M0ADI,Live
M0ADJ,Live
M0AFL,Live
M0AIK,Live
M0AJB,Live
M0AKU,Live
M0AKU,Terminated
M0AKX,Live
M0APF,Live
M0AQW,Live
M0ARC,Live
M0ATC,Live
M0ATS,Live
M0AVI,Live
M0BAA,Live
M0BB,Live
M0BBC,Terminated
M0BCQ,Live
M0BEE,Live
M0BGV,Live
M0BNS,Live
M0BPJ,Live
M0BPK,Live
M0BPK,Terminated
M0BRA,Live
M0BRS,Terminated
M0BYL,Live
M0BYL,Terminated
M0CAM,Live
M0CBB,Terminated
M0CCG,Surrendered
M0CDX,Surrendered
M0CEP,Live
M0CGG,Terminated
M0CKY,Terminated
M0CMU,Terminated
M0CNS,Live
M0CPS,Live
M0CQI,Terminated
M0CRG,Live
M0CYB,Live
M0DEB,Live
M0DEI,Live
M0DGR,Live
M0DID,Live
M0DLI,Live
M0DON,Live
M0DOZ,Live
M0DRM,Live
M0DTL,Live
M0DTQ,Live
M0DX,Live
M0DXK,Live
M0DXK,Surrendered
M0DYY,Surrendered
M0EAR,Live
M0ECK,Live
M0ECR,Live
M0ECW,Live
M0ECW,Terminated
M0EEE,Live
M0EGC,Live
M0EGC,Surrendered
M0EHF,Live
M0EHF,Terminated
M0EPC,Live
M0ERG,Live
M0ESG,Live
M0ESP,Live
M0ESR,Live
M0EVG,Live
M0EVS,Terminated
M0FNR,Live
M0FRC,Live
M0FTR,Live
M0GBB,Live
M0GBQ,Surrendered
M0GBU,Live
M0GBY,Live
M0GEY,Live
M0GFA,Live
M0GFE,Live
M0GGP,Live
M0GKK,Live
M0GKL,Live
M0GKL,Surrendered
M0GLK,Live
M0GND,Live
M0GOU,Terminated
M0GPF,Live
M0GPF,Surrendered
M0GQO,Live
M0GRX,Live
M0GSB,Terminated
M0GSG,Live
M0GTF,Live
M0GTZ,Live
M0GUA,Terminated
M0GUQ,Live
M0GVC,Live
M0GVG,Live
M0GVP,Live
M0GWG,Surrendered
M0GYQ,Live
M0GYR,Live
M0GZD,Live
M0GZI,Live
M0GZN,Surrendered
M0GZN,Terminated
M0GZU,Live
M0HAV,Live
M0HAW,Live
M0HBA,Live
M0HBG,Terminated
M0HCR,Live
M0HCY,Live
M0HDC,Live
M0HDG,Live
M0HDO,Live
M0HDS,Live
M0HFC,Live
M0HFE,Live
M0HFI,Live
M0HFP,Live
M0HFW,Live
M0HGC,Live
M0HHT,Surrendered
M0HIB,Live
M0HIC,Live
M0HIF,Live
M0HIJ,Live
M0HIN,Live
M0HIP,Live
M0HJC,Live
M0HJC,Surrendered
M0HJK,Surrendered
M0HJM,Live
M0HJS,Live
M0HKF,Terminated
M0HKJ,Live
M0HKT,Live
M0HLE,Terminated
M0HLK,Live
M0HML,Live
M0HMU,Live
M0HNA,Live
M0HND,Live
M0HNQ,Live
M0HNS,Live
M0HOE,Live
M0HOS,Live
M0HPG,Live
M0HPH,Live
M0HPM,Terminated
M0HPN,Terminated
M0HQG,Live
M0HRF,Live
M0HRG,Live
M0HRS,Live
M0HSC,Live
M0HSI,Live
M0HSL,Live
M0HSL,Surrendered
M0HSP,Live
M0HSR,Live
M0HTC,Terminated
M0HTJ,Live
M0HTO,Live
M0HTR,Live
M0HUB,Surrendered
M0HUM,Live
M0HUO,Live
M0HVP,Live
M0HWC,Live
M0HWF,Terminated
M0HWU,Live
M0HXJ,Live
M0HXL,Surrendered
M0HYB,Terminated
M0HYR,Live
M0HYW,Live
M0HYX,Live
M0HYZ,Live
M0HZ,Live
M0HZA,Terminated
M0HZZ,Live
M0IAE,Live
M0IBI,Live
M0IBJ,Live
M0IBV,Surrendered
M0IBY,Live
M0ICD,Live
M0IDE,Surrendered
M0IDO,Live
M0IDZ,Live
M0IDZ,Surrendered
M0IFG,Live
M0IFK,Live
M0IFU,Surrendered
M0IGH,Surrendered
M0IGJ,Live
M0III,Terminated
M0IJU,Live
M0ILP,Surrendered
M0IMV,Live
M0IMX,Live
M0ING,Live
M0INT,Live
M0INU,Live
M0IOA,Live
M0IOX,Live
M0IPG,Live
M0IPL,Live
M0IPN,Live
M0IPX,Surrendered
M0IQV,Live
M0IRC,Live
M0IRF,Live
M0IRN,Live
M0IRY,Surrendered
M0ISB,Live
M0ISH,Surrendered
M0ISJ,Live
M0ISN,Live
M0ISV,Live
M0IUJ,Live
M0IUY,Live
M0IVX,Surrendered
M0IWU,Live
M0IWX,Live
M0IXD,Surrendered
M0IXR,Surrendered
M0IYC,Live
M0IYL,Live
M0IYR,Live
M0IZC,Surrendered
M0IZN,Live
M0IZO,Live
M0JBQ,Live
M0JCV,Live
M0JDF,Live
M0JDJ,Surrendered
M0JDQ,Live
M0JDZ,Live
M0JET,Live
M0JEX,Live
M0JEY,Live
M0JIS,Live
M0JLB,Surrendered
M0KAC,Live
M0KCR,Surrendered
M0KCR,Terminated
M0KLR,Live
M0KMR,Live
M0KPR,Live
M0KRG,Live
M0KRM,Live
M0KRO,Live
M0KSC,Live
M0KSG,Live
M0KSO,Live
M0KUH,Live
M0KW,Live
M0KWA,Live
M0KZL,Live
M0LBA,Live
M0LBC,Live
M0LBL,Live
M0LBL,Terminated
M0LBZ,Surrendered
M0LCC,Live
M0LCG,Live
M0LCN,Live
M0LCW,Live
M0LDG,Live
M0LEK,Live
M0LEU,Live
M0LFA,Live
M0LFC,Live
M0LFG,Live
M0LGC,Live
M0LHF,Live
M0LHX,Surrendered
M0LIO,Live
M0LIV,Live
M0LIV,Surrendered
M0LLZ,Live
M0LNC,Surrendered
M0LPR,Live
M0LRA,Live
M0LRF,Live
M0LRG,Live
M0LSE,Live
M0LSE,Surrendered
M0LSW,Live
M0LTC,Live
M0LWC,Live
M0LWZ,Live
M0LXC,Live
M0LYM,Live
M0MAD,Live
M0MCG,Live
M0MCG,Surrendered
M0MDG,Live
M0MDG,Surrendered
M0MDX,Live
M0MEO,Live
M0MFR,Live
M0MHC,Live
M0MHQ,Live
M0MHZ,Live
M0MKE,Live
M0MKR,Live
M0MNX,Live
M0MOC,Live
M0MRG,Live
M0MRN,Live
M0MRS,Live
M0MSA,Live
M0MSY,Live
M0MTC,Live
M0MVS,Live
M0MWW,Live
M0MXO,Live
M0NAC,Surrendered
M0NAR,Live
M0NBC,Live
M0NBG,Live
M0NCA,Live
M0NCC,Live
M0NCI,Live
M0NCR,Live
M0NCT,Live
M0NDA,Live
M0NDH,Terminated
M0NDS,Live
M0NEE,Live
M0NFC,Live
M0NFD,Live
M0NFP,Live
M0NFP,Terminated
M0NFR,Live
M0NGE,Live
M0NGS,Live
M0NHK,Live
M0NHQ,Live
M0NHR,Live
M0NID,Live
M0NIR,Live
M0NLW,Live
M0NMO,Live
M0NRC,Live
M0NRX,Live
M0NSC,Live
M0NSG,Live
M0NSR,Live
M0NTG,Live
M0NTL,Live
M0NUC,Live
M0NUK,Live
M0NWC,Live
M0NWF,Live
M0NWG,Live
M0OCC,Live
M0OCG,Surrendered
M0OCQ,Surrendered
M0OCT,Live
M0OHA,Live
M0OMC,Live
M0ONL,Live
M0OPC,Live
M0ORK,Live
M0ORM,Live
M0ORO,Live
M0OSC,Live
M0OTF,Surrendered
M0OTS,Live
M0OWW,Live
M0OWW,Terminated
M0OXE,Surrendered
M0PBL,Live
M0PEC,Terminated
M0PEN,Terminated
M0PFC,Live
M0PFH,Live
M0PFJ,Live
M0PHS,Live
M0PHX,Live
M0PMS,Live
M0PMT,Live
M0PNX,Live
M0POC,Live
M0POG,Live
M0POG,Terminated
M0POI,Live
M0PPC,Live
M0PPL,Live
M0PQN,Live
M0PQP,Terminated
M0PQR,Live
M0PRC,Live
M0PRE,Terminated
M0PRG,Terminated
M0PSG,Live
M0PSL,Live
M0PSL,Surrendered
M0PSR,Live
M0PYR,Live
M0PYS,Live
M0RAD,Live
M0RAH,Live
M0RCF,Live
M0RCH,Live
M0RCU,Surrendered
M0RCU,Terminated
M0RCU,Terminated
M0RCV,Live
M0RCW,Surrendered
M0RDK,Live
M0REG,Live
M0REG,Surrendered
M0RGF,Live
M0RGL,Live
M0RGL,Surrendered
M0RGL,Terminated
M0RGP,Live
M0RGS,Live
M0RGU,Live
M0RGY,Live
M0RGY,Terminated
M0RHC,Surrendered
M0RHL,Live
M0RHR,Live
M0RIV,Live
M0RIV,Surrendered
M0RML,Live
M0RNG,Live
M0RNT,Live
M0ROA,Live
M0ROA,Surrendered
M0ROB,Live
M0ROW,Live
M0RRC,Live
M0RRD,Live
M0RRG,Live
M0RSC,Live
M0RSD,Live
M0RSD,Terminated
M0RSE,Live
M0RSE,Surrendered
M0RTO,Surrendered
M0RVE,Live
M0RVR,Live
M0RWK,Live
M0RWP,Surrendered
M0RWR,Live
M0RWR,Terminated
M0RXQ,Live
M0RXT,Live
M0RXY,Live
M0RYC,Live
M0RYC,Terminated
M0SBV,Live
M0SBV,Surrendered
M0SCG,Live
M0SCL,Live
M0SCR,Live
M0SCY,Live
M0SCZ,Live
M0SDC,Surrendered
M0SDD,Live
M0SDE,Live
M0SEH,Live
M0SEH,Surrendered
M0SFB,Live
M0SGP,Surrendered
M0SHA,Live
M0SHL,Live
M0SHR,Live
M0SHS,Terminated
M0SIA,Live
M0SIG,Live
M0SII,Live
M0SJA,Live
M0SJF,Live
M0SKG,Live
M0SKR,Live
M0SKR,Surrendered
M0SLB,Live
M0SLR,Live
M0SML,Live
M0SML,Surrendered
M0SNB,Live
M0SNS,Terminated
M0SOC,Live
M0SOF,Terminated
M0SOL,Live
M0SPA,Live
M0SPG,Live
M0SPX,Live
M0SQC,Live
M0SRA,Live
M0SRC,Live
M0SRC,Surrendered
M0SRX,Live
M0SSC,Surrendered
M0SSP,Live
M0SST,Live
M0SSW,Live
M0SSX,Live
M0STB,Live
M0STB,Terminated
M0SUR,Live
M0SXA,Live
M0SXE,Live
M0SXR,Live
M0SYR,Live
M0TA,Live
M0TBG,Live
M0TCM,Live
M0TDE,Live
M0TDR,Live
M0TFC,Live
M0TGH,Live
M0TGS,Live
M0THK,Terminated
M0THT,Live
M0TIL,Live
M0TJT,Live
M0TMR,Surrendered
M0TOL,Live
M0TPC,Live
M0TSE,Live
M0TSF,Live
M0TSG,Live
M0TSL,Live
M0TSL,Terminated
M0TSR,Live
M0TTG,Live
M0TTR,Live
M0TVC,Surrendered
M0TWC,Live
M0TXW,Surrendered
M0UAR,Live
M0UDX,Terminated
M0UFP,Live
M0UKC,Live
M0UKI,Live
M0UOE,Live
M0UOG,Live
M0UOY,Live
M0USE,Live
M0USM,Live
M0UWU,Terminated
M0VAR,Live
M0VCT,Live
M0VDX,Live
M0VFT,Live
M0VFW,Live
M0VGW,Live
M0VLP,Live
M0VMW,Live
M0VOG,Live
M0VOP,Live
M0VQJ,Live
M0VRC,Live
M0VRG,Live
M0VRX,Live
M0VSG,Live
M0VSQ,Live
M0VUC,Live
M0VUG,Live
M0VVG,Live
M0VYB,Live
M0VZA,Live
M0WCB,Live
M0WCG,Live
M0WCO,Live
M0WDC,Live
M0WFF,Surrendered
M0WGR,Live
M0WGS,Live
M0WHG,Live
M0WHQ,Live
M0WIM,Surrendered
M0WIW,Live
M0WLA,Live
M0WLC,Live
M0WMG,Surrendered
M0WMM,Live
M0WPX,Live
M0WRC,Live
M0WRF,Live
M0WRQ,Live
M0WRR,Live
M0WSM,Terminated
M0WSS,Live
M0WTV,Live
M0WVR,Live
M0WWN,Terminated
M0WWR,Live
M0WWT,Surrendered
M0WXB,Live
M0WYC,Live
M0WYR,Live
M0XBG,Surrendered
M0XBY,Live
M0XCQ,Surrendered
M0XG,Live
M0XGC,Live
M0XHE,Live
M0XHN,Live
M0XHS,Live
M0XKX,Live
M0XML,Live
M0XRC,Live
M0XSJ,Live
M0XXT,Live
M0XYD,Live
M0XYT,Live
M0YAD,Live
M0YCG,Live
M0YEK,Live
M0YHA,Live
M0YHC,Live
M0YKR,Live
M0YOK,Live
M0YRF,Live
M0YSB,Live
M0YSC,Live
M0YSG,Live
M0YYY,Live
M0ZCG,Live
M0ZDF,Live
M0ZET,Live
M0ZIP,Live
M0ZOO,Live
M0ZYF,Live
M1AAB,Terminated
M1ABD,Live
M1ACF,Live
M1ATC,Live
M1AZR,Live
M1BAR,Live
M1BDR,Live
M1BEC,Live
M1BED,Live
M1BED,Surrendered
M1BGV,Live
M1BIO,Surrendered
M1BNR,Live
M1BQY,Live
M1BQY,Surrendered
M1BRA,Live
M1BRG,Terminated
M1BVR,Terminated
M1COL,Live
M1CRA,Live
M1CRO,Live
M1CWR,Live
M1DDX,Live
M1DLX,Live
M1DRC,Live
M1DXC,Terminated
M1ECD,Live
M1EPU,Live
M1ERX,Terminated
M1EVP,Live
M1FUR,Live
M1MNR,Live
M1NHR,Live
M1NSC,Live
M1PRC,Live
M1PRC,Surrendered
M1PRC,Surrendered
M1RCT,Live
M1RCT,Terminated
M1SFS,Live
M1SQN,Terminated
M1SRC,Live
M1SWL,Live
M1TSC,Surrendered
M1WRG,Live
M1XAV,Terminated
M5AA,Live
M5AIR,Live
M5ALJ,Live
M5ARC,Live
M5BAE,Live
M5CDS,Live
M5DB,Live
M5DX,Live
M5EI,Live
M5HDF,Live
M5IC,Live
M5IPX,Live
M5IPX,Terminated
M5KR,Live
M5KRG,Live
M5MC,Live
M5MD,Live
M5MDX,Live
M5MK,Live
M5RS,Live
M5SB,Live
M5SKY,Live
M5WSS,Live
M6DX,Live
M7DX,Live
