callsign,cleaned,parse_status,prefix_series,rsl,suffix,placeholder_form,home_callsign,implied_class,flags
20FEV,20FEV,parsed,20,,FEV,2#0FEV,,Intermediate,
20FEZ,20FEZ,parsed,20,,FEZ,2#0FEZ,,Intermediate,
20FFB,20FFB,parsed,20,,FFB,2#0FFB,,Intermediate,
20FFD,20FFD,parsed,20,,FFD,2#0FFD,,Intermediate,
20FFI,20FFI,parsed,20,,FFI,2#0FFI,,Intermediate,
20FFJ,20FFJ,parsed,20,,FFJ,2#0FFJ,,Intermediate,
20FFK,20FFK,parsed,20,,FFK,2#0FFK,,Intermediate,
20FFN,20FFN,parsed,20,,FFN,2#0FFN,,Intermediate,
20FFO,20FFO,parsed,20,,FFO,2#0FFO,,Intermediate,
20FFU,20FFU,parsed,20,,FFU,2#0FFU,,Intermediate,
20FFV,20FFV,parsed,20,,FFV,2#0FFV,,Intermediate,
20FFZ,20FFZ,parsed,20,,FFZ,2#0FFZ,,Intermediate,
20FHO,20FHO,parsed,20,,FHO,2#0FHO,,Intermediate,
20FHP,20FHP,parsed,20,,FHP,2#0FHP,,Intermediate,
20FHQ,20FHQ,parsed,20,,FHQ,2#0FHQ,,Intermediate,
20FHV,20FHV,parsed,20,,FHV,2#0FHV,,Intermediate,
20FHW,20FHW,parsed,20,,FHW,2#0FHW,,Intermediate,
20FHX,20FHX,parsed,20,,FHX,2#0FHX,,Intermediate,
20FHY,20FHY,parsed,20,,FHY,2#0FHY,,Intermediate,
20FHZ,20FHZ,parsed,20,,FHZ,2#0FHZ,,Intermediate,
20FID,20FID,parsed,20,,FID,2#0FID,,Intermediate,
20FIH,20FIH,parsed,20,,FIH,2#0FIH,,Intermediate,
20FII,20FII,parsed,20,,FII,2#0FII,,Intermediate,
20FIK,20FIK,parsed,20,,FIK,2#0FIK,,Intermediate,
20FIM,20FIM,parsed,20,,FIM,2#0FIM,,Intermediate,
20FIO,20FIO,parsed,20,,FIO,2#0FIO,,Intermediate,
20FIP,20FIP,parsed,20,,FIP,2#0FIP,,Intermediate,
20FIU,20FIU,parsed,20,,FIU,2#0FIU,,Intermediate,
20FIV,20FIV,parsed,20,,FIV,2#0FIV,,Intermediate,
20FIW,20FIW,parsed,20,,FIW,2#0FIW,,Intermediate,
20FIY,20FIY,parsed,20,,FIY,2#0FIY,,Intermediate,
20FJB,20FJB,parsed,20,,FJB,2#0FJB,,Intermediate,
20FJC,20FJC,parsed,20,,FJC,2#0FJC,,Intermediate,
20FJE,20FJE,parsed,20,,FJE,2#0FJE,,Intermediate,
20FJF,20FJF,parsed,20,,FJF,2#0FJF,,Intermediate,
20FJG,20FJG,parsed,20,,FJG,2#0FJG,,Intermediate,
20FJH,20FJH,parsed,20,,FJH,2#0FJH,,Intermediate,
20FJI,20FJI,parsed,20,,FJI,2#0FJI,,Intermediate,
20FJJ,20FJJ,parsed,20,,FJJ,2#0FJJ,,Intermediate,
20FJK,20FJK,parsed,20,,FJK,2#0FJK,,Intermediate,
20FJN,20FJN,parsed,20,,FJN,2#0FJN,,Intermediate,
20FJO,20FJO,parsed,20,,FJO,2#0FJO,,Intermediate,
20FJQ,20FJQ,parsed,20,,FJQ,2#0FJQ,,Intermediate,
20FJT,20FJT,parsed,20,,FJT,2#0FJT,,Intermediate,
20FJU,20FJU,parsed,20,,FJU,2#0FJU,,Intermediate,
20FJV,20FJV,parsed,20,,FJV,2#0FJV,,Intermediate,
20FJW,20FJW,parsed,20,,FJW,2#0FJW,,Intermediate,
20FJX,20FJX,parsed,20,,FJX,2#0FJX,,Intermediate,
20FKB,20FKB,parsed,20,,FKB,2#0FKB,,Intermediate,
20FMN,20FMN,parsed,20,,FMN,2#0FMN,,Intermediate,
20FNK,20FNK,parsed,20,,FNK,2#0FNK,,Intermediate,
20FOE,20FOE,parsed,20,,FOE,2#0FOE,,Intermediate,
20FXE,20FXE,parsed,20,,FXE,2#0FXE,,Intermediate,
20GNE,20GNE,parsed,20,,GNE,2#0GNE,,Intermediate,
20HCO,20HCO,parsed,20,,HCO,2#0HCO,,Intermediate,
20HCR,20HCR,parsed,20,,HCR,2#0HCR,,Intermediate,
20HGP,20HGP,parsed,20,,HGP,2#0HGP,,Intermediate,
20HJT,20HJT,parsed,20,,HJT,2#0HJT,,Intermediate,
20HJU,20HJU,parsed,20,,HJU,2#0HJU,,Intermediate,
20HJW,20HJW,parsed,20,,HJW,2#0HJW,,Intermediate,
20HJX,20HJX,parsed,20,,HJX,2#0HJX,,Intermediate,
20HJY,20HJY,parsed,20,,HJY,2#0HJY,,Intermediate,
20HKB,20HKB,parsed,20,,HKB,2#0HKB,,Intermediate,
20HKE,20HKE,parsed,20,,HKE,2#0HKE,,Intermediate,
20HKH,20HKH,parsed,20,,HKH,2#0HKH,,Intermediate,
20HKI,20HKI,parsed,20,,HKI,2#0HKI,,Intermediate,
20HKJ,20HKJ,parsed,20,,HKJ,2#0HKJ,,Intermediate,
20HKP,20HKP,parsed,20,,HKP,2#0HKP,,Intermediate,
20HKQ,20HKQ,parsed,20,,HKQ,2#0HKQ,,Intermediate,
20HKT,20HKT,parsed,20,,HKT,2#0HKT,,Intermediate,
20HKV,20HKV,parsed,20,,HKV,2#0HKV,,Intermediate,
20HKW,20HKW,parsed,20,,HKW,2#0HKW,,Intermediate,
20HKX,20HKX,parsed,20,,HKX,2#0HKX,,Intermediate,
20HKZ,20HKZ,parsed,20,,HKZ,2#0HKZ,,Intermediate,
20HLA,20HLA,parsed,20,,HLA,2#0HLA,,Intermediate,
20HLE,20HLE,parsed,20,,HLE,2#0HLE,,Intermediate,
20HLQ,20HLQ,parsed,20,,HLQ,2#0HLQ,,Intermediate,
20HLS,20HLS,parsed,20,,HLS,2#0HLS,,Intermediate,
20HLU,20HLU,parsed,20,,HLU,2#0HLU,,Intermediate,
20HLV,20HLV,parsed,20,,HLV,2#0HLV,,Intermediate,
20HLY,20HLY,parsed,20,,HLY,2#0HLY,,Intermediate,
20HLZ,20HLZ,parsed,20,,HLZ,2#0HLZ,,Intermediate,
20HMK,20HMK,parsed,20,,HMK,2#0HMK,,Intermediate,
20HML,20HML,parsed,20,,HML,2#0HML,,Intermediate,
20HMN,20HMN,parsed,20,,HMN,2#0HMN,,Intermediate,
20HMO,20HMO,parsed,20,,HMO,2#0HMO,,Intermediate,
20HMP,20HMP,parsed,20,,HMP,2#0HMP,,Intermediate,
20HOX,20HOX,parsed,20,,HOX,2#0HOX,,Intermediate,
20HWO,20HWO,parsed,20,,HWO,2#0HWO,,Intermediate,
20IQI,20IQI,parsed,20,,IQI,2#0IQI,,Intermediate,
20IWK,20IWK,parsed,20,,IWK,2#0IWK,,Intermediate,
20IWX,20IWX,parsed,20,,IWX,2#0IWX,,Intermediate,
20IZZ,20IZZ,parsed,20,,IZZ,2#0IZZ,,Intermediate,
20JHH,20JHH,parsed,20,,JHH,2#0JHH,,Intermediate,
20JKX,20JKX,parsed,20,,JKX,2#0JKX,,Intermediate,
20JMJ,20JMJ,parsed,20,,JMJ,2#0JMJ,,Intermediate,
20JNC,20JNC,parsed,20,,JNC,2#0JNC,,Intermediate,
20JNR,20JNR,parsed,20,,JNR,2#0JNR,,Intermediate,
20JOT,20JOT,parsed,20,,JOT,2#0JOT,,Intermediate,
20JTO,20JTO,parsed,20,,JTO,2#0JTO,,Intermediate,
20JZG,20JZG,parsed,20,,JZG,2#0JZG,,Intermediate,
20JZH,20JZH,parsed,20,,JZH,2#0JZH,,Intermediate,
20JZI,20JZI,parsed,20,,JZI,2#0JZI,,Intermediate,
20JZJ,20JZJ,parsed,20,,JZJ,2#0JZJ,,Intermediate,
20KBZ,20KBZ,parsed,20,,KBZ,2#0KBZ,,Intermediate,
20KGN,20KGN,parsed,20,,KGN,2#0KGN,,Intermediate,
20KGY,20KGY,parsed,20,,KGY,2#0KGY,,Intermediate,
20KIE,20KIE,parsed,20,,KIE,2#0KIE,,Intermediate,
20KTO,20KTO,parsed,20,,KTO,2#0KTO,,Intermediate,
20KVS,20KVS,parsed,20,,KVS,2#0KVS,,Intermediate,
20KXL,20KXL,parsed,20,,KXL,2#0KXL,,Intermediate,
20LCF,20LCF,parsed,20,,LCF,2#0LCF,,Intermediate,
20LPU,20LPU,parsed,20,,LPU,2#0LPU,,Intermediate,
20LXY,20LXY,parsed,20,,LXY,2#0LXY,,Intermediate,
20LYB,20LYB,parsed,20,,LYB,2#0LYB,,Intermediate,
20LZI,20LZI,parsed,20,,LZI,2#0LZI,,Intermediate,
20MOU,20MOU,parsed,20,,MOU,2#0MOU,,Intermediate,
20MOX,20MOX,parsed,20,,MOX,2#0MOX,,Intermediate,
20MSN,20MSN,parsed,20,,MSN,2#0MSN,,Intermediate,
20MSU,20MSU,parsed,20,,MSU,2#0MSU,,Intermediate,
20MYZ,20MYZ,parsed,20,,MYZ,2#0MYZ,,Intermediate,
20MZC,20MZC,parsed,20,,MZC,2#0MZC,,Intermediate,
20NEG,20NEG,parsed,20,,NEG,2#0NEG,,Intermediate,
20NII,20NII,parsed,20,,NII,2#0NII,,Intermediate,
20NOU,20NOU,parsed,20,,NOU,2#0NOU,,Intermediate,
20NQF,20NQF,parsed,20,,NQF,2#0NQF,,Intermediate,
20NRN,20NRN,parsed,20,,NRN,2#0NRN,,Intermediate,
20NSH,20NSH,parsed,20,,NSH,2#0NSH,,Intermediate,
20NSX,20NSX,parsed,20,,NSX,2#0NSX,,Intermediate,
20NUR,20NUR,parsed,20,,NUR,2#0NUR,,Intermediate,
20NXE,20NXE,parsed,20,,NXE,2#0NXE,,Intermediate,
20NXM,20NXM,parsed,20,,NXM,2#0NXM,,Intermediate,
20NZS,20NZS,parsed,20,,NZS,2#0NZS,,Intermediate,
20OFS,20OFS,parsed,20,,OFS,2#0OFS,,Intermediate,
20OMR,20OMR,parsed,20,,OMR,2#0OMR,,Intermediate,
20ONK,20ONK,parsed,20,,ONK,2#0ONK,,Intermediate,
20ONX,20ONX,parsed,20,,ONX,2#0ONX,,Intermediate,
20ONZ,20ONZ,parsed,20,,ONZ,2#0ONZ,,Intermediate,
20OQR,20OQR,parsed,20,,OQR,2#0OQR,,Intermediate,
20OSN,20OSN,parsed,20,,OSN,2#0OSN,,Intermediate,
20OTA,20OTA,parsed,20,,OTA,2#0OTA,,Intermediate,
20OUU,20OUU,parsed,20,,OUU,2#0OUU,,Intermediate,
20OVO,20OVO,parsed,20,,OVO,2#0OVO,,Intermediate,
20OVW,20OVW,parsed,20,,OVW,2#0OVW,,Intermediate,
20OWE,20OWE,parsed,20,,OWE,2#0OWE,,Intermediate,
20OWN,20OWN,parsed,20,,OWN,2#0OWN,,Intermediate,
20OYY,20OYY,parsed,20,,OYY,2#0OYY,,Intermediate,
20PIR,20PIR,parsed,20,,PIR,2#0PIR,,Intermediate,
20PJX,20PJX,parsed,20,,PJX,2#0PJX,,Intermediate,
20PLU,20PLU,parsed,20,,PLU,2#0PLU,,Intermediate,
20PMU,20PMU,parsed,20,,PMU,2#0PMU,,Intermediate,
20POE,20POE,parsed,20,,POE,2#0POE,,Intermediate,
20RGQ,20RGQ,parsed,20,,RGQ,2#0RGQ,,Intermediate,
20RIJ,20RIJ,parsed,20,,RIJ,2#0RIJ,,Intermediate,
20RIV,20RIV,parsed,20,,RIV,2#0RIV,,Intermediate,
20RKN,20RKN,parsed,20,,RKN,2#0RKN,,Intermediate,
20RLE,20RLE,parsed,20,,RLE,2#0RLE,,Intermediate,
20RMF,20RMF,parsed,20,,RMF,2#0RMF,,Intermediate,
20ROJ,20ROJ,parsed,20,,ROJ,2#0ROJ,,Intermediate,
20RQC,20RQC,parsed,20,,RQC,2#0RQC,,Intermediate,
20RSR,20RSR,parsed,20,,RSR,2#0RSR,,Intermediate,
20RSY,20RSY,parsed,20,,RSY,2#0RSY,,Intermediate,
20RTH,20RTH,parsed,20,,RTH,2#0RTH,,Intermediate,
20RUX,20RUX,parsed,20,,RUX,2#0RUX,,Intermediate,
20RVA,20RVA,parsed,20,,RVA,2#0RVA,,Intermediate,
20RXI,20RXI,parsed,20,,RXI,2#0RXI,,Intermediate,
20RYD,20RYD,parsed,20,,RYD,2#0RYD,,Intermediate,
20SKR,20SKR,parsed,20,,SKR,2#0SKR,,Intermediate,
20SNT,20SNT,parsed,20,,SNT,2#0SNT,,Intermediate,
20SSE,20SSE,parsed,20,,SSE,2#0SSE,,Intermediate,
20STH,20STH,parsed,20,,STH,2#0STH,,Intermediate,
20SUC,20SUC,parsed,20,,SUC,2#0SUC,,Intermediate,
20SUI,20SUI,parsed,20,,SUI,2#0SUI,,Intermediate,
20SUK,20SUK,parsed,20,,SUK,2#0SUK,,Intermediate,
20SYA,20SYA,parsed,20,,SYA,2#0SYA,,Intermediate,
20SYT,20SYT,parsed,20,,SYT,2#0SYT,,Intermediate,
20SZL,20SZL,parsed,20,,SZL,2#0SZL,,Intermediate,
20TGR,20TGR,parsed,20,,TGR,2#0TGR,,Intermediate,
20TGZ,20TGZ,parsed,20,,TGZ,2#0TGZ,,Intermediate,
20TLJ,20TLJ,parsed,20,,TLJ,2#0TLJ,,Intermediate,
20TNO,20TNO,parsed,20,,TNO,2#0TNO,,Intermediate,
20TPL,20TPL,parsed,20,,TPL,2#0TPL,,Intermediate,
20UCD,20UCD,parsed,20,,UCD,2#0UCD,,Intermediate,
20UDB,20UDB,parsed,20,,UDB,2#0UDB,,Intermediate,
20UFC,20UFC,parsed,20,,UFC,2#0UFC,,Intermediate,
20UHD,20UHD,parsed,20,,UHD,2#0UHD,,Intermediate,
20UHZ,20UHZ,parsed,20,,UHZ,2#0UHZ,,Intermediate,
20UKE,20UKE,parsed,20,,UKE,2#0UKE,,Intermediate,
20URK,20URK,parsed,20,,URK,2#0URK,,Intermediate,
20UXL,20UXL,parsed,20,,UXL,2#0UXL,,Intermediate,
20UXV,20UXV,parsed,20,,UXV,2#0UXV,,Intermediate,
20VMK,20VMK,parsed,20,,VMK,2#0VMK,,Intermediate,
20VPA,20VPA,parsed,20,,VPA,2#0VPA,,Intermediate,
20VPJ,20VPJ,parsed,20,,VPJ,2#0VPJ,,Intermediate,
20VPV,20VPV,parsed,20,,VPV,2#0VPV,,Intermediate,
20VTP,20VTP,parsed,20,,VTP,2#0VTP,,Intermediate,
20VVX,20VVX,parsed,20,,VVX,2#0VVX,,Intermediate,
20WCP,20WCP,parsed,20,,WCP,2#0WCP,,Intermediate,
20WER,20WER,parsed,20,,WER,2#0WER,,Intermediate,
20WFZ,20WFZ,parsed,20,,WFZ,2#0WFZ,,Intermediate,
20WGW,20WGW,parsed,20,,WGW,2#0WGW,,Intermediate,
20WII,20WII,parsed,20,,WII,2#0WII,,Intermediate,
20WND,20WND,parsed,20,,WND,2#0WND,,Intermediate,
20WOH,20WOH,parsed,20,,WOH,2#0WOH,,Intermediate,
20WPR,20WPR,parsed,20,,WPR,2#0WPR,,Intermediate,
20WQE,20WQE,parsed,20,,WQE,2#0WQE,,Intermediate,
20WRO,20WRO,parsed,20,,WRO,2#0WRO,,Intermediate,
20WUE,20WUE,parsed,20,,WUE,2#0WUE,,Intermediate,
20WXU,20WXU,parsed,20,,WXU,2#0WXU,,Intermediate,
20WXW,20WXW,parsed,20,,WXW,2#0WXW,,Intermediate,
20XCS,20XCS,parsed,20,,XCS,2#0XCS,,Intermediate,
20XES,20XES,parsed,20,,XES,2#0XES,,Intermediate,
20XFC,20XFC,parsed,20,,XFC,2#0XFC,,Intermediate,
20XFK,20XFK,parsed,20,,XFK,2#0XFK,,Intermediate,
20XGR,20XGR,parsed,20,,XGR,2#0XGR,,Intermediate,
20XHA,20XHA,parsed,20,,XHA,2#0XHA,,Intermediate,
20XIT,20XIT,parsed,20,,XIT,2#0XIT,,Intermediate,
20XKM,20XKM,parsed,20,,XKM,2#0XKM,,Intermediate,
20XLA,20XLA,parsed,20,,XLA,2#0XLA,,Intermediate,
20XLI,20XLI,parsed,20,,XLI,2#0XLI,,Intermediate,
20XLT,20XLT,parsed,20,,XLT,2#0XLT,,Intermediate,
20XMW,20XMW,parsed,20,,XMW,2#0XMW,,Intermediate,
20XNP,20XNP,parsed,20,,XNP,2#0XNP,,Intermediate,
20XTH,20XTH,parsed,20,,XTH,2#0XTH,,Intermediate,
20XTN,20XTN,parsed,20,,XTN,2#0XTN,,Intermediate,
20XWI,20XWI,parsed,20,,XWI,2#0XWI,,Intermediate,
20XWM,20XWM,parsed,20,,XWM,2#0XWM,,Intermediate,
20XXD,20XXD,parsed,20,,XXD,2#0XXD,,Intermediate,
20YBB,20YBB,parsed,20,,YBB,2#0YBB,,Intermediate,
20YBC,20YBC,parsed,20,,YBC,2#0YBC,,Intermediate,
20YGC,20YGC,parsed,20,,YGC,2#0YGC,,Intermediate,
20YGT,20YGT,parsed,20,,YGT,2#0YGT,,Intermediate,
20YHF,20YHF,parsed,20,,YHF,2#0YHF,,Intermediate,
20YOX,20YOX,parsed,20,,YOX,2#0YOX,,Intermediate,
20YRF,20YRF,parsed,20,,YRF,2#0YRF,,Intermediate,
20YRT,20YRT,parsed,20,,YRT,2#0YRT,,Intermediate,
20YTB,20YTB,parsed,20,,YTB,2#0YTB,,Intermediate,
20YTD,20YTD,parsed,20,,YTD,2#0YTD,,Intermediate,
20YVE,20YVE,parsed,20,,YVE,2#0YVE,,Intermediate,
20YVY,20YVY,parsed,20,,YVY,2#0YVY,,Intermediate,
20YWF,20YWF,parsed,20,,YWF,2#0YWF,,Intermediate,
20YWH,20YWH,parsed,20,,YWH,2#0YWH,,Intermediate,
2E1BOZ,2E1BOZ,parsed,21,E,BOZ,2#1BOZ,,Intermediate,rsl-in-register
G1NMI,G1NMI,parsed,G1,,NMI,G#1NMI,,Full,
G1ZAA,G1ZAA,parsed,G1,,ZAA,G#1ZAA,,Full,forbidden-suffix
G4FJV,G4FJV,parsed,G4,,FJV,G#4FJV,,Full,
G6BAD,G6BAD,parsed,G6,,BAD,G#6BAD,,Full,
G7FRR,G7FRR,parsed,G7,,FRR,G#7FRR,,Full,
G8DRB,G8DRB,parsed,G8,,DRB,G#8DRB,,Full,
G8EIS,G8EIS,parsed,G8,,EIS,G#8EIS,,Full,
M/EA2AIV,M/EA2AIV,visitor,,,,M#/EA2AIV,EA2AIV,,
M/JE1QCL,M/JE1QCL,visitor,,,,M#/JE1QCL,JE1QCL,,
M/KNIZ,M/KNIZ,visitor,,,,M#/KNIZ,KNIZ,,malformed-home-callsign
M/OK1IKI,M/OK1IKI,visitor,,,,M#/OK1IKI,OK1IKI,,
M0IVB,M0IVB,parsed,M0,,IVB,M#0IVB,,Full,
M0IVC,M0IVC,parsed,M0,,IVC,M#0IVC,,Full,
M0IVD,M0IVD,parsed,M0,,IVD,M#0IVD,,Full,
M0IVG,M0IVG,parsed,M0,,IVG,M#0IVG,,Full,
M0IVH,M0IVH,parsed,M0,,IVH,M#0IVH,,Full,
M0IVI,M0IVI,parsed,M0,,IVI,M#0IVI,,Full,
M0IVJ,M0IVJ,parsed,M0,,IVJ,M#0IVJ,,Full,
M0IVK,M0IVK,parsed,M0,,IVK,M#0IVK,,Full,
M0IVL,M0IVL,parsed,M0,,IVL,M#0IVL,,Full,
M0IVM,M0IVM,parsed,M0,,IVM,M#0IVM,,Full,
M0IWQ,M0IWQ,parsed,M0,,IWQ,M#0IWQ,,Full,
M0IWR,M0IWR,parsed,M0,,IWR,M#0IWR,,Full,
M0IWT,M0IWT,parsed,M0,,IWT,M#0IWT,,Full,
M0IWU,M0IWU,parsed,M0,,IWU,M#0IWU,,Full,
M0IWV,M0IWV,parsed,M0,,IWV,M#0IWV,,Full,
M0IWW,M0IWW,parsed,M0,,IWW,M#0IWW,,Full,
M0IWX,M0IWX,parsed,M0,,IWX,M#0IWX,,Full,
M0IWY,M0IWY,parsed,M0,,IWY,M#0IWY,,Full,
M0JBL,M0JBL,parsed,M0,,JBL,M#0JBL,,Full,
M0JCG,M0JCG,parsed,M0,,JCG,M#0JCG,,Full,
M0JKW,M0JKW,parsed,M0,,JKW,M#0JKW,,Full,
M0JOJ,M0JOJ,parsed,M0,,JOJ,M#0JOJ,,Full,
M0JUC,M0JUC,parsed,M0,,JUC,M#0JUC,,Full,
M0JUF,M0JUF,parsed,M0,,JUF,M#0JUF,,Full,
M0JUH,M0JUH,parsed,M0,,JUH,M#0JUH,,Full,
M0JUI,M0JUI,parsed,M0,,JUI,M#0JUI,,Full,
M0JUJ,M0JUJ,parsed,M0,,JUJ,M#0JUJ,,Full,
M0JUM,M0JUM,parsed,M0,,JUM,M#0JUM,,Full,
M0JUO,M0JUO,parsed,M0,,JUO,M#0JUO,,Full,
M0JUP,M0JUP,parsed,M0,,JUP,M#0JUP,,Full,
M0JUQ,M0JUQ,parsed,M0,,JUQ,M#0JUQ,,Full,
M0JUR,M0JUR,parsed,M0,,JUR,M#0JUR,,Full,
M0JUS,M0JUS,parsed,M0,,JUS,M#0JUS,,Full,
M0JYT,M0JYT,parsed,M0,,JYT,M#0JYT,,Full,
M0KBR,M0KBR,parsed,M0,,KBR,M#0KBR,,Full,
M0KDJ,M0KDJ,parsed,M0,,KDJ,M#0KDJ,,Full,
M0KGR,M0KGR,parsed,M0,,KGR,M#0KGR,,Full,
M0KKV,M0KKV,parsed,M0,,KKV,M#0KKV,,Full,
M0KPS,M0KPS,parsed,M0,,KPS,M#0KPS,,Full,
M0KYQ,M0KYQ,parsed,M0,,KYQ,M#0KYQ,,Full,
M0LEJ,M0LEJ,parsed,M0,,LEJ,M#0LEJ,,Full,
M0LIF,M0LIF,parsed,M0,,LIF,M#0LIF,,Full,
M0LIH,M0LIH,parsed,M0,,LIH,M#0LIH,,Full,
M0LJE,M0LJE,parsed,M0,,LJE,M#0LJE,,Full,
M0LPZ,M0LPZ,parsed,M0,,LPZ,M#0LPZ,,Full,
M0MOX,M0MOX,parsed,M0,,MOX,M#0MOX,,Full,
M0MZR,M0MZR,parsed,M0,,MZR,M#0MZR,,Full,
M0NBT,M0NBT,parsed,M0,,NBT,M#0NBT,,Full,
M0NHR,M0NHR,parsed,M0,,NHR,M#0NHR,,Full,
M0NPH,M0NPH,parsed,M0,,NPH,M#0NPH,,Full,
M0NSS,M0NSS,parsed,M0,,NSS,M#0NSS,,Full,
M0NTR,M0NTR,parsed,M0,,NTR,M#0NTR,,Full,
M0NVT,M0NVT,parsed,M0,,NVT,M#0NVT,,Full,
M0NWF,M0NWF,parsed,M0,,NWF,M#0NWF,,Full,
M0NWG,M0NWG,parsed,M0,,NWG,M#0NWG,,Full,
M0NXF,M0NXF,parsed,M0,,NXF,M#0NXF,,Full,
M0NZG,M0NZG,parsed,M0,,NZG,M#0NZG,,Full,
M0NZZ,M0NZZ,parsed,M0,,NZZ,M#0NZZ,,Full,
M0OAF,M0OAF,parsed,M0,,OAF,M#0OAF,,Full,
M0OAU,M0OAU,parsed,M0,,OAU,M#0OAU,,Full,
M0OCV,M0OCV,parsed,M0,,OCV,M#0OCV,,Full,
M0OHC,M0OHC,parsed,M0,,OHC,M#0OHC,,Full,
M0OLM,M0OLM,parsed,M0,,OLM,M#0OLM,,Full,
M0OLW,M0OLW,parsed,M0,,OLW,M#0OLW,,Full,
M0OMY,M0OMY,parsed,M0,,OMY,M#0OMY,,Full,
M0OOR,M0OOR,parsed,M0,,OOR,M#0OOR,,Full,
M0PEQ,M0PEQ,parsed,M0,,PEQ,M#0PEQ,,Full,
M0PJE,M0PJE,parsed,M0,,PJE,M#0PJE,,Full,
M0PVB,M0PVB,parsed,M0,,PVB,M#0PVB,,Full,
M0PVU,M0PVU,parsed,M0,,PVU,M#0PVU,,Full,
M0RVK,M0RVK,parsed,M0,,RVK,M#0RVK,,Full,
M0RVX,M0RVX,parsed,M0,,RVX,M#0RVX,,Full,
M0SEG,M0SEG,parsed,M0,,SEG,M#0SEG,,Full,
M0SLL,M0SLL,parsed,M0,,SLL,M#0SLL,,Full,
M0SVH,M0SVH,parsed,M0,,SVH,M#0SVH,,Full,
M0UBE,M0UBE,parsed,M0,,UBE,M#0UBE,,Full,
M0UIT,M0UIT,parsed,M0,,UIT,M#0UIT,,Full,
M0UNX,M0UNX,parsed,M0,,UNX,M#0UNX,,Full,
M0UZZ,M0UZZ,parsed,M0,,UZZ,M#0UZZ,,Full,
M0VAZ,M0VAZ,parsed,M0,,VAZ,M#0VAZ,,Full,
M0VLX,M0VLX,parsed,M0,,VLX,M#0VLX,,Full,
M0VRY,M0VRY,parsed,M0,,VRY,M#0VRY,,Full,
M0VVX,M0VVX,parsed,M0,,VVX,M#0VVX,,Full,
M0WBW,M0WBW,parsed,M0,,WBW,M#0WBW,,Full,
M0WCN,M0WCN,parsed,M0,,WCN,M#0WCN,,Full,
M0WDV,M0WDV,parsed,M0,,WDV,M#0WDV,,Full,
M0WGR,M0WGR,parsed,M0,,WGR,M#0WGR,,Full,
M0WJA,M0WJA,parsed,M0,,WJA,M#0WJA,,Full,
M0WNA,M0WNA,parsed,M0,,WNA,M#0WNA,,Full,
M0WRK,M0WRK,parsed,M0,,WRK,M#0WRK,,Full,
M0WRN,M0WRN,parsed,M0,,WRN,M#0WRN,,Full,
M0WTM,M0WTM,parsed,M0,,WTM,M#0WTM,,Full,
M0WWK,M0WWK,parsed,M0,,WWK,M#0WWK,,Full,
M0WZY,M0WZY,parsed,M0,,WZY,M#0WZY,,Full,
M0XBA,M0XBA,parsed,M0,,XBA,M#0XBA,,Full,
M0XBC,M0XBC,parsed,M0,,XBC,M#0XBC,,Full,
M0XCE,M0XCE,parsed,M0,,XCE,M#0XCE,,Full,
M0XCK,M0XCK,parsed,M0,,XCK,M#0XCK,,Full,
M0XFZ,M0XFZ,parsed,M0,,XFZ,M#0XFZ,,Full,
M0XGM,M0XGM,parsed,M0,,XGM,M#0XGM,,Full,
M0XJA,M0XJA,parsed,M0,,XJA,M#0XJA,,Full,
M0XLO,M0XLO,parsed,M0,,XLO,M#0XLO,,Full,
M0XZW,M0XZW,parsed,M0,,XZW,M#0XZW,,Full,
M0XZZ,M0XZZ,parsed,M0,,XZZ,M#0XZZ,,Full,
M0YAF,M0YAF,parsed,M0,,YAF,M#0YAF,,Full,
M0YAU,M0YAU,parsed,M0,,YAU,M#0YAU,,Full,
M0YKW,M0YKW,parsed,M0,,YKW,M#0YKW,,Full,
M0YPS,M0YPS,parsed,M0,,YPS,M#0YPS,,Full,
M0YQB,M0YQB,parsed,M0,,YQB,M#0YQB,,Full,
M0YRC,M0YRC,parsed,M0,,YRC,M#0YRC,,Full,
M0YTK,M0YTK,parsed,M0,,YTK,M#0YTK,,Full,
M0YTR,M0YTR,parsed,M0,,YTR,M#0YTR,,Full,
M7ACX,M7ACX,parsed,M7,,ACX,M#7ACX,,Foundation,
M7ACY,M7ACY,parsed,M7,,ACY,M#7ACY,,Foundation,
M7ACZ,M7ACZ,parsed,M7,,ACZ,M#7ACZ,,Foundation,
M7ADA,M7ADA,parsed,M7,,ADA,M#7ADA,,Foundation,
M7ADB,M7ADB,parsed,M7,,ADB,M#7ADB,,Foundation,
M7ADD,M7ADD,parsed,M7,,ADD,M#7ADD,,Foundation,
M7ADE,M7ADE,parsed,M7,,ADE,M#7ADE,,Foundation,
M7ADF,M7ADF,parsed,M7,,ADF,M#7ADF,,Foundation,
M7ADG,M7ADG,parsed,M7,,ADG,M#7ADG,,Foundation,
M7ADH,M7ADH,parsed,M7,,ADH,M#7ADH,,Foundation,
M7ADI,M7ADI,parsed,M7,,ADI,M#7ADI,,Foundation,
M7ADJ,M7ADJ,parsed,M7,,ADJ,M#7ADJ,,Foundation,
M7ADK,M7ADK,parsed,M7,,ADK,M#7ADK,,Foundation,
M7ADL,M7ADL,parsed,M7,,ADL,M#7ADL,,Foundation,
M7ADN,M7ADN,parsed,M7,,ADN,M#7ADN,,Foundation,
M7ADO,M7ADO,parsed,M7,,ADO,M#7ADO,,Foundation,
M7ADP,M7ADP,parsed,M7,,ADP,M#7ADP,,Foundation,
M7ADQ,M7ADQ,parsed,M7,,ADQ,M#7ADQ,,Foundation,
M7ADR,M7ADR,parsed,M7,,ADR,M#7ADR,,Foundation,
M7ADT,M7ADT,parsed,M7,,ADT,M#7ADT,,Foundation,
M7ADU,M7ADU,parsed,M7,,ADU,M#7ADU,,Foundation,
M7ADV,M7ADV,parsed,M7,,ADV,M#7ADV,,Foundation,
M7ADW,M7ADW,parsed,M7,,ADW,M#7ADW,,Foundation,
M7ADX,M7ADX,parsed,M7,,ADX,M#7ADX,,Foundation,
M7ADY,M7ADY,parsed,M7,,ADY,M#7ADY,,Foundation,
M7ADZ,M7ADZ,parsed,M7,,ADZ,M#7ADZ,,Foundation,
M7AFA,M7AFA,parsed,M7,,AFA,M#7AFA,,Foundation,
M7AFB,M7AFB,parsed,M7,,AFB,M#7AFB,,Foundation,
M7AFC,M7AFC,parsed,M7,,AFC,M#7AFC,,Foundation,
M7AFD,M7AFD,parsed,M7,,AFD,M#7AFD,,Foundation,
M7AFE,M7AFE,parsed,M7,,AFE,M#7AFE,,Foundation,
M7AFF,M7AFF,parsed,M7,,AFF,M#7AFF,,Foundation,
M7AFG,M7AFG,parsed,M7,,AFG,M#7AFG,,Foundation,
M7AFJ,M7AFJ,parsed,M7,,AFJ,M#7AFJ,,Foundation,
M7AFK,M7AFK,parsed,M7,,AFK,M#7AFK,,Foundation,
M7AFL,M7AFL,parsed,M7,,AFL,M#7AFL,,Foundation,
M7AFM,M7AFM,parsed,M7,,AFM,M#7AFM,,Foundation,
M7AFN,M7AFN,parsed,M7,,AFN,M#7AFN,,Foundation,
M7AFO,M7AFO,parsed,M7,,AFO,M#7AFO,,Foundation,
M7AFP,M7AFP,parsed,M7,,AFP,M#7AFP,,Foundation,
M7AFQ,M7AFQ,parsed,M7,,AFQ,M#7AFQ,,Foundation,
M7AFR,M7AFR,parsed,M7,,AFR,M#7AFR,,Foundation,
M7AFS,M7AFS,parsed,M7,,AFS,M#7AFS,,Foundation,
M7AFT,M7AFT,parsed,M7,,AFT,M#7AFT,,Foundation,
M7AFU,M7AFU,parsed,M7,,AFU,M#7AFU,,Foundation,
M7AFV,M7AFV,parsed,M7,,AFV,M#7AFV,,Foundation,
M7AFW,M7AFW,parsed,M7,,AFW,M#7AFW,,Foundation,
M7AFX,M7AFX,parsed,M7,,AFX,M#7AFX,,Foundation,
M7AII,M7AII,parsed,M7,,AII,M#7AII,,Foundation,
M7AJC,M7AJC,parsed,M7,,AJC,M#7AJC,,Foundation,
M7AJH,M7AJH,parsed,M7,,AJH,M#7AJH,,Foundation,
M7AJM,M7AJM,parsed,M7,,AJM,M#7AJM,,Foundation,
M7ALB,M7ALB,parsed,M7,,ALB,M#7ALB,,Foundation,
M7ALC,M7ALC,parsed,M7,,ALC,M#7ALC,,Foundation,
M7ALS,M7ALS,parsed,M7,,ALS,M#7ALS,,Foundation,
M7AMA,M7AMA,parsed,M7,,AMA,M#7AMA,,Foundation,
M7AMR,M7AMR,parsed,M7,,AMR,M#7AMR,,Foundation,
M7AMS,M7AMS,parsed,M7,,AMS,M#7AMS,,Foundation,
M7ANE,M7ANE,parsed,M7,,ANE,M#7ANE,,Foundation,
M7APH,M7APH,parsed,M7,,APH,M#7APH,,Foundation,
M7ARA,M7ARA,parsed,M7,,ARA,M#7ARA,,Foundation,
M7ATM,M7ATM,parsed,M7,,ATM,M#7ATM,,Foundation,
M7AVK,M7AVK,parsed,M7,,AVK,M#7AVK,,Foundation,
M7AWE,M7AWE,parsed,M7,,AWE,M#7AWE,,Foundation,
M7AYA,M7AYA,parsed,M7,,AYA,M#7AYA,,Foundation,
M7BAD,M7BAD,parsed,M7,,BAD,M#7BAD,,Foundation,
M7BAF,M7BAF,parsed,M7,,BAF,M#7BAF,,Foundation,
M7BAR,M7BAR,parsed,M7,,BAR,M#7BAR,,Foundation,
M7BAZ,M7BAZ,parsed,M7,,BAZ,M#7BAZ,,Foundation,
M7BBC,M7BBC,parsed,M7,,BBC,M#7BBC,,Foundation,
M7BCB,M7BCB,parsed,M7,,BCB,M#7BCB,,Foundation,
M7BCD,M7BCD,parsed,M7,,BCD,M#7BCD,,Foundation,
M7BDH,M7BDH,parsed,M7,,BDH,M#7BDH,,Foundation,
M7BEE,M7BEE,parsed,M7,,BEE,M#7BEE,,Foundation,
M7BGD,M7BGD,parsed,M7,,BGD,M#7BGD,,Foundation,
M7BMH,M7BMH,parsed,M7,,BMH,M#7BMH,,Foundation,
M7BMS,M7BMS,parsed,M7,,BMS,M#7BMS,,Foundation,
M7BPD,M7BPD,parsed,M7,,BPD,M#7BPD,,Foundation,
M7BSN,M7BSN,parsed,M7,,BSN,M#7BSN,,Foundation,
M7BSR,M7BSR,parsed,M7,,BSR,M#7BSR,,Foundation,
M7BSV,M7BSV,parsed,M7,,BSV,M#7BSV,,Foundation,
M7BTS,M7BTS,parsed,M7,,BTS,M#7BTS,,Foundation,
M7BTW,M7BTW,parsed,M7,,BTW,M#7BTW,,Foundation,
M7BUD,M7BUD,parsed,M7,,BUD,M#7BUD,,Foundation,
M7BXT,M7BXT,parsed,M7,,BXT,M#7BXT,,Foundation,
M7CAI,M7CAI,parsed,M7,,CAI,M#7CAI,,Foundation,
M7CAS,M7CAS,parsed,M7,,CAS,M#7CAS,,Foundation,
M7CBS,M7CBS,parsed,M7,,CBS,M#7CBS,,Foundation,
M7CCM,M7CCM,parsed,M7,,CCM,M#7CCM,,Foundation,
M7CDR,M7CDR,parsed,M7,,CDR,M#7CDR,,Foundation,
M7CES,M7CES,parsed,M7,,CES,M#7CES,,Foundation,
M7CEX,M7CEX,parsed,M7,,CEX,M#7CEX,,Foundation,
M7CFC,M7CFC,parsed,M7,,CFC,M#7CFC,,Foundation,
M7CHR,M7CHR,parsed,M7,,CHR,M#7CHR,,Foundation,
M7CIF,M7CIF,parsed,M7,,CIF,M#7CIF,,Foundation,
M7CIG,M7CIG,parsed,M7,,CIG,M#7CIG,,Foundation,
M7CIH,M7CIH,parsed,M7,,CIH,M#7CIH,,Foundation,
M7CII,M7CII,parsed,M7,,CII,M#7CII,,Foundation,
M7CIJ,M7CIJ,parsed,M7,,CIJ,M#7CIJ,,Foundation,
M7CIK,M7CIK,parsed,M7,,CIK,M#7CIK,,Foundation,
M7CIL,M7CIL,parsed,M7,,CIL,M#7CIL,,Foundation,
M7CIM,M7CIM,parsed,M7,,CIM,M#7CIM,,Foundation,
M7CIN,M7CIN,parsed,M7,,CIN,M#7CIN,,Foundation,
M7CIO,M7CIO,parsed,M7,,CIO,M#7CIO,,Foundation,
M7CIP,M7CIP,parsed,M7,,CIP,M#7CIP,,Foundation,
M7CIQ,M7CIQ,parsed,M7,,CIQ,M#7CIQ,,Foundation,
M7CIS,M7CIS,parsed,M7,,CIS,M#7CIS,,Foundation,
M7CIT,M7CIT,parsed,M7,,CIT,M#7CIT,,Foundation,
M7CIU,M7CIU,parsed,M7,,CIU,M#7CIU,,Foundation,
M7CIV,M7CIV,parsed,M7,,CIV,M#7CIV,,Foundation,
M7CIX,M7CIX,parsed,M7,,CIX,M#7CIX,,Foundation,
M7CIY,M7CIY,parsed,M7,,CIY,M#7CIY,,Foundation,
M7CIZ,M7CIZ,parsed,M7,,CIZ,M#7CIZ,,Foundation,
M7CJD,M7CJD,parsed,M7,,CJD,M#7CJD,,Foundation,
M7CJE,M7CJE,parsed,M7,,CJE,M#7CJE,,Foundation,
M7CJH,M7CJH,parsed,M7,,CJH,M#7CJH,,Foundation,
M7CJI,M7CJI,parsed,M7,,CJI,M#7CJI,,Foundation,
M7CJJ,M7CJJ,parsed,M7,,CJJ,M#7CJJ,,Foundation,
M7CJN,M7CJN,parsed,M7,,CJN,M#7CJN,,Foundation,
M7CJO,M7CJO,parsed,M7,,CJO,M#7CJO,,Foundation,
M7CJQ,M7CJQ,parsed,M7,,CJQ,M#7CJQ,,Foundation,
M7CJU,M7CJU,parsed,M7,,CJU,M#7CJU,,Foundation,
M7CJV,M7CJV,parsed,M7,,CJV,M#7CJV,,Foundation,
M7CJX,M7CJX,parsed,M7,,CJX,M#7CJX,,Foundation,
M7CJZ,M7CJZ,parsed,M7,,CJZ,M#7CJZ,,Foundation,
M7CKA,M7CKA,parsed,M7,,CKA,M#7CKA,,Foundation,
M7CKC,M7CKC,parsed,M7,,CKC,M#7CKC,,Foundation,
M7CKD,M7CKD,parsed,M7,,CKD,M#7CKD,,Foundation,
M7CKE,M7CKE,parsed,M7,,CKE,M#7CKE,,Foundation,
M7CKF,M7CKF,parsed,M7,,CKF,M#7CKF,,Foundation,
M7CKG,M7CKG,parsed,M7,,CKG,M#7CKG,,Foundation,
M7CKI,M7CKI,parsed,M7,,CKI,M#7CKI,,Foundation,
M7CKK,M7CKK,parsed,M7,,CKK,M#7CKK,,Foundation,
M7CKL,M7CKL,parsed,M7,,CKL,M#7CKL,,Foundation,
M7CKM,M7CKM,parsed,M7,,CKM,M#7CKM,,Foundation,
M7CKN,M7CKN,parsed,M7,,CKN,M#7CKN,,Foundation,
M7CKQ,M7CKQ,parsed,M7,,CKQ,M#7CKQ,,Foundation,
M7CKR,M7CKR,parsed,M7,,CKR,M#7CKR,,Foundation,
M7CKS,M7CKS,parsed,M7,,CKS,M#7CKS,,Foundation,
M7CKT,M7CKT,parsed,M7,,CKT,M#7CKT,,Foundation,
M7CKU,M7CKU,parsed,M7,,CKU,M#7CKU,,Foundation,
M7CKV,M7CKV,parsed,M7,,CKV,M#7CKV,,Foundation,
M7CKX,M7CKX,parsed,M7,,CKX,M#7CKX,,Foundation,
M7CKY,M7CKY,parsed,M7,,CKY,M#7CKY,,Foundation,
M7CKZ,M7CKZ,parsed,M7,,CKZ,M#7CKZ,,Foundation,
M7CLA,M7CLA,parsed,M7,,CLA,M#7CLA,,Foundation,
M7CLB,M7CLB,parsed,M7,,CLB,M#7CLB,,Foundation,
M7CLC,M7CLC,parsed,M7,,CLC,M#7CLC,,Foundation,
M7CLE,M7CLE,parsed,M7,,CLE,M#7CLE,,Foundation,
M7CLG,M7CLG,parsed,M7,,CLG,M#7CLG,,Foundation,
M7CLH,M7CLH,parsed,M7,,CLH,M#7CLH,,Foundation,
M7CLK,M7CLK,parsed,M7,,CLK,M#7CLK,,Foundation,
M7CLL,M7CLL,parsed,M7,,CLL,M#7CLL,,Foundation,
M7CLN,M7CLN,parsed,M7,,CLN,M#7CLN,,Foundation,
M7CLP,M7CLP,parsed,M7,,CLP,M#7CLP,,Foundation,
M7CLQ,M7CLQ,parsed,M7,,CLQ,M#7CLQ,,Foundation,
M7CLS,M7CLS,parsed,M7,,CLS,M#7CLS,,Foundation,
M7CLU,M7CLU,parsed,M7,,CLU,M#7CLU,,Foundation,
M7CLV,M7CLV,parsed,M7,,CLV,M#7CLV,,Foundation,
M7CLX,M7CLX,parsed,M7,,CLX,M#7CLX,,Foundation,
M7CME,M7CME,parsed,M7,,CME,M#7CME,,Foundation,
M7CMG,M7CMG,parsed,M7,,CMG,M#7CMG,,Foundation,
M7CMH,M7CMH,parsed,M7,,CMH,M#7CMH,,Foundation,
M7CMI,M7CMI,parsed,M7,,CMI,M#7CMI,,Foundation,
M7CMK,M7CMK,parsed,M7,,CMK,M#7CMK,,Foundation,
M7CMM,M7CMM,parsed,M7,,CMM,M#7CMM,,Foundation,
M7CMN,M7CMN,parsed,M7,,CMN,M#7CMN,,Foundation,
M7CMO,M7CMO,parsed,M7,,CMO,M#7CMO,,Foundation,
M7CMP,M7CMP,parsed,M7,,CMP,M#7CMP,,Foundation,
M7CMR,M7CMR,parsed,M7,,CMR,M#7CMR,,Foundation,
M7CPL,M7CPL,parsed,M7,,CPL,M#7CPL,,Foundation,
M7CRT,M7CRT,parsed,M7,,CRT,M#7CRT,,Foundation,
M7CSR,M7CSR,parsed,M7,,CSR,M#7CSR,,Foundation,
M7CUB,M7CUB,parsed,M7,,CUB,M#7CUB,,Foundation,
M7CWO,M7CWO,parsed,M7,,CWO,M#7CWO,,Foundation,
M7CWP,M7CWP,parsed,M7,,CWP,M#7CWP,,Foundation,
M7DAB,M7DAB,parsed,M7,,DAB,M#7DAB,,Foundation,
M7DAV,M7DAV,parsed,M7,,DAV,M#7DAV,,Foundation,
M7DBA,M7DBA,parsed,M7,,DBA,M#7DBA,,Foundation,
M7DBS,M7DBS,parsed,M7,,DBS,M#7DBS,,Foundation,
M7DCH,M7DCH,parsed,M7,,DCH,M#7DCH,,Foundation,
M7DCN,M7DCN,parsed,M7,,DCN,M#7DCN,,Foundation,
M7DCP,M7DCP,parsed,M7,,DCP,M#7DCP,,Foundation,
M7DEN,M7DEN,parsed,M7,,DEN,M#7DEN,,Foundation,
M7DER,M7DER,parsed,M7,,DER,M#7DER,,Foundation,
M7DEX,M7DEX,parsed,M7,,DEX,M#7DEX,,Foundation,
M7DFD,M7DFD,parsed,M7,,DFD,M#7DFD,,Foundation,
M7DGN,M7DGN,parsed,M7,,DGN,M#7DGN,,Foundation,
M7DHR,M7DHR,parsed,M7,,DHR,M#7DHR,,Foundation,
M7DJN,M7DJN,parsed,M7,,DJN,M#7DJN,,Foundation,
M7DKH,M7DKH,parsed,M7,,DKH,M#7DKH,,Foundation,
M7DKN,M7DKN,parsed,M7,,DKN,M#7DKN,,Foundation,
M7DLS,M7DLS,parsed,M7,,DLS,M#7DLS,,Foundation,
M7DMC,M7DMC,parsed,M7,,DMC,M#7DMC,,Foundation,
M7DMH,M7DMH,parsed,M7,,DMH,M#7DMH,,Foundation,
M7DMT,M7DMT,parsed,M7,,DMT,M#7DMT,,Foundation,
M7DOT,M7DOT,parsed,M7,,DOT,M#7DOT,,Foundation,
M7DOV,M7DOV,parsed,M7,,DOV,M#7DOV,,Foundation,
M7DPX,M7DPX,parsed,M7,,DPX,M#7DPX,,Foundation,
M7DRS,M7DRS,parsed,M7,,DRS,M#7DRS,,Foundation,
M7DSD,M7DSD,parsed,M7,,DSD,M#7DSD,,Foundation,
M7DSF,M7DSF,parsed,M7,,DSF,M#7DSF,,Foundation,
M7DSO,M7DSO,parsed,M7,,DSO,M#7DSO,,Foundation,
M7DST,M7DST,parsed,M7,,DST,M#7DST,,Foundation,
M7DTF,M7DTF,parsed,M7,,DTF,M#7DTF,,Foundation,
M7DTS,M7DTS,parsed,M7,,DTS,M#7DTS,,Foundation,
M7DUX,M7DUX,parsed,M7,,DUX,M#7DUX,,Foundation,
M7DVK,M7DVK,parsed,M7,,DVK,M#7DVK,,Foundation,
M7DZG,M7DZG,parsed,M7,,DZG,M#7DZG,,Foundation,
M7DZW,M7DZW,parsed,M7,,DZW,M#7DZW,,Foundation,
M7DZY,M7DZY,parsed,M7,,DZY,M#7DZY,,Foundation,
M7DZZ,M7DZZ,parsed,M7,,DZZ,M#7DZZ,,Foundation,
M7ECB,M7ECB,parsed,M7,,ECB,M#7ECB,,Foundation,
M7ECF,M7ECF,parsed,M7,,ECF,M#7ECF,,Foundation,
M7EDH,M7EDH,parsed,M7,,EDH,M#7EDH,,Foundation,
M7EDS,M7EDS,parsed,M7,,EDS,M#7EDS,,Foundation,
M7EEE,M7EEE,parsed,M7,,EEE,M#7EEE,,Foundation,
M7EGC,M7EGC,parsed,M7,,EGC,M#7EGC,,Foundation,
M7EGH,M7EGH,parsed,M7,,EGH,M#7EGH,,Foundation,
M7EGO,M7EGO,parsed,M7,,EGO,M#7EGO,,Foundation,
M7EHA,M7EHA,parsed,M7,,EHA,M#7EHA,,Foundation,
M7EHE,M7EHE,parsed,M7,,EHE,M#7EHE,,Foundation,
M7EIE,M7EIE,parsed,M7,,EIE,M#7EIE,,Foundation,
M7EIS,M7EIS,parsed,M7,,EIS,M#7EIS,,Foundation,
M7EKD,M7EKD,parsed,M7,,EKD,M#7EKD,,Foundation,
M7ELV,M7ELV,parsed,M7,,ELV,M#7ELV,,Foundation,
M7EMD,M7EMD,parsed,M7,,EMD,M#7EMD,,Foundation,
M7ENG,M7ENG,parsed,M7,,ENG,M#7ENG,,Foundation,
M7EPG,M7EPG,parsed,M7,,EPG,M#7EPG,,Foundation,
M7ERC,M7ERC,parsed,M7,,ERC,M#7ERC,,Foundation,
M7ERI,M7ERI,parsed,M7,,ERI,M#7ERI,,Foundation,
M7ERO,M7ERO,parsed,M7,,ERO,M#7ERO,,Foundation,
M7ERV,M7ERV,parsed,M7,,ERV,M#7ERV,,Foundation,
M7ESO,M7ESO,parsed,M7,,ESO,M#7ESO,,Foundation,
M7ESS,M7ESS,parsed,M7,,ESS,M#7ESS,,Foundation,
M7ETC,M7ETC,parsed,M7,,ETC,M#7ETC,,Foundation,
M7ETD,M7ETD,parsed,M7,,ETD,M#7ETD,,Foundation,
M7ETH,M7ETH,parsed,M7,,ETH,M#7ETH,,Foundation,
M7ETN,M7ETN,parsed,M7,,ETN,M#7ETN,,Foundation,
M7EXP,M7EXP,parsed,M7,,EXP,M#7EXP,,Foundation,
M7FAB,M7FAB,parsed,M7,,FAB,M#7FAB,,Foundation,
M7FBI,M7FBI,parsed,M7,,FBI,M#7FBI,,Foundation,
M7FCC,M7FCC,parsed,M7,,FCC,M#7FCC,,Foundation,
M7FDW,M7FDW,parsed,M7,,FDW,M#7FDW,,Foundation,
M7FER,M7FER,parsed,M7,,FER,M#7FER,,Foundation,
M7FKS,M7FKS,parsed,M7,,FKS,M#7FKS,,Foundation,
M7FOG,M7FOG,parsed,M7,,FOG,M#7FOG,,Foundation,
M7FRL,M7FRL,parsed,M7,,FRL,M#7FRL,,Foundation,
M7FUQ,M7FUQ,parsed,M7,,FUQ,M#7FUQ,,Foundation,
M7FWR,M7FWR,parsed,M7,,FWR,M#7FWR,,Foundation,
M7GAF,M7GAF,parsed,M7,,GAF,M#7GAF,,Foundation,
M7GAK,M7GAK,parsed,M7,,GAK,M#7GAK,,Foundation,
M7GAL,M7GAL,parsed,M7,,GAL,M#7GAL,,Foundation,
M7GAT,M7GAT,parsed,M7,,GAT,M#7GAT,,Foundation,
M7GBS,M7GBS,parsed,M7,,GBS,M#7GBS,,Foundation,
M7GCV,M7GCV,parsed,M7,,GCV,M#7GCV,,Foundation,
M7GDJ,M7GDJ,parsed,M7,,GDJ,M#7GDJ,,Foundation,
M7GEE,M7GEE,parsed,M7,,GEE,M#7GEE,,Foundation,
M7GEO,M7GEO,parsed,M7,,GEO,M#7GEO,,Foundation,
M7GGR,M7GGR,parsed,M7,,GGR,M#7GGR,,Foundation,
M7GHF,M7GHF,parsed,M7,,GHF,M#7GHF,,Foundation,
M7GHQ,M7GHQ,parsed,M7,,GHQ,M#7GHQ,,Foundation,
M7GHS,M7GHS,parsed,M7,,GHS,M#7GHS,,Foundation,
M7GKB,M7GKB,parsed,M7,,GKB,M#7GKB,,Foundation,
M7GKN,M7GKN,parsed,M7,,GKN,M#7GKN,,Foundation,
M7GLM,M7GLM,parsed,M7,,GLM,M#7GLM,,Foundation,
M7GNB,M7GNB,parsed,M7,,GNB,M#7GNB,,Foundation,
M7GNC,M7GNC,parsed,M7,,GNC,M#7GNC,,Foundation,
M7GNR,M7GNR,parsed,M7,,GNR,M#7GNR,,Foundation,
M7GNS,M7GNS,parsed,M7,,GNS,M#7GNS,,Foundation,
M7GNX,M7GNX,parsed,M7,,GNX,M#7GNX,,Foundation,
M7GOR,M7GOR,parsed,M7,,GOR,M#7GOR,,Foundation,
M7GOS,M7GOS,parsed,M7,,GOS,M#7GOS,,Foundation,
M7GRJ,M7GRJ,parsed,M7,,GRJ,M#7GRJ,,Foundation,
M7GRK,M7GRK,parsed,M7,,GRK,M#7GRK,,Foundation,
M7GSS,M7GSS,parsed,M7,,GSS,M#7GSS,,Foundation,
M7GUN,M7GUN,parsed,M7,,GUN,M#7GUN,,Foundation,
M7HBA,M7HBA,parsed,M7,,HBA,M#7HBA,,Foundation,
M7HBK,M7HBK,parsed,M7,,HBK,M#7HBK,,Foundation,
M7HCM,M7HCM,parsed,M7,,HCM,M#7HCM,,Foundation,
M7HCN,M7HCN,parsed,M7,,HCN,M#7HCN,,Foundation,
M7HES,M7HES,parsed,M7,,HES,M#7HES,,Foundation,
M7HGS,M7HGS,parsed,M7,,HGS,M#7HGS,,Foundation,
M7HLG,M7HLG,parsed,M7,,HLG,M#7HLG,,Foundation,
M7HLP,M7HLP,parsed,M7,,HLP,M#7HLP,,Foundation,
M7HOG,M7HOG,parsed,M7,,HOG,M#7HOG,,Foundation,
M7HPL,M7HPL,parsed,M7,,HPL,M#7HPL,,Foundation,
M7HTD,M7HTD,parsed,M7,,HTD,M#7HTD,,Foundation,
M7HTY,M7HTY,parsed,M7,,HTY,M#7HTY,,Foundation,
M7HUN,M7HUN,parsed,M7,,HUN,M#7HUN,,Foundation,
M7HUT,M7HUT,parsed,M7,,HUT,M#7HUT,,Foundation,
M7HWK,M7HWK,parsed,M7,,HWK,M#7HWK,,Foundation,
M7IAB,M7IAB,parsed,M7,,IAB,M#7IAB,,Foundation,
M7IAN,M7IAN,parsed,M7,,IAN,M#7IAN,,Foundation,
M7IBG,M7IBG,parsed,M7,,IBG,M#7IBG,,Foundation,
M7IBW,M7IBW,parsed,M7,,IBW,M#7IBW,,Foundation,
M7ICB,M7ICB,parsed,M7,,ICB,M#7ICB,,Foundation,
M7ICW,M7ICW,parsed,M7,,ICW,M#7ICW,,Foundation,
M7IEH,M7IEH,parsed,M7,,IEH,M#7IEH,,Foundation,
M7IGB,M7IGB,parsed,M7,,IGB,M#7IGB,,Foundation,
M7IGG,M7IGG,parsed,M7,,IGG,M#7IGG,,Foundation,
M7IGK,M7IGK,parsed,M7,,IGK,M#7IGK,,Foundation,
M7IGT,M7IGT,parsed,M7,,IGT,M#7IGT,,Foundation,
M7IHB,M7IHB,parsed,M7,,IHB,M#7IHB,,Foundation,
M7IHQ,M7IHQ,parsed,M7,,IHQ,M#7IHQ,,Foundation,
M7IHT,M7IHT,parsed,M7,,IHT,M#7IHT,,Foundation,
M7IHU,M7IHU,parsed,M7,,IHU,M#7IHU,,Foundation,
M7IHV,M7IHV,parsed,M7,,IHV,M#7IHV,,Foundation,
M7IHW,M7IHW,parsed,M7,,IHW,M#7IHW,,Foundation,
M7IHX,M7IHX,parsed,M7,,IHX,M#7IHX,,Foundation,
M7IHY,M7IHY,parsed,M7,,IHY,M#7IHY,,Foundation,
M7IHZ,M7IHZ,parsed,M7,,IHZ,M#7IHZ,,Foundation,
M7IIB,M7IIB,parsed,M7,,IIB,M#7IIB,,Foundation,
M7IIC,M7IIC,parsed,M7,,IIC,M#7IIC,,Foundation,
M7IID,M7IID,parsed,M7,,IID,M#7IID,,Foundation,
M7IIF,M7IIF,parsed,M7,,IIF,M#7IIF,,Foundation,
M7IIG,M7IIG,parsed,M7,,IIG,M#7IIG,,Foundation,
M7IIJ,M7IIJ,parsed,M7,,IIJ,M#7IIJ,,Foundation,
M7IIK,M7IIK,parsed,M7,,IIK,M#7IIK,,Foundation,
M7IIL,M7IIL,parsed,M7,,IIL,M#7IIL,,Foundation,
M7IIN,M7IIN,parsed,M7,,IIN,M#7IIN,,Foundation,
M7IIP,M7IIP,parsed,M7,,IIP,M#7IIP,,Foundation,
M7IIQ,M7IIQ,parsed,M7,,IIQ,M#7IIQ,,Foundation,
M7IIS,M7IIS,parsed,M7,,IIS,M#7IIS,,Foundation,
M7IIU,M7IIU,parsed,M7,,IIU,M#7IIU,,Foundation,
M7IIV,M7IIV,parsed,M7,,IIV,M#7IIV,,Foundation,
M7IIX,M7IIX,parsed,M7,,IIX,M#7IIX,,Foundation,
M7IIY,M7IIY,parsed,M7,,IIY,M#7IIY,,Foundation,
M7IJA,M7IJA,parsed,M7,,IJA,M#7IJA,,Foundation,
M7IJE,M7IJE,parsed,M7,,IJE,M#7IJE,,Foundation,
M7IJG,M7IJG,parsed,M7,,IJG,M#7IJG,,Foundation,
M7IJI,M7IJI,parsed,M7,,IJI,M#7IJI,,Foundation,
M7IJJ,M7IJJ,parsed,M7,,IJJ,M#7IJJ,,Foundation,
M7IJL,M7IJL,parsed,M7,,IJL,M#7IJL,,Foundation,
M7IJN,M7IJN,parsed,M7,,IJN,M#7IJN,,Foundation,
M7IJQ,M7IJQ,parsed,M7,,IJQ,M#7IJQ,,Foundation,
M7IJR,M7IJR,parsed,M7,,IJR,M#7IJR,,Foundation,
M7IJS,M7IJS,parsed,M7,,IJS,M#7IJS,,Foundation,
M7IJU,M7IJU,parsed,M7,,IJU,M#7IJU,,Foundation,
M7IJW,M7IJW,parsed,M7,,IJW,M#7IJW,,Foundation,
M7IJX,M7IJX,parsed,M7,,IJX,M#7IJX,,Foundation,
M7IJY,M7IJY,parsed,M7,,IJY,M#7IJY,,Foundation,
M7ILL,M7ILL,parsed,M7,,ILL,M#7ILL,,Foundation,
M7ILW,M7ILW,parsed,M7,,ILW,M#7ILW,,Foundation,
M7IMR,M7IMR,parsed,M7,,IMR,M#7IMR,,Foundation,
M7ISP,M7ISP,parsed,M7,,ISP,M#7ISP,,Foundation,
M7ITS,M7ITS,parsed,M7,,ITS,M#7ITS,,Foundation,
M7IWF,M7IWF,parsed,M7,,IWF,M#7IWF,,Foundation,
M7JAM,M7JAM,parsed,M7,,JAM,M#7JAM,,Foundation,
M7JAN,M7JAN,parsed,M7,,JAN,M#7JAN,,Foundation,
M7JAU,M7JAU,parsed,M7,,JAU,M#7JAU,,Foundation,
M7JCF,M7JCF,parsed,M7,,JCF,M#7JCF,,Foundation,
M7JCH,M7JCH,parsed,M7,,JCH,M#7JCH,,Foundation,
M7JCK,M7JCK,parsed,M7,,JCK,M#7JCK,,Foundation,
M7JDD,M7JDD,parsed,M7,,JDD,M#7JDD,,Foundation,
M7JDH,M7JDH,parsed,M7,,JDH,M#7JDH,,Foundation,
M7JDL,M7JDL,parsed,M7,,JDL,M#7JDL,,Foundation,
M7JEC,M7JEC,parsed,M7,,JEC,M#7JEC,,Foundation,
M7JEE,M7JEE,parsed,M7,,JEE,M#7JEE,,Foundation,
M7JEP,M7JEP,parsed,M7,,JEP,M#7JEP,,Foundation,
M7JFG,M7JFG,parsed,M7,,JFG,M#7JFG,,Foundation,
M7JFS,M7JFS,parsed,M7,,JFS,M#7JFS,,Foundation,
M7JGH,M7JGH,parsed,M7,,JGH,M#7JGH,,Foundation,
M7JHK,M7JHK,parsed,M7,,JHK,M#7JHK,,Foundation,
M7JHM,M7JHM,parsed,M7,,JHM,M#7JHM,,Foundation,
M7JHX,M7JHX,parsed,M7,,JHX,M#7JHX,,Foundation,
M7JJO,M7JJO,parsed,M7,,JJO,M#7JJO,,Foundation,
M7JKG,M7JKG,parsed,M7,,JKG,M#7JKG,,Foundation,
M7JKM,M7JKM,parsed,M7,,JKM,M#7JKM,,Foundation,
M7JKY,M7JKY,parsed,M7,,JKY,M#7JKY,,Foundation,
M7JLA,M7JLA,parsed,M7,,JLA,M#7JLA,,Foundation,
M7JME,M7JME,parsed,M7,,JME,M#7JME,,Foundation,
M7JMF,M7JMF,parsed,M7,,JMF,M#7JMF,,Foundation,
M7JMW,M7JMW,parsed,M7,,JMW,M#7JMW,,Foundation,
M7JNX,M7JNX,parsed,M7,,JNX,M#7JNX,,Foundation,
M7JOT,M7JOT,parsed,M7,,JOT,M#7JOT,,Foundation,
M7JOW,M7JOW,parsed,M7,,JOW,M#7JOW,,Foundation,
M7JPC,M7JPC,parsed,M7,,JPC,M#7JPC,,Foundation,
M7JPM,M7JPM,parsed,M7,,JPM,M#7JPM,,Foundation,
M7JPT,M7JPT,parsed,M7,,JPT,M#7JPT,,Foundation,
M7JPW,M7JPW,parsed,M7,,JPW,M#7JPW,,Foundation,
M7JRP,M7JRP,parsed,M7,,JRP,M#7JRP,,Foundation,
M7JVA,M7JVA,parsed,M7,,JVA,M#7JVA,,Foundation,
M7JVE,M7JVE,parsed,M7,,JVE,M#7JVE,,Foundation,
M7JVS,M7JVS,parsed,M7,,JVS,M#7JVS,,Foundation,
M7JWH,M7JWH,parsed,M7,,JWH,M#7JWH,,Foundation,
M7JYP,M7JYP,parsed,M7,,JYP,M#7JYP,,Foundation,
M7KAS,M7KAS,parsed,M7,,KAS,M#7KAS,,Foundation,
M7KBM,M7KBM,parsed,M7,,KBM,M#7KBM,,Foundation,
M7KCS,M7KCS,parsed,M7,,KCS,M#7KCS,,Foundation,
M7KDA,M7KDA,parsed,M7,,KDA,M#7KDA,,Foundation,
M7KDD,M7KDD,parsed,M7,,KDD,M#7KDD,,Foundation,
M7KDW,M7KDW,parsed,M7,,KDW,M#7KDW,,Foundation,
M7KDX,M7KDX,parsed,M7,,KDX,M#7KDX,,Foundation,
M7KEN,M7KEN,parsed,M7,,KEN,M#7KEN,,Foundation,
M7KEV,M7KEV,parsed,M7,,KEV,M#7KEV,,Foundation,
M7KFG,M7KFG,parsed,M7,,KFG,M#7KFG,,Foundation,
M7KGS,M7KGS,parsed,M7,,KGS,M#7KGS,,Foundation,
M7KHD,M7KHD,parsed,M7,,KHD,M#7KHD,,Foundation,
M7KJO,M7KJO,parsed,M7,,KJO,M#7KJO,,Foundation,
M7KJR,M7KJR,parsed,M7,,KJR,M#7KJR,,Foundation,
M7KKW,M7KKW,parsed,M7,,KKW,M#7KKW,,Foundation,
M7KKY,M7KKY,parsed,M7,,KKY,M#7KKY,,Foundation,
M7KLE,M7KLE,parsed,M7,,KLE,M#7KLE,,Foundation,
M7KLH,M7KLH,parsed,M7,,KLH,M#7KLH,,Foundation,
M7KMD,M7KMD,parsed,M7,,KMD,M#7KMD,,Foundation,
M7KML,M7KML,parsed,M7,,KML,M#7KML,,Foundation,
M7KMQ,M7KMQ,parsed,M7,,KMQ,M#7KMQ,,Foundation,
M7KNX,M7KNX,parsed,M7,,KNX,M#7KNX,,Foundation,
M7KPB,M7KPB,parsed,M7,,KPB,M#7KPB,,Foundation,
M7KRB,M7KRB,parsed,M7,,KRB,M#7KRB,,Foundation,
M7KSD,M7KSD,parsed,M7,,KSD,M#7KSD,,Foundation,
M7KSL,M7KSL,parsed,M7,,KSL,M#7KSL,,Foundation,
M7KSX,M7KSX,parsed,M7,,KSX,M#7KSX,,Foundation,
M7KTI,M7KTI,parsed,M7,,KTI,M#7KTI,,Foundation,
M7KVG,M7KVG,parsed,M7,,KVG,M#7KVG,,Foundation,
M7KWI,M7KWI,parsed,M7,,KWI,M#7KWI,,Foundation,
M7KXA,M7KXA,parsed,M7,,KXA,M#7KXA,,Foundation,
M7KXG,M7KXG,parsed,M7,,KXG,M#7KXG,,Foundation,
M7KYO,M7KYO,parsed,M7,,KYO,M#7KYO,,Foundation,
M7LAB,M7LAB,parsed,M7,,LAB,M#7LAB,,Foundation,
M7LAW,M7LAW,parsed,M7,,LAW,M#7LAW,,Foundation,
M7LCA,M7LCA,parsed,M7,,LCA,M#7LCA,,Foundation,
M7LCC,M7LCC,parsed,M7,,LCC,M#7LCC,,Foundation,
M7LDR,M7LDR,parsed,M7,,LDR,M#7LDR,,Foundation,
M7LEE,M7LEE,parsed,M7,,LEE,M#7LEE,,Foundation,
M7LEV,M7LEV,parsed,M7,,LEV,M#7LEV,,Foundation,
M7LGC,M7LGC,parsed,M7,,LGC,M#7LGC,,Foundation,
M7LKG,M7LKG,parsed,M7,,LKG,M#7LKG,,Foundation,
M7LLG,M7LLG,parsed,M7,,LLG,M#7LLG,,Foundation,
M7LLP,M7LLP,parsed,M7,,LLP,M#7LLP,,Foundation,
M7LMW,M7LMW,parsed,M7,,LMW,M#7LMW,,Foundation,
M7LOK,M7LOK,parsed,M7,,LOK,M#7LOK,,Foundation,
M7LOL,M7LOL,parsed,M7,,LOL,M#7LOL,,Foundation,
M7LPE,M7LPE,parsed,M7,,LPE,M#7LPE,,Foundation,
M7LPO,M7LPO,parsed,M7,,LPO,M#7LPO,,Foundation,
M7LSB,M7LSB,parsed,M7,,LSB,M#7LSB,,Foundation,
M7LVR,M7LVR,parsed,M7,,LVR,M#7LVR,,Foundation,
M7LWT,M7LWT,parsed,M7,,LWT,M#7LWT,,Foundation,
M7LYD,M7LYD,parsed,M7,,LYD,M#7LYD,,Foundation,
M7MAC,M7MAC,parsed,M7,,MAC,M#7MAC,,Foundation,
M7MAJ,M7MAJ,parsed,M7,,MAJ,M#7MAJ,,Foundation,
M7MAO,M7MAO,parsed,M7,,MAO,M#7MAO,,Foundation,
M7MAZ,M7MAZ,parsed,M7,,MAZ,M#7MAZ,,Foundation,
M7MBR,M7MBR,parsed,M7,,MBR,M#7MBR,,Foundation,
M7MCD,M7MCD,parsed,M7,,MCD,M#7MCD,,Foundation,
M7MCQ,M7MCQ,parsed,M7,,MCQ,M#7MCQ,,Foundation,
M7MCR,M7MCR,parsed,M7,,MCR,M#7MCR,,Foundation,
M7MCV,M7MCV,parsed,M7,,MCV,M#7MCV,,Foundation,
M7MDH,M7MDH,parsed,M7,,MDH,M#7MDH,,Foundation,
M7MDV,M7MDV,parsed,M7,,MDV,M#7MDV,,Foundation,
M7MEH,M7MEH,parsed,M7,,MEH,M#7MEH,,Foundation,
M7MEP,M7MEP,parsed,M7,,MEP,M#7MEP,,Foundation,
M7MFH,M7MFH,parsed,M7,,MFH,M#7MFH,,Foundation,
M7MGO,M7MGO,parsed,M7,,MGO,M#7MGO,,Foundation,
M7MGY,M7MGY,parsed,M7,,MGY,M#7MGY,,Foundation,
M7MIK,M7MIK,parsed,M7,,MIK,M#7MIK,,Foundation,
M7MJC,M7MJC,parsed,M7,,MJC,M#7MJC,,Foundation,
M7MKO,M7MKO,parsed,M7,,MKO,M#7MKO,,Foundation,
M7MKR,M7MKR,parsed,M7,,MKR,M#7MKR,,Foundation,
M7MNS,M7MNS,parsed,M7,,MNS,M#7MNS,,Foundation,
M7MNY,M7MNY,parsed,M7,,MNY,M#7MNY,,Foundation,
M7MOP,M7MOP,parsed,M7,,MOP,M#7MOP,,Foundation,
M7MPA,M7MPA,parsed,M7,,MPA,M#7MPA,,Foundation,
M7MPS,M7MPS,parsed,M7,,MPS,M#7MPS,,Foundation,
M7MQM,M7MQM,parsed,M7,,MQM,M#7MQM,,Foundation,
M7MRB,M7MRB,parsed,M7,,MRB,M#7MRB,,Foundation,
M7MRG,M7MRG,parsed,M7,,MRG,M#7MRG,,Foundation,
M7MRM,M7MRM,parsed,M7,,MRM,M#7MRM,,Foundation,
M7MSB,M7MSB,parsed,M7,,MSB,M#7MSB,,Foundation,
M7MSH,M7MSH,parsed,M7,,MSH,M#7MSH,,Foundation,
M7MSJ,M7MSJ,parsed,M7,,MSJ,M#7MSJ,,Foundation,
M7MSQ,M7MSQ,parsed,M7,,MSQ,M#7MSQ,,Foundation,
M7MTE,M7MTE,parsed,M7,,MTE,M#7MTE,,Foundation,
M7MUK,M7MUK,parsed,M7,,MUK,M#7MUK,,Foundation,
M7MVC,M7MVC,parsed,M7,,MVC,M#7MVC,,Foundation,
M7MWH,M7MWH,parsed,M7,,MWH,M#7MWH,,Foundation,
M7MYM,M7MYM,parsed,M7,,MYM,M#7MYM,,Foundation,
M7MYU,M7MYU,parsed,M7,,MYU,M#7MYU,,Foundation,
M7NAV,M7NAV,parsed,M7,,NAV,M#7NAV,,Foundation,
M7NBZ,M7NBZ,parsed,M7,,NBZ,M#7NBZ,,Foundation,
M7NDL,M7NDL,parsed,M7,,NDL,M#7NDL,,Foundation,
M7NEL,M7NEL,parsed,M7,,NEL,M#7NEL,,Foundation,
M7NEW,M7NEW,parsed,M7,,NEW,M#7NEW,,Foundation,
M7NHG,M7NHG,parsed,M7,,NHG,M#7NHG,,Foundation,
M7NIK,M7NIK,parsed,M7,,NIK,M#7NIK,,Foundation,
M7NIR,M7NIR,parsed,M7,,NIR,M#7NIR,,Foundation,
M7NKD,M7NKD,parsed,M7,,NKD,M#7NKD,,Foundation,
M7NLK,M7NLK,parsed,M7,,NLK,M#7NLK,,Foundation,
M7NOG,M7NOG,parsed,M7,,NOG,M#7NOG,,Foundation,
M7NOT,M7NOT,parsed,M7,,NOT,M#7NOT,,Foundation,
M7NPB,M7NPB,parsed,M7,,NPB,M#7NPB,,Foundation,
M7NRD,M7NRD,parsed,M7,,NRD,M#7NRD,,Foundation,
M7NRF,M7NRF,parsed,M7,,NRF,M#7NRF,,Foundation,
M7NRT,M7NRT,parsed,M7,,NRT,M#7NRT,,Foundation,
M7NTL,M7NTL,parsed,M7,,NTL,M#7NTL,,Foundation,
M7NUG,M7NUG,parsed,M7,,NUG,M#7NUG,,Foundation,
M7NXF,M7NXF,parsed,M7,,NXF,M#7NXF,,Foundation,
M7NYE,M7NYE,parsed,M7,,NYE,M#7NYE,,Foundation,
M7NZP,M7NZP,parsed,M7,,NZP,M#7NZP,,Foundation,
M7OBE,M7OBE,parsed,M7,,OBE,M#7OBE,,Foundation,
M7ODF,M7ODF,parsed,M7,,ODF,M#7ODF,,Foundation,
M7ODV,M7ODV,parsed,M7,,ODV,M#7ODV,,Foundation,
M7OHS,M7OHS,parsed,M7,,OHS,M#7OHS,,Foundation,
M7OJW,M7OJW,parsed,M7,,OJW,M#7OJW,,Foundation,
M7OKO,M7OKO,parsed,M7,,OKO,M#7OKO,,Foundation,
M7OLO,M7OLO,parsed,M7,,OLO,M#7OLO,,Foundation,
M7ONI,M7ONI,parsed,M7,,ONI,M#7ONI,,Foundation,
M7OOK,M7OOK,parsed,M7,,OOK,M#7OOK,,Foundation,
M7OOP,M7OOP,parsed,M7,,OOP,M#7OOP,,Foundation,
M7OPN,M7OPN,parsed,M7,,OPN,M#7OPN,,Foundation,
M7OSM,M7OSM,parsed,M7,,OSM,M#7OSM,,Foundation,
M7OTG,M7OTG,parsed,M7,,OTG,M#7OTG,,Foundation,
M7OUS,M7OUS,parsed,M7,,OUS,M#7OUS,,Foundation,
M7OXW,M7OXW,parsed,M7,,OXW,M#7OXW,,Foundation,
M7OYL,M7OYL,parsed,M7,,OYL,M#7OYL,,Foundation,
M7PAS,M7PAS,parsed,M7,,PAS,M#7PAS,,Foundation,
M7PBA,M7PBA,parsed,M7,,PBA,M#7PBA,,Foundation,
M7PBR,M7PBR,parsed,M7,,PBR,M#7PBR,,Foundation,
M7PBW,M7PBW,parsed,M7,,PBW,M#7PBW,,Foundation,
M7PCO,M7PCO,parsed,M7,,PCO,M#7PCO,,Foundation,
M7PCR,M7PCR,parsed,M7,,PCR,M#7PCR,,Foundation,
M7PDC,M7PDC,parsed,M7,,PDC,M#7PDC,,Foundation,
M7PDM,M7PDM,parsed,M7,,PDM,M#7PDM,,Foundation,
M7PEZ,M7PEZ,parsed,M7,,PEZ,M#7PEZ,,Foundation,
M7PFO,M7PFO,parsed,M7,,PFO,M#7PFO,,Foundation,
M7PFS,M7PFS,parsed,M7,,PFS,M#7PFS,,Foundation,
M7PFZ,M7PFZ,parsed,M7,,PFZ,M#7PFZ,,Foundation,
M7PGD,M7PGD,parsed,M7,,PGD,M#7PGD,,Foundation,
M7PGH,M7PGH,parsed,M7,,PGH,M#7PGH,,Foundation,
M7PJT,M7PJT,parsed,M7,,PJT,M#7PJT,,Foundation,
M7PKB,M7PKB,parsed,M7,,PKB,M#7PKB,,Foundation,
M7PKW,M7PKW,parsed,M7,,PKW,M#7PKW,,Foundation,
M7PMO,M7PMO,parsed,M7,,PMO,M#7PMO,,Foundation,
M7POE,M7POE,parsed,M7,,POE,M#7POE,,Foundation,
M7POW,M7POW,parsed,M7,,POW,M#7POW,,Foundation,
M7PRC,M7PRC,parsed,M7,,PRC,M#7PRC,,Foundation,
M7PRI,M7PRI,parsed,M7,,PRI,M#7PRI,,Foundation,
M7PRW,M7PRW,parsed,M7,,PRW,M#7PRW,,Foundation,
M7PSI,M7PSI,parsed,M7,,PSI,M#7PSI,,Foundation,
M7PSM,M7PSM,parsed,M7,,PSM,M#7PSM,,Foundation,
M7PUH,M7PUH,parsed,M7,,PUH,M#7PUH,,Foundation,
M7PVM,M7PVM,parsed,M7,,PVM,M#7PVM,,Foundation,
M7PWC,M7PWC,parsed,M7,,PWC,M#7PWC,,Foundation,
M7PXG,M7PXG,parsed,M7,,PXG,M#7PXG,,Foundation,
M7PYF,M7PYF,parsed,M7,,PYF,M#7PYF,,Foundation,
M7RAD,M7RAD,parsed,M7,,RAD,M#7RAD,,Foundation,
M7RBW,M7RBW,parsed,M7,,RBW,M#7RBW,,Foundation,
M7RCB,M7RCB,parsed,M7,,RCB,M#7RCB,,Foundation,
M7RDD,M7RDD,parsed,M7,,RDD,M#7RDD,,Foundation,
M7RDW,M7RDW,parsed,M7,,RDW,M#7RDW,,Foundation,
M7REM,M7REM,parsed,M7,,REM,M#7REM,,Foundation,
M7RGB,M7RGB,parsed,M7,,RGB,M#7RGB,,Foundation,
M7RGX,M7RGX,parsed,M7,,RGX,M#7RGX,,Foundation,
M7RIG,M7RIG,parsed,M7,,RIG,M#7RIG,,Foundation,
M7RJE,M7RJE,parsed,M7,,RJE,M#7RJE,,Foundation,
M7RJH,M7RJH,parsed,M7,,RJH,M#7RJH,,Foundation,
M7RJL,M7RJL,parsed,M7,,RJL,M#7RJL,,Foundation,
M7RJM,M7RJM,parsed,M7,,RJM,M#7RJM,,Foundation,
M7RJO,M7RJO,parsed,M7,,RJO,M#7RJO,,Foundation,
M7RJW,M7RJW,parsed,M7,,RJW,M#7RJW,,Foundation,
M7RLK,M7RLK,parsed,M7,,RLK,M#7RLK,,Foundation,
M7RMB,M7RMB,parsed,M7,,RMB,M#7RMB,,Foundation,
M7RMD,M7RMD,parsed,M7,,RMD,M#7RMD,,Foundation,
M7RMY,M7RMY,parsed,M7,,RMY,M#7RMY,,Foundation,
M7RNC,M7RNC,parsed,M7,,RNC,M#7RNC,,Foundation,
M7RNN,M7RNN,parsed,M7,,RNN,M#7RNN,,Foundation,
M7RNS,M7RNS,parsed,M7,,RNS,M#7RNS,,Foundation,
M7ROS,M7ROS,parsed,M7,,ROS,M#7ROS,,Foundation,
M7RSB,M7RSB,parsed,M7,,RSB,M#7RSB,,Foundation,
M7RSD,M7RSD,parsed,M7,,RSD,M#7RSD,,Foundation,
M7RSF,M7RSF,parsed,M7,,RSF,M#7RSF,,Foundation,
M7RSN,M7RSN,parsed,M7,,RSN,M#7RSN,,Foundation,
M7RTX,M7RTX,parsed,M7,,RTX,M#7RTX,,Foundation,
M7RYB,M7RYB,parsed,M7,,RYB,M#7RYB,,Foundation,
M7RZT,M7RZT,parsed,M7,,RZT,M#7RZT,,Foundation,
M7SAA,M7SAA,parsed,M7,,SAA,M#7SAA,,Foundation,
M7SAF,M7SAF,parsed,M7,,SAF,M#7SAF,,Foundation,
M7SBI,M7SBI,parsed,M7,,SBI,M#7SBI,,Foundation,
M7SCW,M7SCW,parsed,M7,,SCW,M#7SCW,,Foundation,
M7SDL,M7SDL,parsed,M7,,SDL,M#7SDL,,Foundation,
M7SDP,M7SDP,parsed,M7,,SDP,M#7SDP,,Foundation,
M7SDS,M7SDS,parsed,M7,,SDS,M#7SDS,,Foundation,
M7SET,M7SET,parsed,M7,,SET,M#7SET,,Foundation,
M7SEV,M7SEV,parsed,M7,,SEV,M#7SEV,,Foundation,
M7SIF,M7SIF,parsed,M7,,SIF,M#7SIF,,Foundation,
M7SJF,M7SJF,parsed,M7,,SJF,M#7SJF,,Foundation,
M7SKV,M7SKV,parsed,M7,,SKV,M#7SKV,,Foundation,
M7SLJ,M7SLJ,parsed,M7,,SLJ,M#7SLJ,,Foundation,
M7SLW,M7SLW,parsed,M7,,SLW,M#7SLW,,Foundation,
M7SLZ,M7SLZ,parsed,M7,,SLZ,M#7SLZ,,Foundation,
M7SMD,M7SMD,parsed,M7,,SMD,M#7SMD,,Foundation,
M7SME,M7SME,parsed,M7,,SME,M#7SME,,Foundation,
M7SMJ,M7SMJ,parsed,M7,,SMJ,M#7SMJ,,Foundation,
M7SMM,M7SMM,parsed,M7,,SMM,M#7SMM,,Foundation,
M7SMR,M7SMR,parsed,M7,,SMR,M#7SMR,,Foundation,
M7SND,M7SND,parsed,M7,,SND,M#7SND,,Foundation,
M7SNS,M7SNS,parsed,M7,,SNS,M#7SNS,,Foundation,
M7SPB,M7SPB,parsed,M7,,SPB,M#7SPB,,Foundation,
M7SPO,M7SPO,parsed,M7,,SPO,M#7SPO,,Foundation,
M7SQN,M7SQN,parsed,M7,,SQN,M#7SQN,,Foundation,
M7SRB,M7SRB,parsed,M7,,SRB,M#7SRB,,Foundation,
M7SRC,M7SRC,parsed,M7,,SRC,M#7SRC,,Foundation,
M7STH,M7STH,parsed,M7,,STH,M#7STH,,Foundation,
M7SUN,M7SUN,parsed,M7,,SUN,M#7SUN,,Foundation,
M7SWJ,M7SWJ,parsed,M7,,SWJ,M#7SWJ,,Foundation,
M7SWR,M7SWR,parsed,M7,,SWR,M#7SWR,,Foundation,
M7SWT,M7SWT,parsed,M7,,SWT,M#7SWT,,Foundation,
M7SXA,M7SXA,parsed,M7,,SXA,M#7SXA,,Foundation,
M7SYD,M7SYD,parsed,M7,,SYD,M#7SYD,,Foundation,
M7SYR,M7SYR,parsed,M7,,SYR,M#7SYR,,Foundation,
M7SZB,M7SZB,parsed,M7,,SZB,M#7SZB,,Foundation,
M7SZK,M7SZK,parsed,M7,,SZK,M#7SZK,,Foundation,
M7SZR,M7SZR,parsed,M7,,SZR,M#7SZR,,Foundation,
M7TAJ,M7TAJ,parsed,M7,,TAJ,M#7TAJ,,Foundation,
M7TAN,M7TAN,parsed,M7,,TAN,M#7TAN,,Foundation,
M7TBZ,M7TBZ,parsed,M7,,TBZ,M#7TBZ,,Foundation,
M7TCG,M7TCG,parsed,M7,,TCG,M#7TCG,,Foundation,
M7TCU,M7TCU,parsed,M7,,TCU,M#7TCU,,Foundation,
M7TCV,M7TCV,parsed,M7,,TCV,M#7TCV,,Foundation,
M7TCW,M7TCW,parsed,M7,,TCW,M#7TCW,,Foundation,
M7TCX,M7TCX,parsed,M7,,TCX,M#7TCX,,Foundation,
M7TED,M7TED,parsed,M7,,TED,M#7TED,,Foundation,
M7TEL,M7TEL,parsed,M7,,TEL,M#7TEL,,Foundation,
M7TER,M7TER,parsed,M7,,TER,M#7TER,,Foundation,
M7THX,M7THX,parsed,M7,,THX,M#7THX,,Foundation,
M7TJC,M7TJC,parsed,M7,,TJC,M#7TJC,,Foundation,
M7TLJ,M7TLJ,parsed,M7,,TLJ,M#7TLJ,,Foundation,
M7TMP,M7TMP,parsed,M7,,TMP,M#7TMP,,Foundation,
M7TNT,M7TNT,parsed,M7,,TNT,M#7TNT,,Foundation,
M7TOB,M7TOB,parsed,M7,,TOB,M#7TOB,,Foundation,
M7TOW,M7TOW,parsed,M7,,TOW,M#7TOW,,Foundation,
M7TRH,M7TRH,parsed,M7,,TRH,M#7TRH,,Foundation,
M7TRI,M7TRI,parsed,M7,,TRI,M#7TRI,,Foundation,
M7TRW,M7TRW,parsed,M7,,TRW,M#7TRW,,Foundation,
M7TTM,M7TTM,parsed,M7,,TTM,M#7TTM,,Foundation,
M7TUX,M7TUX,parsed,M7,,TUX,M#7TUX,,Foundation,
M7TVH,M7TVH,parsed,M7,,TVH,M#7TVH,,Foundation,
M7TVR,M7TVR,parsed,M7,,TVR,M#7TVR,,Foundation,
M7TWB,M7TWB,parsed,M7,,TWB,M#7TWB,,Foundation,
M7TWH,M7TWH,parsed,M7,,TWH,M#7TWH,,Foundation,
M7TWO,M7TWO,parsed,M7,,TWO,M#7TWO,,Foundation,
M7TXE,M7TXE,parsed,M7,,TXE,M#7TXE,,Foundation,
M7TYK,M7TYK,parsed,M7,,TYK,M#7TYK,,Foundation,
M7TYT,M7TYT,parsed,M7,,TYT,M#7TYT,,Foundation,
M7TZM,M7TZM,parsed,M7,,TZM,M#7TZM,,Foundation,
M7UEL,M7UEL,parsed,M7,,UEL,M#7UEL,,Foundation,
M7UHF,M7UHF,parsed,M7,,UHF,M#7UHF,,Foundation,
M7UKE,M7UKE,parsed,M7,,UKE,M#7UKE,,Foundation,
M7UKV,M7UKV,parsed,M7,,UKV,M#7UKV,,Foundation,
M7UNE,M7UNE,parsed,M7,,UNE,M#7UNE,,Foundation,
M7USE,M7USE,parsed,M7,,USE,M#7USE,,Foundation,
M7USL,M7USL,parsed,M7,,USL,M#7USL,,Foundation,
M7UXA,M7UXA,parsed,M7,,UXA,M#7UXA,,Foundation,
M7VCC,M7VCC,parsed,M7,,VCC,M#7VCC,,Foundation,
M7VCF,M7VCF,parsed,M7,,VCF,M#7VCF,,Foundation,
M7VLT,M7VLT,parsed,M7,,VLT,M#7VLT,,Foundation,
M7VMS,M7VMS,parsed,M7,,VMS,M#7VMS,,Foundation,
M7VNC,M7VNC,parsed,M7,,VNC,M#7VNC,,Foundation,
M7VNG,M7VNG,parsed,M7,,VNG,M#7VNG,,Foundation,
M7VOX,M7VOX,parsed,M7,,VOX,M#7VOX,,Foundation,
M7VPD,M7VPD,parsed,M7,,VPD,M#7VPD,,Foundation,
M7VPN,M7VPN,parsed,M7,,VPN,M#7VPN,,Foundation,
M7VSG,M7VSG,parsed,M7,,VSG,M#7VSG,,Foundation,
M7VXW,M7VXW,parsed,M7,,VXW,M#7VXW,,Foundation,
M7WAB,M7WAB,parsed,M7,,WAB,M#7WAB,,Foundation,
M7WAR,M7WAR,parsed,M7,,WAR,M#7WAR,,Foundation,
M7WAY,M7WAY,parsed,M7,,WAY,M#7WAY,,Foundation,
M7WDD,M7WDD,parsed,M7,,WDD,M#7WDD,,Foundation,
M7WGR,M7WGR,parsed,M7,,WGR,M#7WGR,,Foundation,
M7WIG,M7WIG,parsed,M7,,WIG,M#7WIG,,Foundation,
M7WIK,M7WIK,parsed,M7,,WIK,M#7WIK,,Foundation,
M7WIT,M7WIT,parsed,M7,,WIT,M#7WIT,,Foundation,
M7WJA,M7WJA,parsed,M7,,WJA,M#7WJA,,Foundation,
M7WJD,M7WJD,parsed,M7,,WJD,M#7WJD,,Foundation,
M7WKD,M7WKD,parsed,M7,,WKD,M#7WKD,,Foundation,
M7WLF,M7WLF,parsed,M7,,WLF,M#7WLF,,Foundation,
M7WMG,M7WMG,parsed,M7,,WMG,M#7WMG,,Foundation,
M7WOA,M7WOA,parsed,M7,,WOA,M#7WOA,,Foundation,
M7WOO,M7WOO,parsed,M7,,WOO,M#7WOO,,Foundation,
M7WRZ,M7WRZ,parsed,M7,,WRZ,M#7WRZ,,Foundation,
M7WSL,M7WSL,parsed,M7,,WSL,M#7WSL,,Foundation,
M7WTC,M7WTC,parsed,M7,,WTC,M#7WTC,,Foundation,
M7WXD,M7WXD,parsed,M7,,WXD,M#7WXD,,Foundation,
M7XAB,M7XAB,parsed,M7,,XAB,M#7XAB,,Foundation,
M7XDD,M7XDD,parsed,M7,,XDD,M#7XDD,,Foundation,
M7XEL,M7XEL,parsed,M7,,XEL,M#7XEL,,Foundation,
M7XFM,M7XFM,parsed,M7,,XFM,M#7XFM,,Foundation,
M7XGP,M7XGP,parsed,M7,,XGP,M#7XGP,,Foundation,
M7XJP,M7XJP,parsed,M7,,XJP,M#7XJP,,Foundation,
M7XKX,M7XKX,parsed,M7,,XKX,M#7XKX,,Foundation,
M7XLT,M7XLT,parsed,M7,,XLT,M#7XLT,,Foundation,
M7XLY,M7XLY,parsed,M7,,XLY,M#7XLY,,Foundation,
M7XNC,M7XNC,parsed,M7,,XNC,M#7XNC,,Foundation,
M7XPZ,M7XPZ,parsed,M7,,XPZ,M#7XPZ,,Foundation,
M7XRC,M7XRC,parsed,M7,,XRC,M#7XRC,,Foundation,
M7XRI,M7XRI,parsed,M7,,XRI,M#7XRI,,Foundation,
M7XRN,M7XRN,parsed,M7,,XRN,M#7XRN,,Foundation,
M7YAY,M7YAY,parsed,M7,,YAY,M#7YAY,,Foundation,
M7YCA,M7YCA,parsed,M7,,YCA,M#7YCA,,Foundation,
M7YDW,M7YDW,parsed,M7,,YDW,M#7YDW,,Foundation,
M7YFZ,M7YFZ,parsed,M7,,YFZ,M#7YFZ,,Foundation,
M7YHI,M7YHI,parsed,M7,,YHI,M#7YHI,,Foundation,
M7YOL,M7YOL,parsed,M7,,YOL,M#7YOL,,Foundation,
M7YRU,M7YRU,parsed,M7,,YRU,M#7YRU,,Foundation,
M7YTO,M7YTO,parsed,M7,,YTO,M#7YTO,,Foundation,
M7YTW,M7YTW,parsed,M7,,YTW,M#7YTW,,Foundation,
M7YUK,M7YUK,parsed,M7,,YUK,M#7YUK,,Foundation,
